station id, station name, valid,povp. T [°C],povp. rel. vla. [%],količina padavin [mm]
_1828,LJUBLJANA - BEŽIGRAD,2022-08-01 00:00,20.9,64,0
_1828,LJUBLJANA - BEŽIGRAD,2022-08-01 00:10,20.7,66,
_1828,LJUBLJANA - BEŽIGRAD,2022-08-01 00:20,20.5,66,
_1828,LJUBLJANA - BEŽIGRAD,2022-08-01 00:30,20.3,67,0
_1828,LJUBLJANA - BEŽIGRAD,2022-08-01 00:40,20.3,68,
_1828,LJUBLJANA - BEŽIGRAD,2022-08-01 00:50,20.2,69,
_1828,LJUBLJANA - BEŽIGRAD,2022-08-01 01:00,20.2,69,0
_1828,LJUBLJANA - BEŽIGRAD,2022-08-01 01:10,20.5,67,
_1828,LJUBLJANA - BEŽIGRAD,2022-08-01 01:20,20.6,66,
_1828,LJUBLJANA - BEŽIGRAD,2022-08-01 01:30,20.6,66,0
_1828,LJUBLJANA - BEŽIGRAD,2022-08-01 01:40,20.5,67,
_1828,LJUBLJANA - BEŽIGRAD,2022-08-01 01:50,20.1,68,
_1828,LJUBLJANA - BEŽIGRAD,2022-08-01 02:00,19.9,70,0
_1828,LJUBLJANA - BEŽIGRAD,2022-08-01 02:10,19.9,69,
_1828,LJUBLJANA - BEŽIGRAD,2022-08-01 02:20,19.9,69,
_1828,LJUBLJANA - BEŽIGRAD,2022-08-01 02:30,19.9,69,0
_1828,LJUBLJANA - BEŽIGRAD,2022-08-01 02:40,19.9,69,
_1828,LJUBLJANA - BEŽIGRAD,2022-08-01 02:50,19.8,69,
_1828,LJUBLJANA - BEŽIGRAD,2022-08-01 03:00,19.7,69,0
_1828,LJUBLJANA - BEŽIGRAD,2022-08-01 03:10,19.7,70,
_1828,LJUBLJANA - BEŽIGRAD,2022-08-01 03:20,19.6,71,
_1828,LJUBLJANA - BEŽIGRAD,2022-08-01 03:30,19.4,71,0
_1828,LJUBLJANA - BEŽIGRAD,2022-08-01 03:40,19.3,71,
_1828,LJUBLJANA - BEŽIGRAD,2022-08-01 03:50,19.3,70,
_1828,LJUBLJANA - BEŽIGRAD,2022-08-01 04:00,19.3,69,0
_1828,LJUBLJANA - BEŽIGRAD,2022-08-01 04:10,19.2,68,
_1828,LJUBLJANA - BEŽIGRAD,2022-08-01 04:20,19.1,70,
_1828,LJUBLJANA - BEŽIGRAD,2022-08-01 04:30,18.9,72,0
_1828,LJUBLJANA - BEŽIGRAD,2022-08-01 04:40,18.8,73,
_1828,LJUBLJANA - BEŽIGRAD,2022-08-01 04:50,18.8,73,
_1828,LJUBLJANA - BEŽIGRAD,2022-08-01 05:00,18.8,72,0
_1828,LJUBLJANA - BEŽIGRAD,2022-08-01 05:10,18.7,72,
_1828,LJUBLJANA - BEŽIGRAD,2022-08-01 05:20,18.7,73,
_1828,LJUBLJANA - BEŽIGRAD,2022-08-01 05:30,18.6,74,0
_1828,LJUBLJANA - BEŽIGRAD,2022-08-01 05:40,18.6,74,
_1828,LJUBLJANA - BEŽIGRAD,2022-08-01 05:50,18.6,74,
_1828,LJUBLJANA - BEŽIGRAD,2022-08-01 06:00,18.6,74,0
_1828,LJUBLJANA - BEŽIGRAD,2022-08-01 06:10,18.8,74,
_1828,LJUBLJANA - BEŽIGRAD,2022-08-01 06:20,19.3,71,
_1828,LJUBLJANA - BEŽIGRAD,2022-08-01 06:30,19.7,71,0
_1828,LJUBLJANA - BEŽIGRAD,2022-08-01 06:40,19.9,69,
_1828,LJUBLJANA - BEŽIGRAD,2022-08-01 06:50,20.1,69,
_1828,LJUBLJANA - BEŽIGRAD,2022-08-01 07:00,20.4,68,0
_1828,LJUBLJANA - BEŽIGRAD,2022-08-01 07:10,20.8,67,
_1828,LJUBLJANA - BEŽIGRAD,2022-08-01 07:20,20.8,66,
_1828,LJUBLJANA - BEŽIGRAD,2022-08-01 07:30,21.3,64,0
_1828,LJUBLJANA - BEŽIGRAD,2022-08-01 07:40,21.5,62,
_1828,LJUBLJANA - BEŽIGRAD,2022-08-01 07:50,21.9,61,
_1828,LJUBLJANA - BEŽIGRAD,2022-08-01 08:00,22.4,59,0
_1828,LJUBLJANA - BEŽIGRAD,2022-08-01 08:10,22.5,58,
_1828,LJUBLJANA - BEŽIGRAD,2022-08-01 08:20,22.6,57,
_1828,LJUBLJANA - BEŽIGRAD,2022-08-01 08:30,23.1,56,0
_1828,LJUBLJANA - BEŽIGRAD,2022-08-01 08:40,23.4,54,
_1828,LJUBLJANA - BEŽIGRAD,2022-08-01 08:50,23.9,52,
_1828,LJUBLJANA - BEŽIGRAD,2022-08-01 09:00,24.5,49,0
_1828,LJUBLJANA - BEŽIGRAD,2022-08-01 09:10,24.6,48,
_1828,LJUBLJANA - BEŽIGRAD,2022-08-01 09:20,25.3,46,
_1828,LJUBLJANA - BEŽIGRAD,2022-08-01 09:30,25.7,45,0
_1828,LJUBLJANA - BEŽIGRAD,2022-08-01 09:40,26.1,45,
_1828,LJUBLJANA - BEŽIGRAD,2022-08-01 09:50,26.2,45,
_1828,LJUBLJANA - BEŽIGRAD,2022-08-01 10:00,26.9,43,0
_1828,LJUBLJANA - BEŽIGRAD,2022-08-01 10:10,27.6,41,
_1828,LJUBLJANA - BEŽIGRAD,2022-08-01 10:20,28,40,
_1828,LJUBLJANA - BEŽIGRAD,2022-08-01 10:30,28.3,40,0
_1828,LJUBLJANA - BEŽIGRAD,2022-08-01 10:40,28.7,39,
_1828,LJUBLJANA - BEŽIGRAD,2022-08-01 10:50,29.4,38,
_1828,LJUBLJANA - BEŽIGRAD,2022-08-01 11:00,29.8,37,0
_1828,LJUBLJANA - BEŽIGRAD,2022-08-01 11:10,29.4,37,
_1828,LJUBLJANA - BEŽIGRAD,2022-08-01 11:20,29.5,37,
_1828,LJUBLJANA - BEŽIGRAD,2022-08-01 11:30,30.3,36,0
_1828,LJUBLJANA - BEŽIGRAD,2022-08-01 11:40,30.3,36,
_1828,LJUBLJANA - BEŽIGRAD,2022-08-01 11:50,30.7,34,
_1828,LJUBLJANA - BEŽIGRAD,2022-08-01 12:00,31.1,33,0
_1828,LJUBLJANA - BEŽIGRAD,2022-08-01 12:10,31.2,28,
_1828,LJUBLJANA - BEŽIGRAD,2022-08-01 12:20,30.9,31,
_1828,LJUBLJANA - BEŽIGRAD,2022-08-01 12:30,30.6,31,0
_1828,LJUBLJANA - BEŽIGRAD,2022-08-01 12:40,30.5,31,
_1828,LJUBLJANA - BEŽIGRAD,2022-08-01 12:50,30.5,31,
_1828,LJUBLJANA - BEŽIGRAD,2022-08-01 13:00,29.7,35,0
_1828,LJUBLJANA - BEŽIGRAD,2022-08-01 13:10,28.1,37,
_1828,LJUBLJANA - BEŽIGRAD,2022-08-01 13:20,28.6,34,
_1828,LJUBLJANA - BEŽIGRAD,2022-08-01 13:30,29.1,34,0
_1828,LJUBLJANA - BEŽIGRAD,2022-08-01 13:40,29.8,32,
_1828,LJUBLJANA - BEŽIGRAD,2022-08-01 13:50,30.5,30,
_1828,LJUBLJANA - BEŽIGRAD,2022-08-01 14:00,31.1,29,0
_1828,LJUBLJANA - BEŽIGRAD,2022-08-01 14:10,31.4,29,
_1828,LJUBLJANA - BEŽIGRAD,2022-08-01 14:20,31.4,30,
_1828,LJUBLJANA - BEŽIGRAD,2022-08-01 14:30,31,31,0
_1828,LJUBLJANA - BEŽIGRAD,2022-08-01 14:40,31.5,30,
_1828,LJUBLJANA - BEŽIGRAD,2022-08-01 14:50,31.3,30,
_1828,LJUBLJANA - BEŽIGRAD,2022-08-01 15:00,31.4,34,0
_1828,LJUBLJANA - BEŽIGRAD,2022-08-01 15:10,31.4,35,
_1828,LJUBLJANA - BEŽIGRAD,2022-08-01 15:20,31.7,32,
_1828,LJUBLJANA - BEŽIGRAD,2022-08-01 15:30,31.9,32,0
_1828,LJUBLJANA - BEŽIGRAD,2022-08-01 15:40,31.2,32,
_1828,LJUBLJANA - BEŽIGRAD,2022-08-01 15:50,31.6,31,
_1828,LJUBLJANA - BEŽIGRAD,2022-08-01 16:00,31.2,31,0
_1828,LJUBLJANA - BEŽIGRAD,2022-08-01 16:10,31,32,
_1828,LJUBLJANA - BEŽIGRAD,2022-08-01 16:20,31.1,32,
_1828,LJUBLJANA - BEŽIGRAD,2022-08-01 16:30,30.9,32,0
_1828,LJUBLJANA - BEŽIGRAD,2022-08-01 16:40,30.7,33,
_1828,LJUBLJANA - BEŽIGRAD,2022-08-01 16:50,30.6,34,
_1828,LJUBLJANA - BEŽIGRAD,2022-08-01 17:00,30.5,35,0
_1828,LJUBLJANA - BEŽIGRAD,2022-08-01 17:10,30.4,35,
_1828,LJUBLJANA - BEŽIGRAD,2022-08-01 17:20,29.9,37,
_1828,LJUBLJANA - BEŽIGRAD,2022-08-01 17:30,29.4,38,0
_1828,LJUBLJANA - BEŽIGRAD,2022-08-01 17:40,29,40,
_1828,LJUBLJANA - BEŽIGRAD,2022-08-01 17:50,28.7,42,
_1828,LJUBLJANA - BEŽIGRAD,2022-08-01 18:00,28.5,42,0
_1828,LJUBLJANA - BEŽIGRAD,2022-08-01 18:10,28.3,42,
_1828,LJUBLJANA - BEŽIGRAD,2022-08-01 18:20,28.1,43,
_1828,LJUBLJANA - BEŽIGRAD,2022-08-01 18:30,28,43,0
_1828,LJUBLJANA - BEŽIGRAD,2022-08-01 18:40,27.7,43,
_1828,LJUBLJANA - BEŽIGRAD,2022-08-01 18:50,27.3,45,
_1828,LJUBLJANA - BEŽIGRAD,2022-08-01 19:00,26.8,48,0
_1828,LJUBLJANA - BEŽIGRAD,2022-08-01 19:10,26.6,48,
_1828,LJUBLJANA - BEŽIGRAD,2022-08-01 19:20,26.3,49,
_1828,LJUBLJANA - BEŽIGRAD,2022-08-01 19:30,26,51,0
_1828,LJUBLJANA - BEŽIGRAD,2022-08-01 19:40,25.8,51,
_1828,LJUBLJANA - BEŽIGRAD,2022-08-01 19:50,25.5,52,
_1828,LJUBLJANA - BEŽIGRAD,2022-08-01 20:00,25.2,53,0
_1828,LJUBLJANA - BEŽIGRAD,2022-08-01 20:10,25,54,
_1828,LJUBLJANA - BEŽIGRAD,2022-08-01 20:20,24.7,56,
_1828,LJUBLJANA - BEŽIGRAD,2022-08-01 20:30,24.5,57,0
_1828,LJUBLJANA - BEŽIGRAD,2022-08-01 20:40,24.5,56,
_1828,LJUBLJANA - BEŽIGRAD,2022-08-01 20:50,24.5,57,
_1828,LJUBLJANA - BEŽIGRAD,2022-08-01 21:00,24.3,59,0
_1828,LJUBLJANA - BEŽIGRAD,2022-08-01 21:10,24.2,60,
_1828,LJUBLJANA - BEŽIGRAD,2022-08-01 21:20,24.1,61,
_1828,LJUBLJANA - BEŽIGRAD,2022-08-01 21:30,24,61,0
_1828,LJUBLJANA - BEŽIGRAD,2022-08-01 21:40,23.9,61,
_1828,LJUBLJANA - BEŽIGRAD,2022-08-01 21:50,23.7,62,
_1828,LJUBLJANA - BEŽIGRAD,2022-08-01 22:00,23.5,63,0
_1828,LJUBLJANA - BEŽIGRAD,2022-08-01 22:10,23.4,63,
_1828,LJUBLJANA - BEŽIGRAD,2022-08-01 22:20,23.3,63,
_1828,LJUBLJANA - BEŽIGRAD,2022-08-01 22:30,23.2,63,0
_1828,LJUBLJANA - BEŽIGRAD,2022-08-01 22:40,23.3,63,
_1828,LJUBLJANA - BEŽIGRAD,2022-08-01 22:50,23.3,63,
_1828,LJUBLJANA - BEŽIGRAD,2022-08-01 23:00,23.2,63,0
_1828,LJUBLJANA - BEŽIGRAD,2022-08-01 23:10,22.8,67,
_1828,LJUBLJANA - BEŽIGRAD,2022-08-01 23:20,21.7,69,
_1828,LJUBLJANA - BEŽIGRAD,2022-08-01 23:30,21.2,70,0
_1828,LJUBLJANA - BEŽIGRAD,2022-08-01 23:40,20.9,73,
_1828,LJUBLJANA - BEŽIGRAD,2022-08-01 23:50,20.4,76,
_1828,LJUBLJANA - BEŽIGRAD,2022-08-02 00:00,20.1,78,0
_1828,LJUBLJANA - BEŽIGRAD,2022-08-02 00:10,19.5,84,
_1828,LJUBLJANA - BEŽIGRAD,2022-08-02 00:20,19,88,
_1828,LJUBLJANA - BEŽIGRAD,2022-08-02 00:30,19,89,1.3
_1828,LJUBLJANA - BEŽIGRAD,2022-08-02 00:40,18.8,90,
_1828,LJUBLJANA - BEŽIGRAD,2022-08-02 00:50,18.8,91,
_1828,LJUBLJANA - BEŽIGRAD,2022-08-02 01:00,18.6,92,1.6
_1828,LJUBLJANA - BEŽIGRAD,2022-08-02 01:10,18.5,92,
_1828,LJUBLJANA - BEŽIGRAD,2022-08-02 01:20,18.3,92,
_1828,LJUBLJANA - BEŽIGRAD,2022-08-02 01:30,18.3,91,1.2
_1828,LJUBLJANA - BEŽIGRAD,2022-08-02 01:40,18.3,90,
_1828,LJUBLJANA - BEŽIGRAD,2022-08-02 01:50,18.4,90,
_1828,LJUBLJANA - BEŽIGRAD,2022-08-02 02:00,18.5,90,0.9
_1828,LJUBLJANA - BEŽIGRAD,2022-08-02 02:10,18.5,91,
_1828,LJUBLJANA - BEŽIGRAD,2022-08-02 02:20,18.5,92,
_1828,LJUBLJANA - BEŽIGRAD,2022-08-02 02:30,18.5,92,0.7
_1828,LJUBLJANA - BEŽIGRAD,2022-08-02 02:40,18.5,93,
_1828,LJUBLJANA - BEŽIGRAD,2022-08-02 02:50,18.5,92,
_1828,LJUBLJANA - BEŽIGRAD,2022-08-02 03:00,18.5,92,0.5
_1828,LJUBLJANA - BEŽIGRAD,2022-08-02 03:10,18.4,92,
_1828,LJUBLJANA - BEŽIGRAD,2022-08-02 03:20,18.3,92,
_1828,LJUBLJANA - BEŽIGRAD,2022-08-02 03:30,18.2,92,1.1
_1828,LJUBLJANA - BEŽIGRAD,2022-08-02 03:40,18.2,92,
_1828,LJUBLJANA - BEŽIGRAD,2022-08-02 03:50,18.2,92,
_1828,LJUBLJANA - BEŽIGRAD,2022-08-02 04:00,18.2,92,0.3
_1828,LJUBLJANA - BEŽIGRAD,2022-08-02 04:10,18.1,92,
_1828,LJUBLJANA - BEŽIGRAD,2022-08-02 04:20,18.1,92,
_1828,LJUBLJANA - BEŽIGRAD,2022-08-02 04:30,18.1,92,0.1
_1828,LJUBLJANA - BEŽIGRAD,2022-08-02 04:40,18.1,93,
_1828,LJUBLJANA - BEŽIGRAD,2022-08-02 04:50,18.1,94,
_1828,LJUBLJANA - BEŽIGRAD,2022-08-02 05:00,18.1,94,0.1
_1828,LJUBLJANA - BEŽIGRAD,2022-08-02 05:10,18.1,95,
_1828,LJUBLJANA - BEŽIGRAD,2022-08-02 05:20,18.1,94,
_1828,LJUBLJANA - BEŽIGRAD,2022-08-02 05:30,18.1,94,0
_1828,LJUBLJANA - BEŽIGRAD,2022-08-02 05:40,18,94,
_1828,LJUBLJANA - BEŽIGRAD,2022-08-02 05:50,17.9,93,
_1828,LJUBLJANA - BEŽIGRAD,2022-08-02 06:00,18,93,0
_1828,LJUBLJANA - BEŽIGRAD,2022-08-02 06:10,18,92,
_1828,LJUBLJANA - BEŽIGRAD,2022-08-02 06:20,18.1,92,
_1828,LJUBLJANA - BEŽIGRAD,2022-08-02 06:30,18.2,91,0
_1828,LJUBLJANA - BEŽIGRAD,2022-08-02 06:40,18.3,89,
_1828,LJUBLJANA - BEŽIGRAD,2022-08-02 06:50,18.4,88,
_1828,LJUBLJANA - BEŽIGRAD,2022-08-02 07:00,18.5,86,0
_1828,LJUBLJANA - BEŽIGRAD,2022-08-02 07:10,18.7,85,
_1828,LJUBLJANA - BEŽIGRAD,2022-08-02 07:20,18.9,85,
_1828,LJUBLJANA - BEŽIGRAD,2022-08-02 07:30,19,84,0
_1828,LJUBLJANA - BEŽIGRAD,2022-08-02 07:40,19.1,83,
_1828,LJUBLJANA - BEŽIGRAD,2022-08-02 07:50,19.1,83,
_1828,LJUBLJANA - BEŽIGRAD,2022-08-02 08:00,19.1,83,0
_1828,LJUBLJANA - BEŽIGRAD,2022-08-02 08:10,19.2,83,
_1828,LJUBLJANA - BEŽIGRAD,2022-08-02 08:20,19.3,83,
_1828,LJUBLJANA - BEŽIGRAD,2022-08-02 08:30,19.4,83,0
_1828,LJUBLJANA - BEŽIGRAD,2022-08-02 08:40,19.4,82,
_1828,LJUBLJANA - BEŽIGRAD,2022-08-02 08:50,19.5,81,
_1828,LJUBLJANA - BEŽIGRAD,2022-08-02 09:00,19.6,80,0
_1828,LJUBLJANA - BEŽIGRAD,2022-08-02 09:10,19.7,81,
_1828,LJUBLJANA - BEŽIGRAD,2022-08-02 09:20,19.8,80,
_1828,LJUBLJANA - BEŽIGRAD,2022-08-02 09:30,19.9,81,0
_1828,LJUBLJANA - BEŽIGRAD,2022-08-02 09:40,20.3,80,
_1828,LJUBLJANA - BEŽIGRAD,2022-08-02 09:50,20.6,77,
_1828,LJUBLJANA - BEŽIGRAD,2022-08-02 10:00,21.1,75,0
_1828,LJUBLJANA - BEŽIGRAD,2022-08-02 10:10,21.7,73,
_1828,LJUBLJANA - BEŽIGRAD,2022-08-02 10:20,22.2,73,
_1828,LJUBLJANA - BEŽIGRAD,2022-08-02 10:30,23,69,0
_1828,LJUBLJANA - BEŽIGRAD,2022-08-02 10:40,23.1,68,
_1828,LJUBLJANA - BEŽIGRAD,2022-08-02 10:50,22.7,69,
_1828,LJUBLJANA - BEŽIGRAD,2022-08-02 11:00,23.6,66,0
_1828,LJUBLJANA - BEŽIGRAD,2022-08-02 11:10,24,61,
_1828,LJUBLJANA - BEŽIGRAD,2022-08-02 11:20,24.2,59,
_1828,LJUBLJANA - BEŽIGRAD,2022-08-02 11:30,24.3,58,0
_1828,LJUBLJANA - BEŽIGRAD,2022-08-02 11:40,24.6,57,
_1828,LJUBLJANA - BEŽIGRAD,2022-08-02 11:50,25.2,56,
_1828,LJUBLJANA - BEŽIGRAD,2022-08-02 12:00,25.7,54,0
_1828,LJUBLJANA - BEŽIGRAD,2022-08-02 12:10,25.7,53,
_1828,LJUBLJANA - BEŽIGRAD,2022-08-02 12:20,26.4,50,
_1828,LJUBLJANA - BEŽIGRAD,2022-08-02 12:30,26.7,50,0
_1828,LJUBLJANA - BEŽIGRAD,2022-08-02 12:40,27.1,51,
_1828,LJUBLJANA - BEŽIGRAD,2022-08-02 12:50,27.4,52,
_1828,LJUBLJANA - BEŽIGRAD,2022-08-02 13:00,27.8,50,0
_1828,LJUBLJANA - BEŽIGRAD,2022-08-02 13:10,28.4,46,
_1828,LJUBLJANA - BEŽIGRAD,2022-08-02 13:20,28.5,46,
_1828,LJUBLJANA - BEŽIGRAD,2022-08-02 13:30,28.2,46,0
_1828,LJUBLJANA - BEŽIGRAD,2022-08-02 13:40,27.8,46,
_1828,LJUBLJANA - BEŽIGRAD,2022-08-02 13:50,28.2,44,
_1828,LJUBLJANA - BEŽIGRAD,2022-08-02 14:00,28.2,44,0
_1828,LJUBLJANA - BEŽIGRAD,2022-08-02 14:10,28,45,
_1828,LJUBLJANA - BEŽIGRAD,2022-08-02 14:20,27.8,46,
_1828,LJUBLJANA - BEŽIGRAD,2022-08-02 14:30,27.6,46,0
_1828,LJUBLJANA - BEŽIGRAD,2022-08-02 14:40,27.5,47,
_1828,LJUBLJANA - BEŽIGRAD,2022-08-02 14:50,27,49,
_1828,LJUBLJANA - BEŽIGRAD,2022-08-02 15:00,26.4,51,0
_1828,LJUBLJANA - BEŽIGRAD,2022-08-02 15:10,26.3,51,
_1828,LJUBLJANA - BEŽIGRAD,2022-08-02 15:20,26.7,50,
_1828,LJUBLJANA - BEŽIGRAD,2022-08-02 15:30,27.7,48,0
_1828,LJUBLJANA - BEŽIGRAD,2022-08-02 15:40,28,46,
_1828,LJUBLJANA - BEŽIGRAD,2022-08-02 15:50,28.4,42,
_1828,LJUBLJANA - BEŽIGRAD,2022-08-02 16:00,28.3,42,0
_1828,LJUBLJANA - BEŽIGRAD,2022-08-02 16:10,28.5,41,
_1828,LJUBLJANA - BEŽIGRAD,2022-08-02 16:20,27.1,50,
_1828,LJUBLJANA - BEŽIGRAD,2022-08-02 16:30,25.6,56,0
_1828,LJUBLJANA - BEŽIGRAD,2022-08-02 16:40,25.3,58,
_1828,LJUBLJANA - BEŽIGRAD,2022-08-02 16:50,25.1,60,
_1828,LJUBLJANA - BEŽIGRAD,2022-08-02 17:00,25.1,60,0
_1828,LJUBLJANA - BEŽIGRAD,2022-08-02 17:10,25.4,60,
_1828,LJUBLJANA - BEŽIGRAD,2022-08-02 17:20,25.6,58,
_1828,LJUBLJANA - BEŽIGRAD,2022-08-02 17:30,25.3,60,0
_1828,LJUBLJANA - BEŽIGRAD,2022-08-02 17:40,25,60,
_1828,LJUBLJANA - BEŽIGRAD,2022-08-02 17:50,25,59,
_1828,LJUBLJANA - BEŽIGRAD,2022-08-02 18:00,25,59,0
_1828,LJUBLJANA - BEŽIGRAD,2022-08-02 18:10,25,60,
_1828,LJUBLJANA - BEŽIGRAD,2022-08-02 18:20,25.1,60,
_1828,LJUBLJANA - BEŽIGRAD,2022-08-02 18:30,25,60,0
_1828,LJUBLJANA - BEŽIGRAD,2022-08-02 18:40,24.8,61,
_1828,LJUBLJANA - BEŽIGRAD,2022-08-02 18:50,24.6,61,
_1828,LJUBLJANA - BEŽIGRAD,2022-08-02 19:00,24.4,61,0
_1828,LJUBLJANA - BEŽIGRAD,2022-08-02 19:10,24.4,60,
_1828,LJUBLJANA - BEŽIGRAD,2022-08-02 19:20,24.3,60,
_1828,LJUBLJANA - BEŽIGRAD,2022-08-02 19:30,24,62,0
_1828,LJUBLJANA - BEŽIGRAD,2022-08-02 19:40,23.7,65,
_1828,LJUBLJANA - BEŽIGRAD,2022-08-02 19:50,23.5,66,
_1828,LJUBLJANA - BEŽIGRAD,2022-08-02 20:00,23.3,67,0
_1828,LJUBLJANA - BEŽIGRAD,2022-08-02 20:10,23.1,69,
_1828,LJUBLJANA - BEŽIGRAD,2022-08-02 20:20,22.9,71,
_1828,LJUBLJANA - BEŽIGRAD,2022-08-02 20:30,22.8,72,0
_1828,LJUBLJANA - BEŽIGRAD,2022-08-02 20:40,22.6,72,
_1828,LJUBLJANA - BEŽIGRAD,2022-08-02 20:50,22.4,73,
_1828,LJUBLJANA - BEŽIGRAD,2022-08-02 21:00,22.3,74,0
_1828,LJUBLJANA - BEŽIGRAD,2022-08-02 21:10,22.2,75,
_1828,LJUBLJANA - BEŽIGRAD,2022-08-02 21:20,22,76,
_1828,LJUBLJANA - BEŽIGRAD,2022-08-02 21:30,21.8,76,0
_1828,LJUBLJANA - BEŽIGRAD,2022-08-02 21:40,21.6,76,
_1828,LJUBLJANA - BEŽIGRAD,2022-08-02 21:50,21.5,76,
_1828,LJUBLJANA - BEŽIGRAD,2022-08-02 22:00,21.4,76,0
_1828,LJUBLJANA - BEŽIGRAD,2022-08-02 22:10,21.3,77,
_1828,LJUBLJANA - BEŽIGRAD,2022-08-02 22:20,21.2,79,
_1828,LJUBLJANA - BEŽIGRAD,2022-08-02 22:30,21,80,0
_1828,LJUBLJANA - BEŽIGRAD,2022-08-02 22:40,20.8,81,
_1828,LJUBLJANA - BEŽIGRAD,2022-08-02 22:50,20.5,82,
_1828,LJUBLJANA - BEŽIGRAD,2022-08-02 23:00,20.4,82,0
_1828,LJUBLJANA - BEŽIGRAD,2022-08-02 23:10,20.1,82,
_1828,LJUBLJANA - BEŽIGRAD,2022-08-02 23:20,19.8,83,
_1828,LJUBLJANA - BEŽIGRAD,2022-08-02 23:30,19.6,84,0
_1828,LJUBLJANA - BEŽIGRAD,2022-08-02 23:40,19.4,85,
_1828,LJUBLJANA - BEŽIGRAD,2022-08-02 23:50,19.3,85,
_1828,LJUBLJANA - BEŽIGRAD,2022-08-03 00:00,19.2,86,0
_1828,LJUBLJANA - BEŽIGRAD,2022-08-03 00:10,19.2,85,
_1828,LJUBLJANA - BEŽIGRAD,2022-08-03 00:20,19.2,85,
_1828,LJUBLJANA - BEŽIGRAD,2022-08-03 00:30,19.1,85,0
_1828,LJUBLJANA - BEŽIGRAD,2022-08-03 00:40,19,85,
_1828,LJUBLJANA - BEŽIGRAD,2022-08-03 00:50,19,85,
_1828,LJUBLJANA - BEŽIGRAD,2022-08-03 01:00,18.9,85,0
_1828,LJUBLJANA - BEŽIGRAD,2022-08-03 01:10,18.7,86,
_1828,LJUBLJANA - BEŽIGRAD,2022-08-03 01:20,18.6,86,
_1828,LJUBLJANA - BEŽIGRAD,2022-08-03 01:30,18.4,87,0
_1828,LJUBLJANA - BEŽIGRAD,2022-08-03 01:40,18.3,87,
_1828,LJUBLJANA - BEŽIGRAD,2022-08-03 01:50,18.3,87,
_1828,LJUBLJANA - BEŽIGRAD,2022-08-03 02:00,18.1,88,0
_1828,LJUBLJANA - BEŽIGRAD,2022-08-03 02:10,18,89,
_1828,LJUBLJANA - BEŽIGRAD,2022-08-03 02:20,18,89,
_1828,LJUBLJANA - BEŽIGRAD,2022-08-03 02:30,17.9,89,0
_1828,LJUBLJANA - BEŽIGRAD,2022-08-03 02:40,17.9,89,
_1828,LJUBLJANA - BEŽIGRAD,2022-08-03 02:50,17.8,90,
_1828,LJUBLJANA - BEŽIGRAD,2022-08-03 03:00,17.8,90,0
_1828,LJUBLJANA - BEŽIGRAD,2022-08-03 03:10,17.6,91,
_1828,LJUBLJANA - BEŽIGRAD,2022-08-03 03:20,17.5,91,
_1828,LJUBLJANA - BEŽIGRAD,2022-08-03 03:30,17.4,91,0
_1828,LJUBLJANA - BEŽIGRAD,2022-08-03 03:40,17.3,92,
_1828,LJUBLJANA - BEŽIGRAD,2022-08-03 03:50,17.1,92,
_1828,LJUBLJANA - BEŽIGRAD,2022-08-03 04:00,17.1,93,0
_1828,LJUBLJANA - BEŽIGRAD,2022-08-03 04:10,17,93,
_1828,LJUBLJANA - BEŽIGRAD,2022-08-03 04:20,16.9,93,
_1828,LJUBLJANA - BEŽIGRAD,2022-08-03 04:30,16.8,93,0
_1828,LJUBLJANA - BEŽIGRAD,2022-08-03 04:40,16.8,93,
_1828,LJUBLJANA - BEŽIGRAD,2022-08-03 04:50,16.9,93,
_1828,LJUBLJANA - BEŽIGRAD,2022-08-03 05:00,16.8,92,0
_1828,LJUBLJANA - BEŽIGRAD,2022-08-03 05:10,16.7,92,
_1828,LJUBLJANA - BEŽIGRAD,2022-08-03 05:20,16.7,92,
_1828,LJUBLJANA - BEŽIGRAD,2022-08-03 05:30,16.7,92,0
_1828,LJUBLJANA - BEŽIGRAD,2022-08-03 05:40,16.8,92,
_1828,LJUBLJANA - BEŽIGRAD,2022-08-03 05:50,17.1,91,
_1828,LJUBLJANA - BEŽIGRAD,2022-08-03 06:00,17.4,90,0
_1828,LJUBLJANA - BEŽIGRAD,2022-08-03 06:10,17.6,89,
_1828,LJUBLJANA - BEŽIGRAD,2022-08-03 06:20,17.8,88,
_1828,LJUBLJANA - BEŽIGRAD,2022-08-03 06:30,18,87,0
_1828,LJUBLJANA - BEŽIGRAD,2022-08-03 06:40,18.4,86,
_1828,LJUBLJANA - BEŽIGRAD,2022-08-03 06:50,18.8,84,
_1828,LJUBLJANA - BEŽIGRAD,2022-08-03 07:00,19.2,81,0
_1828,LJUBLJANA - BEŽIGRAD,2022-08-03 07:10,19.4,80,
_1828,LJUBLJANA - BEŽIGRAD,2022-08-03 07:20,19.6,78,
_1828,LJUBLJANA - BEŽIGRAD,2022-08-03 07:30,19.8,78,0
_1828,LJUBLJANA - BEŽIGRAD,2022-08-03 07:40,20,76,
_1828,LJUBLJANA - BEŽIGRAD,2022-08-03 07:50,20.3,73,
_1828,LJUBLJANA - BEŽIGRAD,2022-08-03 08:00,20.7,71,0
_1828,LJUBLJANA - BEŽIGRAD,2022-08-03 08:10,21,69,
_1828,LJUBLJANA - BEŽIGRAD,2022-08-03 08:20,21.6,66,
_1828,LJUBLJANA - BEŽIGRAD,2022-08-03 08:30,22,65,0
_1828,LJUBLJANA - BEŽIGRAD,2022-08-03 08:40,22.4,64,
_1828,LJUBLJANA - BEŽIGRAD,2022-08-03 08:50,22.8,63,
_1828,LJUBLJANA - BEŽIGRAD,2022-08-03 09:00,23.5,62,0
_1828,LJUBLJANA - BEŽIGRAD,2022-08-03 09:10,23.9,60,
_1828,LJUBLJANA - BEŽIGRAD,2022-08-03 09:20,24.5,59,
_1828,LJUBLJANA - BEŽIGRAD,2022-08-03 09:30,24.6,57,0
_1828,LJUBLJANA - BEŽIGRAD,2022-08-03 09:40,25.2,57,
_1828,LJUBLJANA - BEŽIGRAD,2022-08-03 09:50,25.8,55,
_1828,LJUBLJANA - BEŽIGRAD,2022-08-03 10:00,26.1,54,0
_1828,LJUBLJANA - BEŽIGRAD,2022-08-03 10:10,26.5,53,
_1828,LJUBLJANA - BEŽIGRAD,2022-08-03 10:20,27.2,51,
_1828,LJUBLJANA - BEŽIGRAD,2022-08-03 10:30,27.2,51,0
_1828,LJUBLJANA - BEŽIGRAD,2022-08-03 10:40,27.3,51,
_1828,LJUBLJANA - BEŽIGRAD,2022-08-03 10:50,27.7,50,
_1828,LJUBLJANA - BEŽIGRAD,2022-08-03 11:00,27.9,50,0
_1828,LJUBLJANA - BEŽIGRAD,2022-08-03 11:10,28,50,
_1828,LJUBLJANA - BEŽIGRAD,2022-08-03 11:20,28.2,49,
_1828,LJUBLJANA - BEŽIGRAD,2022-08-03 11:30,28.6,47,0
_1828,LJUBLJANA - BEŽIGRAD,2022-08-03 11:40,29.1,46,
_1828,LJUBLJANA - BEŽIGRAD,2022-08-03 11:50,29.2,44,
_1828,LJUBLJANA - BEŽIGRAD,2022-08-03 12:00,29.2,43,0
_1828,LJUBLJANA - BEŽIGRAD,2022-08-03 12:10,29.4,41,
_1828,LJUBLJANA - BEŽIGRAD,2022-08-03 12:20,29.7,40,
_1828,LJUBLJANA - BEŽIGRAD,2022-08-03 12:30,30.1,39,0
_1828,LJUBLJANA - BEŽIGRAD,2022-08-03 12:40,29.9,39,
_1828,LJUBLJANA - BEŽIGRAD,2022-08-03 12:50,30.1,38,
_1828,LJUBLJANA - BEŽIGRAD,2022-08-03 13:00,30.3,39,0
_1828,LJUBLJANA - BEŽIGRAD,2022-08-03 13:10,30.7,38,
_1828,LJUBLJANA - BEŽIGRAD,2022-08-03 13:20,30.6,38,
_1828,LJUBLJANA - BEŽIGRAD,2022-08-03 13:30,30.3,38,0
_1828,LJUBLJANA - BEŽIGRAD,2022-08-03 13:40,30.4,38,
_1828,LJUBLJANA - BEŽIGRAD,2022-08-03 13:50,30.7,37,
_1828,LJUBLJANA - BEŽIGRAD,2022-08-03 14:00,30.5,37,0
_1828,LJUBLJANA - BEŽIGRAD,2022-08-03 14:10,30.2,37,
_1828,LJUBLJANA - BEŽIGRAD,2022-08-03 14:20,30.8,36,
_1828,LJUBLJANA - BEŽIGRAD,2022-08-03 14:30,31.4,35,0
_1828,LJUBLJANA - BEŽIGRAD,2022-08-03 14:40,31.2,34,
_1828,LJUBLJANA - BEŽIGRAD,2022-08-03 14:50,31.6,32,
_1828,LJUBLJANA - BEŽIGRAD,2022-08-03 15:00,31.8,33,0
_1828,LJUBLJANA - BEŽIGRAD,2022-08-03 15:10,31.6,33,
_1828,LJUBLJANA - BEŽIGRAD,2022-08-03 15:20,31.8,33,
_1828,LJUBLJANA - BEŽIGRAD,2022-08-03 15:30,31.5,33,0
_1828,LJUBLJANA - BEŽIGRAD,2022-08-03 15:40,31.4,33,
_1828,LJUBLJANA - BEŽIGRAD,2022-08-03 15:50,31.4,32,
_1828,LJUBLJANA - BEŽIGRAD,2022-08-03 16:00,31.6,32,0
_1828,LJUBLJANA - BEŽIGRAD,2022-08-03 16:10,31.4,32,
_1828,LJUBLJANA - BEŽIGRAD,2022-08-03 16:20,31.6,31,
_1828,LJUBLJANA - BEŽIGRAD,2022-08-03 16:30,31.5,31,0
_1828,LJUBLJANA - BEŽIGRAD,2022-08-03 16:40,31.6,32,
_1828,LJUBLJANA - BEŽIGRAD,2022-08-03 16:50,31.7,31,
_1828,LJUBLJANA - BEŽIGRAD,2022-08-03 17:00,31.7,31,0
_1828,LJUBLJANA - BEŽIGRAD,2022-08-03 17:10,31.4,31,
_1828,LJUBLJANA - BEŽIGRAD,2022-08-03 17:20,31.3,31,
_1828,LJUBLJANA - BEŽIGRAD,2022-08-03 17:30,31.5,32,0
_1828,LJUBLJANA - BEŽIGRAD,2022-08-03 17:40,31.4,32,
_1828,LJUBLJANA - BEŽIGRAD,2022-08-03 17:50,31.4,33,
_1828,LJUBLJANA - BEŽIGRAD,2022-08-03 18:00,31,33,0
_1828,LJUBLJANA - BEŽIGRAD,2022-08-03 18:10,30.8,34,
_1828,LJUBLJANA - BEŽIGRAD,2022-08-03 18:20,30.5,34,
_1828,LJUBLJANA - BEŽIGRAD,2022-08-03 18:30,30.2,35,0
_1828,LJUBLJANA - BEŽIGRAD,2022-08-03 18:40,29.9,36,
_1828,LJUBLJANA - BEŽIGRAD,2022-08-03 18:50,29.6,37,
_1828,LJUBLJANA - BEŽIGRAD,2022-08-03 19:00,29.2,38,0
_1828,LJUBLJANA - BEŽIGRAD,2022-08-03 19:10,28.8,39,
_1828,LJUBLJANA - BEŽIGRAD,2022-08-03 19:20,28.4,41,
_1828,LJUBLJANA - BEŽIGRAD,2022-08-03 19:30,28,42,0
_1828,LJUBLJANA - BEŽIGRAD,2022-08-03 19:40,27.7,44,
_1828,LJUBLJANA - BEŽIGRAD,2022-08-03 19:50,27.4,45,
_1828,LJUBLJANA - BEŽIGRAD,2022-08-03 20:00,27,46,0
_1828,LJUBLJANA - BEŽIGRAD,2022-08-03 20:10,26.5,48,
_1828,LJUBLJANA - BEŽIGRAD,2022-08-03 20:20,26.2,49,
_1828,LJUBLJANA - BEŽIGRAD,2022-08-03 20:30,25.9,50,0
_1828,LJUBLJANA - BEŽIGRAD,2022-08-03 20:40,25.7,51,
_1828,LJUBLJANA - BEŽIGRAD,2022-08-03 20:50,25.3,52,
_1828,LJUBLJANA - BEŽIGRAD,2022-08-03 21:00,25.1,53,0
_1828,LJUBLJANA - BEŽIGRAD,2022-08-03 21:10,25.1,54,
_1828,LJUBLJANA - BEŽIGRAD,2022-08-03 21:20,24.8,55,
_1828,LJUBLJANA - BEŽIGRAD,2022-08-03 21:30,24.5,56,0
_1828,LJUBLJANA - BEŽIGRAD,2022-08-03 21:40,24.3,57,
_1828,LJUBLJANA - BEŽIGRAD,2022-08-03 21:50,24.1,58,
_1828,LJUBLJANA - BEŽIGRAD,2022-08-03 22:00,24,58,0
_1828,LJUBLJANA - BEŽIGRAD,2022-08-03 22:10,23.9,59,
_1828,LJUBLJANA - BEŽIGRAD,2022-08-03 22:20,23.6,59,
_1828,LJUBLJANA - BEŽIGRAD,2022-08-03 22:30,23.4,60,0
_1828,LJUBLJANA - BEŽIGRAD,2022-08-03 22:40,23.3,60,
_1828,LJUBLJANA - BEŽIGRAD,2022-08-03 22:50,23.2,60,
_1828,LJUBLJANA - BEŽIGRAD,2022-08-03 23:00,23,61,0
_1828,LJUBLJANA - BEŽIGRAD,2022-08-03 23:10,22.8,62,
_1828,LJUBLJANA - BEŽIGRAD,2022-08-03 23:20,22.7,63,
_1828,LJUBLJANA - BEŽIGRAD,2022-08-03 23:30,22.5,64,0
_1828,LJUBLJANA - BEŽIGRAD,2022-08-03 23:40,22.4,63,
_1828,LJUBLJANA - BEŽIGRAD,2022-08-03 23:50,22.2,64,
_1828,LJUBLJANA - BEŽIGRAD,2022-08-04 00:00,22,65,0
_1828,LJUBLJANA - BEŽIGRAD,2022-08-04 00:10,22,65,
_1828,LJUBLJANA - BEŽIGRAD,2022-08-04 00:20,21.8,66,
_1828,LJUBLJANA - BEŽIGRAD,2022-08-04 00:30,21.7,67,0
_1828,LJUBLJANA - BEŽIGRAD,2022-08-04 00:40,21.6,67,
_1828,LJUBLJANA - BEŽIGRAD,2022-08-04 00:50,21.4,69,
_1828,LJUBLJANA - BEŽIGRAD,2022-08-04 01:00,21.1,70,0
_1828,LJUBLJANA - BEŽIGRAD,2022-08-04 01:10,20.9,72,
_1828,LJUBLJANA - BEŽIGRAD,2022-08-04 01:20,20.6,73,
_1828,LJUBLJANA - BEŽIGRAD,2022-08-04 01:30,20.4,74,0
_1828,LJUBLJANA - BEŽIGRAD,2022-08-04 01:40,20.3,75,
_1828,LJUBLJANA - BEŽIGRAD,2022-08-04 01:50,20.2,76,
_1828,LJUBLJANA - BEŽIGRAD,2022-08-04 02:00,20,77,0
_1828,LJUBLJANA - BEŽIGRAD,2022-08-04 02:10,19.8,77,
_1828,LJUBLJANA - BEŽIGRAD,2022-08-04 02:20,19.6,78,
_1828,LJUBLJANA - BEŽIGRAD,2022-08-04 02:30,19.5,79,0
_1828,LJUBLJANA - BEŽIGRAD,2022-08-04 02:40,19.4,79,
_1828,LJUBLJANA - BEŽIGRAD,2022-08-04 02:50,19.2,80,
_1828,LJUBLJANA - BEŽIGRAD,2022-08-04 03:00,19,80,0
_1828,LJUBLJANA - BEŽIGRAD,2022-08-04 03:10,19.1,80,
_1828,LJUBLJANA - BEŽIGRAD,2022-08-04 03:20,19.1,80,
_1828,LJUBLJANA - BEŽIGRAD,2022-08-04 03:30,18.9,81,0
_1828,LJUBLJANA - BEŽIGRAD,2022-08-04 03:40,18.7,82,
_1828,LJUBLJANA - BEŽIGRAD,2022-08-04 03:50,18.6,83,
_1828,LJUBLJANA - BEŽIGRAD,2022-08-04 04:00,18.6,83,0
_1828,LJUBLJANA - BEŽIGRAD,2022-08-04 04:10,18.5,83,
_1828,LJUBLJANA - BEŽIGRAD,2022-08-04 04:20,18.3,84,
_1828,LJUBLJANA - BEŽIGRAD,2022-08-04 04:30,18.2,84,0
_1828,LJUBLJANA - BEŽIGRAD,2022-08-04 04:40,18.1,84,
_1828,LJUBLJANA - BEŽIGRAD,2022-08-04 04:50,18.1,85,
_1828,LJUBLJANA - BEŽIGRAD,2022-08-04 05:00,18,85,0
_1828,LJUBLJANA - BEŽIGRAD,2022-08-04 05:10,18,85,
_1828,LJUBLJANA - BEŽIGRAD,2022-08-04 05:20,18,85,
_1828,LJUBLJANA - BEŽIGRAD,2022-08-04 05:30,18,85,0
_1828,LJUBLJANA - BEŽIGRAD,2022-08-04 05:40,18.1,84,
_1828,LJUBLJANA - BEŽIGRAD,2022-08-04 05:50,18.4,83,
_1828,LJUBLJANA - BEŽIGRAD,2022-08-04 06:00,18.7,82,0
_1828,LJUBLJANA - BEŽIGRAD,2022-08-04 06:10,18.9,81,
_1828,LJUBLJANA - BEŽIGRAD,2022-08-04 06:20,18.9,81,
_1828,LJUBLJANA - BEŽIGRAD,2022-08-04 06:30,19.2,80,0
_1828,LJUBLJANA - BEŽIGRAD,2022-08-04 06:40,19.6,78,
_1828,LJUBLJANA - BEŽIGRAD,2022-08-04 06:50,19.9,77,
_1828,LJUBLJANA - BEŽIGRAD,2022-08-04 07:00,20.5,74,0
_1828,LJUBLJANA - BEŽIGRAD,2022-08-04 07:10,20.7,73,
_1828,LJUBLJANA - BEŽIGRAD,2022-08-04 07:20,20.9,72,
_1828,LJUBLJANA - BEŽIGRAD,2022-08-04 07:30,21.3,71,0
_1828,LJUBLJANA - BEŽIGRAD,2022-08-04 07:40,21.7,70,
_1828,LJUBLJANA - BEŽIGRAD,2022-08-04 07:50,22,68,
_1828,LJUBLJANA - BEŽIGRAD,2022-08-04 08:00,22.1,67,0
_1828,LJUBLJANA - BEŽIGRAD,2022-08-04 08:10,22.8,65,
_1828,LJUBLJANA - BEŽIGRAD,2022-08-04 08:20,23.3,63,
_1828,LJUBLJANA - BEŽIGRAD,2022-08-04 08:30,23.8,61,0
_1828,LJUBLJANA - BEŽIGRAD,2022-08-04 08:40,24.1,59,
_1828,LJUBLJANA - BEŽIGRAD,2022-08-04 08:50,24.5,58,
_1828,LJUBLJANA - BEŽIGRAD,2022-08-04 09:00,25.2,56,0
_1828,LJUBLJANA - BEŽIGRAD,2022-08-04 09:10,25.6,55,
_1828,LJUBLJANA - BEŽIGRAD,2022-08-04 09:20,26.2,53,
_1828,LJUBLJANA - BEŽIGRAD,2022-08-04 09:30,26.6,51,0
_1828,LJUBLJANA - BEŽIGRAD,2022-08-04 09:40,27,48,
_1828,LJUBLJANA - BEŽIGRAD,2022-08-04 09:50,27.2,48,
_1828,LJUBLJANA - BEŽIGRAD,2022-08-04 10:00,28.1,46,0
_1828,LJUBLJANA - BEŽIGRAD,2022-08-04 10:10,28.6,43,
_1828,LJUBLJANA - BEŽIGRAD,2022-08-04 10:20,28.6,43,
_1828,LJUBLJANA - BEŽIGRAD,2022-08-04 10:30,28.9,42,0
_1828,LJUBLJANA - BEŽIGRAD,2022-08-04 10:40,29.5,42,
_1828,LJUBLJANA - BEŽIGRAD,2022-08-04 10:50,30,40,
_1828,LJUBLJANA - BEŽIGRAD,2022-08-04 11:00,30.3,39,0
_1828,LJUBLJANA - BEŽIGRAD,2022-08-04 11:10,30.6,39,
_1828,LJUBLJANA - BEŽIGRAD,2022-08-04 11:20,30.4,39,
_1828,LJUBLJANA - BEŽIGRAD,2022-08-04 11:30,30.5,39,0
_1828,LJUBLJANA - BEŽIGRAD,2022-08-04 11:40,30.7,38,
_1828,LJUBLJANA - BEŽIGRAD,2022-08-04 11:50,31.4,37,
_1828,LJUBLJANA - BEŽIGRAD,2022-08-04 12:00,31.6,35,0
_1828,LJUBLJANA - BEŽIGRAD,2022-08-04 12:10,31.4,35,
_1828,LJUBLJANA - BEŽIGRAD,2022-08-04 12:20,31.7,34,
_1828,LJUBLJANA - BEŽIGRAD,2022-08-04 12:30,32,32,0
_1828,LJUBLJANA - BEŽIGRAD,2022-08-04 12:40,31.9,31,
_1828,LJUBLJANA - BEŽIGRAD,2022-08-04 12:50,32.3,31,
_1828,LJUBLJANA - BEŽIGRAD,2022-08-04 13:00,32.8,30,0
_1828,LJUBLJANA - BEŽIGRAD,2022-08-04 13:10,32.9,29,
_1828,LJUBLJANA - BEŽIGRAD,2022-08-04 13:20,33,28,
_1828,LJUBLJANA - BEŽIGRAD,2022-08-04 13:30,33.1,28,0
_1828,LJUBLJANA - BEŽIGRAD,2022-08-04 13:40,33.1,28,
_1828,LJUBLJANA - BEŽIGRAD,2022-08-04 13:50,33.2,28,
_1828,LJUBLJANA - BEŽIGRAD,2022-08-04 14:00,33.6,28,0
_1828,LJUBLJANA - BEŽIGRAD,2022-08-04 14:10,33.7,28,
_1828,LJUBLJANA - BEŽIGRAD,2022-08-04 14:20,33.9,28,
_1828,LJUBLJANA - BEŽIGRAD,2022-08-04 14:30,33.4,29,0
_1828,LJUBLJANA - BEŽIGRAD,2022-08-04 14:40,33.9,28,
_1828,LJUBLJANA - BEŽIGRAD,2022-08-04 14:50,33.8,28,
_1828,LJUBLJANA - BEŽIGRAD,2022-08-04 15:00,33.8,28,0
_1828,LJUBLJANA - BEŽIGRAD,2022-08-04 15:10,33.8,28,
_1828,LJUBLJANA - BEŽIGRAD,2022-08-04 15:20,34.1,29,
_1828,LJUBLJANA - BEŽIGRAD,2022-08-04 15:30,34.3,28,0
_1828,LJUBLJANA - BEŽIGRAD,2022-08-04 15:40,34,29,
_1828,LJUBLJANA - BEŽIGRAD,2022-08-04 15:50,34.3,28,
_1828,LJUBLJANA - BEŽIGRAD,2022-08-04 16:00,34.1,28,0
_1828,LJUBLJANA - BEŽIGRAD,2022-08-04 16:10,34.1,28,
_1828,LJUBLJANA - BEŽIGRAD,2022-08-04 16:20,34.4,28,
_1828,LJUBLJANA - BEŽIGRAD,2022-08-04 16:30,34.4,28,0
_1828,LJUBLJANA - BEŽIGRAD,2022-08-04 16:40,34,28,
_1828,LJUBLJANA - BEŽIGRAD,2022-08-04 16:50,34.1,29,
_1828,LJUBLJANA - BEŽIGRAD,2022-08-04 17:00,33.8,28,0
_1828,LJUBLJANA - BEŽIGRAD,2022-08-04 17:10,33.6,29,
_1828,LJUBLJANA - BEŽIGRAD,2022-08-04 17:20,33.8,29,
_1828,LJUBLJANA - BEŽIGRAD,2022-08-04 17:30,33.9,29,0
_1828,LJUBLJANA - BEŽIGRAD,2022-08-04 17:40,33.9,30,
_1828,LJUBLJANA - BEŽIGRAD,2022-08-04 17:50,33.4,30,
_1828,LJUBLJANA - BEŽIGRAD,2022-08-04 18:00,33.2,31,0
_1828,LJUBLJANA - BEŽIGRAD,2022-08-04 18:10,32.9,31,
_1828,LJUBLJANA - BEŽIGRAD,2022-08-04 18:20,32.6,31,
_1828,LJUBLJANA - BEŽIGRAD,2022-08-04 18:30,32.4,32,0
_1828,LJUBLJANA - BEŽIGRAD,2022-08-04 18:40,32.1,32,
_1828,LJUBLJANA - BEŽIGRAD,2022-08-04 18:50,31.8,33,
_1828,LJUBLJANA - BEŽIGRAD,2022-08-04 19:00,31.4,34,0
_1828,LJUBLJANA - BEŽIGRAD,2022-08-04 19:10,31.1,34,
_1828,LJUBLJANA - BEŽIGRAD,2022-08-04 19:20,30.8,35,
_1828,LJUBLJANA - BEŽIGRAD,2022-08-04 19:30,30.5,35,0
_1828,LJUBLJANA - BEŽIGRAD,2022-08-04 19:40,30.2,36,
_1828,LJUBLJANA - BEŽIGRAD,2022-08-04 19:50,30.1,36,
_1828,LJUBLJANA - BEŽIGRAD,2022-08-04 20:00,29.7,37,0
_1828,LJUBLJANA - BEŽIGRAD,2022-08-04 20:10,29.3,39,
_1828,LJUBLJANA - BEŽIGRAD,2022-08-04 20:20,29,40,
_1828,LJUBLJANA - BEŽIGRAD,2022-08-04 20:30,28.5,41,0
_1828,LJUBLJANA - BEŽIGRAD,2022-08-04 20:40,28.2,42,
_1828,LJUBLJANA - BEŽIGRAD,2022-08-04 20:50,27.9,43,
_1828,LJUBLJANA - BEŽIGRAD,2022-08-04 21:00,27.5,44,0
_1828,LJUBLJANA - BEŽIGRAD,2022-08-04 21:10,27,46,
_1828,LJUBLJANA - BEŽIGRAD,2022-08-04 21:20,26.6,48,
_1828,LJUBLJANA - BEŽIGRAD,2022-08-04 21:30,26.2,49,0
_1828,LJUBLJANA - BEŽIGRAD,2022-08-04 21:40,25.9,51,
_1828,LJUBLJANA - BEŽIGRAD,2022-08-04 21:50,25.6,52,
_1828,LJUBLJANA - BEŽIGRAD,2022-08-04 22:00,25.5,53,0
_1828,LJUBLJANA - BEŽIGRAD,2022-08-04 22:10,25.1,54,
_1828,LJUBLJANA - BEŽIGRAD,2022-08-04 22:20,25,55,
_1828,LJUBLJANA - BEŽIGRAD,2022-08-04 22:30,24.6,56,0
_1828,LJUBLJANA - BEŽIGRAD,2022-08-04 22:40,24.4,57,
_1828,LJUBLJANA - BEŽIGRAD,2022-08-04 22:50,24.1,58,
_1828,LJUBLJANA - BEŽIGRAD,2022-08-04 23:00,24,59,0
_1828,LJUBLJANA - BEŽIGRAD,2022-08-04 23:10,24.2,58,
_1828,LJUBLJANA - BEŽIGRAD,2022-08-04 23:20,24.2,57,
_1828,LJUBLJANA - BEŽIGRAD,2022-08-04 23:30,23.9,59,0
_1828,LJUBLJANA - BEŽIGRAD,2022-08-04 23:40,23.8,60,
_1828,LJUBLJANA - BEŽIGRAD,2022-08-04 23:50,23.6,62,
_1828,LJUBLJANA - BEŽIGRAD,2022-08-05 00:00,23.5,63,0
_1828,LJUBLJANA - BEŽIGRAD,2022-08-05 00:10,23.3,63,
_1828,LJUBLJANA - BEŽIGRAD,2022-08-05 00:20,23.1,64,
_1828,LJUBLJANA - BEŽIGRAD,2022-08-05 00:30,22.9,64,0
_1828,LJUBLJANA - BEŽIGRAD,2022-08-05 00:40,22.8,64,
_1828,LJUBLJANA - BEŽIGRAD,2022-08-05 00:50,22.6,64,
_1828,LJUBLJANA - BEŽIGRAD,2022-08-05 01:00,22.4,65,0
_1828,LJUBLJANA - BEŽIGRAD,2022-08-05 01:10,22.2,66,
_1828,LJUBLJANA - BEŽIGRAD,2022-08-05 01:20,22,68,
_1828,LJUBLJANA - BEŽIGRAD,2022-08-05 01:30,21.9,69,0
_1828,LJUBLJANA - BEŽIGRAD,2022-08-05 01:40,21.7,69,
_1828,LJUBLJANA - BEŽIGRAD,2022-08-05 01:50,21.5,70,
_1828,LJUBLJANA - BEŽIGRAD,2022-08-05 02:00,21.4,70,0
_1828,LJUBLJANA - BEŽIGRAD,2022-08-05 02:10,21.2,71,
_1828,LJUBLJANA - BEŽIGRAD,2022-08-05 02:20,21.2,70,
_1828,LJUBLJANA - BEŽIGRAD,2022-08-05 02:30,21.3,70,0
_1828,LJUBLJANA - BEŽIGRAD,2022-08-05 02:40,21.1,71,
_1828,LJUBLJANA - BEŽIGRAD,2022-08-05 02:50,21,72,
_1828,LJUBLJANA - BEŽIGRAD,2022-08-05 03:00,20.7,73,0
_1828,LJUBLJANA - BEŽIGRAD,2022-08-05 03:10,20.5,75,
_1828,LJUBLJANA - BEŽIGRAD,2022-08-05 03:20,20.3,75,
_1828,LJUBLJANA - BEŽIGRAD,2022-08-05 03:30,20.3,74,0
_1828,LJUBLJANA - BEŽIGRAD,2022-08-05 03:40,20.2,74,
_1828,LJUBLJANA - BEŽIGRAD,2022-08-05 03:50,20.1,74,
_1828,LJUBLJANA - BEŽIGRAD,2022-08-05 04:00,20.2,73,0
_1828,LJUBLJANA - BEŽIGRAD,2022-08-05 04:10,20,75,
_1828,LJUBLJANA - BEŽIGRAD,2022-08-05 04:20,19.9,76,
_1828,LJUBLJANA - BEŽIGRAD,2022-08-05 04:30,19.7,76,0
_1828,LJUBLJANA - BEŽIGRAD,2022-08-05 04:40,19.6,77,
_1828,LJUBLJANA - BEŽIGRAD,2022-08-05 04:50,19.4,78,
_1828,LJUBLJANA - BEŽIGRAD,2022-08-05 05:00,19.2,78,0
_1828,LJUBLJANA - BEŽIGRAD,2022-08-05 05:10,19.2,78,
_1828,LJUBLJANA - BEŽIGRAD,2022-08-05 05:20,19.1,79,
_1828,LJUBLJANA - BEŽIGRAD,2022-08-05 05:30,19.2,79,0
_1828,LJUBLJANA - BEŽIGRAD,2022-08-05 05:40,19.2,78,
_1828,LJUBLJANA - BEŽIGRAD,2022-08-05 05:50,19.4,78,
_1828,LJUBLJANA - BEŽIGRAD,2022-08-05 06:00,19.7,77,0
_1828,LJUBLJANA - BEŽIGRAD,2022-08-05 06:10,20,75,
_1828,LJUBLJANA - BEŽIGRAD,2022-08-05 06:20,20.4,73,
_1828,LJUBLJANA - BEŽIGRAD,2022-08-05 06:30,20.8,72,0
_1828,LJUBLJANA - BEŽIGRAD,2022-08-05 06:40,20.9,72,
_1828,LJUBLJANA - BEŽIGRAD,2022-08-05 06:50,21.1,71,
_1828,LJUBLJANA - BEŽIGRAD,2022-08-05 07:00,21.4,70,0
_1828,LJUBLJANA - BEŽIGRAD,2022-08-05 07:10,21.8,68,
_1828,LJUBLJANA - BEŽIGRAD,2022-08-05 07:20,21.9,68,
_1828,LJUBLJANA - BEŽIGRAD,2022-08-05 07:30,22.2,66,0
_1828,LJUBLJANA - BEŽIGRAD,2022-08-05 07:40,22.7,64,
_1828,LJUBLJANA - BEŽIGRAD,2022-08-05 07:50,23,63,
_1828,LJUBLJANA - BEŽIGRAD,2022-08-05 08:00,23.2,62,0
_1828,LJUBLJANA - BEŽIGRAD,2022-08-05 08:10,23.7,60,
_1828,LJUBLJANA - BEŽIGRAD,2022-08-05 08:20,24.1,59,
_1828,LJUBLJANA - BEŽIGRAD,2022-08-05 08:30,24.8,57,0
_1828,LJUBLJANA - BEŽIGRAD,2022-08-05 08:40,25.2,56,
_1828,LJUBLJANA - BEŽIGRAD,2022-08-05 08:50,25.8,54,
_1828,LJUBLJANA - BEŽIGRAD,2022-08-05 09:00,26.3,52,0
_1828,LJUBLJANA - BEŽIGRAD,2022-08-05 09:10,26.9,50,
_1828,LJUBLJANA - BEŽIGRAD,2022-08-05 09:20,27.2,49,
_1828,LJUBLJANA - BEŽIGRAD,2022-08-05 09:30,27.6,48,0
_1828,LJUBLJANA - BEŽIGRAD,2022-08-05 09:40,28.1,47,
_1828,LJUBLJANA - BEŽIGRAD,2022-08-05 09:50,29,45,
_1828,LJUBLJANA - BEŽIGRAD,2022-08-05 10:00,29.2,44,0
_1828,LJUBLJANA - BEŽIGRAD,2022-08-05 10:10,29.5,43,
_1828,LJUBLJANA - BEŽIGRAD,2022-08-05 10:20,30.1,42,
_1828,LJUBLJANA - BEŽIGRAD,2022-08-05 10:30,30.7,40,0
_1828,LJUBLJANA - BEŽIGRAD,2022-08-05 10:40,31.2,38,
_1828,LJUBLJANA - BEŽIGRAD,2022-08-05 10:50,31.5,38,
_1828,LJUBLJANA - BEŽIGRAD,2022-08-05 11:00,31.8,37,0
_1828,LJUBLJANA - BEŽIGRAD,2022-08-05 11:10,32.3,36,
_1828,LJUBLJANA - BEŽIGRAD,2022-08-05 11:20,32.9,35,
_1828,LJUBLJANA - BEŽIGRAD,2022-08-05 11:30,33.1,34,0
_1828,LJUBLJANA - BEŽIGRAD,2022-08-05 11:40,33.5,33,
_1828,LJUBLJANA - BEŽIGRAD,2022-08-05 11:50,34,33,
_1828,LJUBLJANA - BEŽIGRAD,2022-08-05 12:00,34.1,31,0
_1828,LJUBLJANA - BEŽIGRAD,2022-08-05 12:10,34.5,30,
_1828,LJUBLJANA - BEŽIGRAD,2022-08-05 12:20,34.6,30,
_1828,LJUBLJANA - BEŽIGRAD,2022-08-05 12:30,34.7,31,0
_1828,LJUBLJANA - BEŽIGRAD,2022-08-05 12:40,35,31,
_1828,LJUBLJANA - BEŽIGRAD,2022-08-05 12:50,35.3,30,
_1828,LJUBLJANA - BEŽIGRAD,2022-08-05 13:00,35.5,29,0
_1828,LJUBLJANA - BEŽIGRAD,2022-08-05 13:10,35.7,29,
_1828,LJUBLJANA - BEŽIGRAD,2022-08-05 13:20,35.9,29,
_1828,LJUBLJANA - BEŽIGRAD,2022-08-05 13:30,36,28,0
_1828,LJUBLJANA - BEŽIGRAD,2022-08-05 13:40,36,27,
_1828,LJUBLJANA - BEŽIGRAD,2022-08-05 13:50,36.1,27,
_1828,LJUBLJANA - BEŽIGRAD,2022-08-05 14:00,36.1,26,0
_1828,LJUBLJANA - BEŽIGRAD,2022-08-05 14:10,36.3,25,
_1828,LJUBLJANA - BEŽIGRAD,2022-08-05 14:20,36.9,25,
_1828,LJUBLJANA - BEŽIGRAD,2022-08-05 14:30,37,26,0
_1828,LJUBLJANA - BEŽIGRAD,2022-08-05 14:40,37,25,
_1828,LJUBLJANA - BEŽIGRAD,2022-08-05 14:50,36.9,26,
_1828,LJUBLJANA - BEŽIGRAD,2022-08-05 15:00,37.1,25,0
_1828,LJUBLJANA - BEŽIGRAD,2022-08-05 15:10,37,24,
_1828,LJUBLJANA - BEŽIGRAD,2022-08-05 15:20,36.8,24,
_1828,LJUBLJANA - BEŽIGRAD,2022-08-05 15:30,36.6,23,0
_1828,LJUBLJANA - BEŽIGRAD,2022-08-05 15:40,36.9,22,
_1828,LJUBLJANA - BEŽIGRAD,2022-08-05 15:50,37,24,
_1828,LJUBLJANA - BEŽIGRAD,2022-08-05 16:00,37.1,25,0
_1828,LJUBLJANA - BEŽIGRAD,2022-08-05 16:10,36.7,26,
_1828,LJUBLJANA - BEŽIGRAD,2022-08-05 16:20,36.7,26,
_1828,LJUBLJANA - BEŽIGRAD,2022-08-05 16:30,37,25,0
_1828,LJUBLJANA - BEŽIGRAD,2022-08-05 16:40,36.2,26,
_1828,LJUBLJANA - BEŽIGRAD,2022-08-05 16:50,36.6,27,
_1828,LJUBLJANA - BEŽIGRAD,2022-08-05 17:00,36.3,28,0
_1828,LJUBLJANA - BEŽIGRAD,2022-08-05 17:10,36.2,28,
_1828,LJUBLJANA - BEŽIGRAD,2022-08-05 17:20,36.2,29,
_1828,LJUBLJANA - BEŽIGRAD,2022-08-05 17:30,35.8,30,0
_1828,LJUBLJANA - BEŽIGRAD,2022-08-05 17:40,35.6,31,
_1828,LJUBLJANA - BEŽIGRAD,2022-08-05 17:50,35.5,31,
_1828,LJUBLJANA - BEŽIGRAD,2022-08-05 18:00,35.4,31,0
_1828,LJUBLJANA - BEŽIGRAD,2022-08-05 18:10,35,32,
_1828,LJUBLJANA - BEŽIGRAD,2022-08-05 18:20,34.4,33,
_1828,LJUBLJANA - BEŽIGRAD,2022-08-05 18:30,34,33,0
_1828,LJUBLJANA - BEŽIGRAD,2022-08-05 18:40,33.7,34,
_1828,LJUBLJANA - BEŽIGRAD,2022-08-05 18:50,33.4,35,
_1828,LJUBLJANA - BEŽIGRAD,2022-08-05 19:00,32.7,36,0
_1828,LJUBLJANA - BEŽIGRAD,2022-08-05 19:10,32.1,37,
_1828,LJUBLJANA - BEŽIGRAD,2022-08-05 19:20,31.7,38,
_1828,LJUBLJANA - BEŽIGRAD,2022-08-05 19:30,31.4,39,0
_1828,LJUBLJANA - BEŽIGRAD,2022-08-05 19:40,31.2,39,
_1828,LJUBLJANA - BEŽIGRAD,2022-08-05 19:50,31,40,
_1828,LJUBLJANA - BEŽIGRAD,2022-08-05 20:00,30.7,41,0
_1828,LJUBLJANA - BEŽIGRAD,2022-08-05 20:10,30.4,42,
_1828,LJUBLJANA - BEŽIGRAD,2022-08-05 20:20,30.2,42,
_1828,LJUBLJANA - BEŽIGRAD,2022-08-05 20:30,30.1,42,0
_1828,LJUBLJANA - BEŽIGRAD,2022-08-05 20:40,30,42,
_1828,LJUBLJANA - BEŽIGRAD,2022-08-05 20:50,29.9,41,
_1828,LJUBLJANA - BEŽIGRAD,2022-08-05 21:00,29.6,40,0
_1828,LJUBLJANA - BEŽIGRAD,2022-08-05 21:10,29.5,40,
_1828,LJUBLJANA - BEŽIGRAD,2022-08-05 21:20,29.3,41,
_1828,LJUBLJANA - BEŽIGRAD,2022-08-05 21:30,29,42,0
_1828,LJUBLJANA - BEŽIGRAD,2022-08-05 21:40,28.6,44,
_1828,LJUBLJANA - BEŽIGRAD,2022-08-05 21:50,28.4,45,
_1828,LJUBLJANA - BEŽIGRAD,2022-08-05 22:00,28.1,46,0
_1828,LJUBLJANA - BEŽIGRAD,2022-08-05 22:10,27.9,47,
_1828,LJUBLJANA - BEŽIGRAD,2022-08-05 22:20,27.6,48,
_1828,LJUBLJANA - BEŽIGRAD,2022-08-05 22:30,27.5,49,0
_1828,LJUBLJANA - BEŽIGRAD,2022-08-05 22:40,27.4,50,
_1828,LJUBLJANA - BEŽIGRAD,2022-08-05 22:50,27.2,50,
_1828,LJUBLJANA - BEŽIGRAD,2022-08-05 23:00,27,52,0
_1828,LJUBLJANA - BEŽIGRAD,2022-08-05 23:10,26.8,52,
_1828,LJUBLJANA - BEŽIGRAD,2022-08-05 23:20,26.7,53,
_1828,LJUBLJANA - BEŽIGRAD,2022-08-05 23:30,26.7,53,0
_1828,LJUBLJANA - BEŽIGRAD,2022-08-05 23:40,26.5,53,
_1828,LJUBLJANA - BEŽIGRAD,2022-08-05 23:50,26.4,53,
_1828,LJUBLJANA - BEŽIGRAD,2022-08-06 00:00,26.4,54,0
_1828,LJUBLJANA - BEŽIGRAD,2022-08-06 00:10,26.2,54,
_1828,LJUBLJANA - BEŽIGRAD,2022-08-06 00:20,26,55,
_1828,LJUBLJANA - BEŽIGRAD,2022-08-06 00:30,25.7,56,0
_1828,LJUBLJANA - BEŽIGRAD,2022-08-06 00:40,25.5,57,
_1828,LJUBLJANA - BEŽIGRAD,2022-08-06 00:50,25.3,58,
_1828,LJUBLJANA - BEŽIGRAD,2022-08-06 01:00,25.1,58,0
_1828,LJUBLJANA - BEŽIGRAD,2022-08-06 01:10,24.8,59,
_1828,LJUBLJANA - BEŽIGRAD,2022-08-06 01:20,24.8,60,
_1828,LJUBLJANA - BEŽIGRAD,2022-08-06 01:30,24.8,61,0
_1828,LJUBLJANA - BEŽIGRAD,2022-08-06 01:40,24.6,60,
_1828,LJUBLJANA - BEŽIGRAD,2022-08-06 01:50,24.4,60,
_1828,LJUBLJANA - BEŽIGRAD,2022-08-06 02:00,24.1,61,0
_1828,LJUBLJANA - BEŽIGRAD,2022-08-06 02:10,23.9,62,
_1828,LJUBLJANA - BEŽIGRAD,2022-08-06 02:20,23.8,62,
_1828,LJUBLJANA - BEŽIGRAD,2022-08-06 02:30,23.6,63,0
_1828,LJUBLJANA - BEŽIGRAD,2022-08-06 02:40,23.5,64,
_1828,LJUBLJANA - BEŽIGRAD,2022-08-06 02:50,23.3,65,
_1828,LJUBLJANA - BEŽIGRAD,2022-08-06 03:00,23.1,66,0
_1828,LJUBLJANA - BEŽIGRAD,2022-08-06 03:10,23,66,
_1828,LJUBLJANA - BEŽIGRAD,2022-08-06 03:20,23,66,
_1828,LJUBLJANA - BEŽIGRAD,2022-08-06 03:30,22.9,67,0
_1828,LJUBLJANA - BEŽIGRAD,2022-08-06 03:40,22.7,68,
_1828,LJUBLJANA - BEŽIGRAD,2022-08-06 03:50,22.5,68,
_1828,LJUBLJANA - BEŽIGRAD,2022-08-06 04:00,22.4,69,0
_1828,LJUBLJANA - BEŽIGRAD,2022-08-06 04:10,22.3,70,
_1828,LJUBLJANA - BEŽIGRAD,2022-08-06 04:20,22.2,70,
_1828,LJUBLJANA - BEŽIGRAD,2022-08-06 04:30,22.1,70,0
_1828,LJUBLJANA - BEŽIGRAD,2022-08-06 04:40,22.1,70,
_1828,LJUBLJANA - BEŽIGRAD,2022-08-06 04:50,22.1,70,
_1828,LJUBLJANA - BEŽIGRAD,2022-08-06 05:00,22,71,0
_1828,LJUBLJANA - BEŽIGRAD,2022-08-06 05:10,21.8,72,
_1828,LJUBLJANA - BEŽIGRAD,2022-08-06 05:20,21.7,72,
_1828,LJUBLJANA - BEŽIGRAD,2022-08-06 05:30,21.7,72,0
_1828,LJUBLJANA - BEŽIGRAD,2022-08-06 05:40,21.8,72,
_1828,LJUBLJANA - BEŽIGRAD,2022-08-06 05:50,21.8,71,
_1828,LJUBLJANA - BEŽIGRAD,2022-08-06 06:00,21.9,70,0
_1828,LJUBLJANA - BEŽIGRAD,2022-08-06 06:10,22.2,68,
_1828,LJUBLJANA - BEŽIGRAD,2022-08-06 06:20,22.7,67,
_1828,LJUBLJANA - BEŽIGRAD,2022-08-06 06:30,23.3,65,0
_1828,LJUBLJANA - BEŽIGRAD,2022-08-06 06:40,23.8,63,
_1828,LJUBLJANA - BEŽIGRAD,2022-08-06 06:50,24.3,61,
_1828,LJUBLJANA - BEŽIGRAD,2022-08-06 07:00,24.2,62,0
_1828,LJUBLJANA - BEŽIGRAD,2022-08-06 07:10,24.6,61,
_1828,LJUBLJANA - BEŽIGRAD,2022-08-06 07:20,24.6,61,
_1828,LJUBLJANA - BEŽIGRAD,2022-08-06 07:30,25.1,59,0
_1828,LJUBLJANA - BEŽIGRAD,2022-08-06 07:40,25.5,58,
_1828,LJUBLJANA - BEŽIGRAD,2022-08-06 07:50,25.8,57,
_1828,LJUBLJANA - BEŽIGRAD,2022-08-06 08:00,26.2,56,0
_1828,LJUBLJANA - BEŽIGRAD,2022-08-06 08:10,26.4,55,
_1828,LJUBLJANA - BEŽIGRAD,2022-08-06 08:20,26.9,55,
_1828,LJUBLJANA - BEŽIGRAD,2022-08-06 08:30,27.3,54,0
_1828,LJUBLJANA - BEŽIGRAD,2022-08-06 08:40,27.7,52,
_1828,LJUBLJANA - BEŽIGRAD,2022-08-06 08:50,28.1,51,
_1828,LJUBLJANA - BEŽIGRAD,2022-08-06 09:00,28.7,49,0
_1828,LJUBLJANA - BEŽIGRAD,2022-08-06 09:10,29.1,48,
_1828,LJUBLJANA - BEŽIGRAD,2022-08-06 09:20,29.6,47,
_1828,LJUBLJANA - BEŽIGRAD,2022-08-06 09:30,29.8,47,0
_1828,LJUBLJANA - BEŽIGRAD,2022-08-06 09:40,30.5,45,
_1828,LJUBLJANA - BEŽIGRAD,2022-08-06 09:50,30.6,44,
_1828,LJUBLJANA - BEŽIGRAD,2022-08-06 10:00,31,43,0
_1828,LJUBLJANA - BEŽIGRAD,2022-08-06 10:10,31.4,42,
_1828,LJUBLJANA - BEŽIGRAD,2022-08-06 10:20,31.8,40,
_1828,LJUBLJANA - BEŽIGRAD,2022-08-06 10:30,32.6,38,0
_1828,LJUBLJANA - BEŽIGRAD,2022-08-06 10:40,32.9,37,
_1828,LJUBLJANA - BEŽIGRAD,2022-08-06 10:50,33,37,
_1828,LJUBLJANA - BEŽIGRAD,2022-08-06 11:00,32.5,37,0
_1828,LJUBLJANA - BEŽIGRAD,2022-08-06 11:10,32,38,
_1828,LJUBLJANA - BEŽIGRAD,2022-08-06 11:20,31.4,39,
_1828,LJUBLJANA - BEŽIGRAD,2022-08-06 11:30,30.7,40,0
_1828,LJUBLJANA - BEŽIGRAD,2022-08-06 11:40,31.1,40,
_1828,LJUBLJANA - BEŽIGRAD,2022-08-06 11:50,31.2,40,
_1828,LJUBLJANA - BEŽIGRAD,2022-08-06 12:00,31.6,40,0
_1828,LJUBLJANA - BEŽIGRAD,2022-08-06 12:10,31.6,39,
_1828,LJUBLJANA - BEŽIGRAD,2022-08-06 12:20,31.3,40,
_1828,LJUBLJANA - BEŽIGRAD,2022-08-06 12:30,31.1,40,0
_1828,LJUBLJANA - BEŽIGRAD,2022-08-06 12:40,29.6,48,
_1828,LJUBLJANA - BEŽIGRAD,2022-08-06 12:50,27.4,62,
_1828,LJUBLJANA - BEŽIGRAD,2022-08-06 13:00,24.4,77,5.3
_1828,LJUBLJANA - BEŽIGRAD,2022-08-06 13:10,22.1,87,
_1828,LJUBLJANA - BEŽIGRAD,2022-08-06 13:20,21.6,90,
_1828,LJUBLJANA - BEŽIGRAD,2022-08-06 13:30,21.9,87,6.6
_1828,LJUBLJANA - BEŽIGRAD,2022-08-06 13:40,22.1,85,
_1828,LJUBLJANA - BEŽIGRAD,2022-08-06 13:50,22.2,88,
_1828,LJUBLJANA - BEŽIGRAD,2022-08-06 14:00,23.6,86,0.1
_1828,LJUBLJANA - BEŽIGRAD,2022-08-06 14:10,24.5,80,
_1828,LJUBLJANA - BEŽIGRAD,2022-08-06 14:20,25.1,76,
_1828,LJUBLJANA - BEŽIGRAD,2022-08-06 14:30,25.7,72,0
_1828,LJUBLJANA - BEŽIGRAD,2022-08-06 14:40,26.3,70,
_1828,LJUBLJANA - BEŽIGRAD,2022-08-06 14:50,26.6,69,
_1828,LJUBLJANA - BEŽIGRAD,2022-08-06 15:00,27.1,67,0
_1828,LJUBLJANA - BEŽIGRAD,2022-08-06 15:10,28.1,62,
_1828,LJUBLJANA - BEŽIGRAD,2022-08-06 15:20,28.4,55,
_1828,LJUBLJANA - BEŽIGRAD,2022-08-06 15:30,28.5,52,0
_1828,LJUBLJANA - BEŽIGRAD,2022-08-06 15:40,28.8,53,
_1828,LJUBLJANA - BEŽIGRAD,2022-08-06 15:50,29,52,
_1828,LJUBLJANA - BEŽIGRAD,2022-08-06 16:00,28.6,55,0
_1828,LJUBLJANA - BEŽIGRAD,2022-08-06 16:10,28.2,55,
_1828,LJUBLJANA - BEŽIGRAD,2022-08-06 16:20,28.1,53,
_1828,LJUBLJANA - BEŽIGRAD,2022-08-06 16:30,28.2,51,0
_1828,LJUBLJANA - BEŽIGRAD,2022-08-06 16:40,28.1,51,
_1828,LJUBLJANA - BEŽIGRAD,2022-08-06 16:50,28.1,50,
_1828,LJUBLJANA - BEŽIGRAD,2022-08-06 17:00,28.1,48,0
_1828,LJUBLJANA - BEŽIGRAD,2022-08-06 17:10,28.1,48,
_1828,LJUBLJANA - BEŽIGRAD,2022-08-06 17:20,28.1,48,
_1828,LJUBLJANA - BEŽIGRAD,2022-08-06 17:30,28,48,0
_1828,LJUBLJANA - BEŽIGRAD,2022-08-06 17:40,27.9,48,
_1828,LJUBLJANA - BEŽIGRAD,2022-08-06 17:50,27.9,47,
_1828,LJUBLJANA - BEŽIGRAD,2022-08-06 18:00,27.8,48,0
_1828,LJUBLJANA - BEŽIGRAD,2022-08-06 18:10,27.6,48,
_1828,LJUBLJANA - BEŽIGRAD,2022-08-06 18:20,27.5,48,
_1828,LJUBLJANA - BEŽIGRAD,2022-08-06 18:30,27.3,48,0
_1828,LJUBLJANA - BEŽIGRAD,2022-08-06 18:40,27.1,50,
_1828,LJUBLJANA - BEŽIGRAD,2022-08-06 18:50,26.9,51,
_1828,LJUBLJANA - BEŽIGRAD,2022-08-06 19:00,26.7,52,0
_1828,LJUBLJANA - BEŽIGRAD,2022-08-06 19:10,26.5,53,
_1828,LJUBLJANA - BEŽIGRAD,2022-08-06 19:20,26.3,54,
_1828,LJUBLJANA - BEŽIGRAD,2022-08-06 19:30,26.1,55,0
_1828,LJUBLJANA - BEŽIGRAD,2022-08-06 19:40,26,55,
_1828,LJUBLJANA - BEŽIGRAD,2022-08-06 19:50,25.8,56,
_1828,LJUBLJANA - BEŽIGRAD,2022-08-06 20:00,25.7,57,0
_1828,LJUBLJANA - BEŽIGRAD,2022-08-06 20:10,25.5,58,
_1828,LJUBLJANA - BEŽIGRAD,2022-08-06 20:20,25.3,60,
_1828,LJUBLJANA - BEŽIGRAD,2022-08-06 20:30,25,62,0
_1828,LJUBLJANA - BEŽIGRAD,2022-08-06 20:40,24.8,63,
_1828,LJUBLJANA - BEŽIGRAD,2022-08-06 20:50,24.7,64,
_1828,LJUBLJANA - BEŽIGRAD,2022-08-06 21:00,24.6,64,0
_1828,LJUBLJANA - BEŽIGRAD,2022-08-06 21:10,24.5,64,
_1828,LJUBLJANA - BEŽIGRAD,2022-08-06 21:20,24.4,64,
_1828,LJUBLJANA - BEŽIGRAD,2022-08-06 21:30,24.5,63,0
_1828,LJUBLJANA - BEŽIGRAD,2022-08-06 21:40,24.5,63,
_1828,LJUBLJANA - BEŽIGRAD,2022-08-06 21:50,24.5,63,
_1828,LJUBLJANA - BEŽIGRAD,2022-08-06 22:00,24.3,64,0
_1828,LJUBLJANA - BEŽIGRAD,2022-08-06 22:10,24.2,64,
_1828,LJUBLJANA - BEŽIGRAD,2022-08-06 22:20,24.1,64,
_1828,LJUBLJANA - BEŽIGRAD,2022-08-06 22:30,23.9,63,0
_1828,LJUBLJANA - BEŽIGRAD,2022-08-06 22:40,23.8,61,
_1828,LJUBLJANA - BEŽIGRAD,2022-08-06 22:50,23.6,60,
_1828,LJUBLJANA - BEŽIGRAD,2022-08-06 23:00,23.5,60,0
_1828,LJUBLJANA - BEŽIGRAD,2022-08-06 23:10,23.3,60,
_1828,LJUBLJANA - BEŽIGRAD,2022-08-06 23:20,23.1,61,
_1828,LJUBLJANA - BEŽIGRAD,2022-08-06 23:30,22.9,62,0
_1828,LJUBLJANA - BEŽIGRAD,2022-08-06 23:40,22.8,62,
_1828,LJUBLJANA - BEŽIGRAD,2022-08-06 23:50,22.6,63,
_1828,LJUBLJANA - BEŽIGRAD,2022-08-07 00:00,22.4,63,0
_1828,LJUBLJANA - BEŽIGRAD,2022-08-07 00:10,22.3,63,
_1828,LJUBLJANA - BEŽIGRAD,2022-08-07 00:20,22.2,63,
_1828,LJUBLJANA - BEŽIGRAD,2022-08-07 00:30,22.1,63,0
_1828,LJUBLJANA - BEŽIGRAD,2022-08-07 00:40,22.1,63,
_1828,LJUBLJANA - BEŽIGRAD,2022-08-07 00:50,21.9,64,
_1828,LJUBLJANA - BEŽIGRAD,2022-08-07 01:00,21.7,65,0
_1828,LJUBLJANA - BEŽIGRAD,2022-08-07 01:10,21.5,65,
_1828,LJUBLJANA - BEŽIGRAD,2022-08-07 01:20,21.4,66,
_1828,LJUBLJANA - BEŽIGRAD,2022-08-07 01:30,21.2,67,0
_1828,LJUBLJANA - BEŽIGRAD,2022-08-07 01:40,21,68,
_1828,LJUBLJANA - BEŽIGRAD,2022-08-07 01:50,20.8,69,
_1828,LJUBLJANA - BEŽIGRAD,2022-08-07 02:00,20.6,69,0
_1828,LJUBLJANA - BEŽIGRAD,2022-08-07 02:10,20.5,70,
_1828,LJUBLJANA - BEŽIGRAD,2022-08-07 02:20,20.3,71,
_1828,LJUBLJANA - BEŽIGRAD,2022-08-07 02:30,20.2,71,0
_1828,LJUBLJANA - BEŽIGRAD,2022-08-07 02:40,20.1,71,
_1828,LJUBLJANA - BEŽIGRAD,2022-08-07 02:50,20,71,
_1828,LJUBLJANA - BEŽIGRAD,2022-08-07 03:00,19.9,72,0
_1828,LJUBLJANA - BEŽIGRAD,2022-08-07 03:10,19.9,72,
_1828,LJUBLJANA - BEŽIGRAD,2022-08-07 03:20,19.8,72,
_1828,LJUBLJANA - BEŽIGRAD,2022-08-07 03:30,19.6,73,0
_1828,LJUBLJANA - BEŽIGRAD,2022-08-07 03:40,19.5,73,
_1828,LJUBLJANA - BEŽIGRAD,2022-08-07 03:50,19.5,73,
_1828,LJUBLJANA - BEŽIGRAD,2022-08-07 04:00,19.4,73,0
_1828,LJUBLJANA - BEŽIGRAD,2022-08-07 04:10,19.3,73,
_1828,LJUBLJANA - BEŽIGRAD,2022-08-07 04:20,19.2,73,
_1828,LJUBLJANA - BEŽIGRAD,2022-08-07 04:30,19.1,73,0
_1828,LJUBLJANA - BEŽIGRAD,2022-08-07 04:40,19,74,
_1828,LJUBLJANA - BEŽIGRAD,2022-08-07 04:50,18.9,74,
_1828,LJUBLJANA - BEŽIGRAD,2022-08-07 05:00,18.9,74,0
_1828,LJUBLJANA - BEŽIGRAD,2022-08-07 05:10,18.8,74,
_1828,LJUBLJANA - BEŽIGRAD,2022-08-07 05:20,18.8,74,
_1828,LJUBLJANA - BEŽIGRAD,2022-08-07 05:30,18.9,73,0
_1828,LJUBLJANA - BEŽIGRAD,2022-08-07 05:40,19,73,
_1828,LJUBLJANA - BEŽIGRAD,2022-08-07 05:50,19.1,73,
_1828,LJUBLJANA - BEŽIGRAD,2022-08-07 06:00,19.2,72,0
_1828,LJUBLJANA - BEŽIGRAD,2022-08-07 06:10,19.3,71,
_1828,LJUBLJANA - BEŽIGRAD,2022-08-07 06:20,19.5,70,
_1828,LJUBLJANA - BEŽIGRAD,2022-08-07 06:30,19.7,70,0
_1828,LJUBLJANA - BEŽIGRAD,2022-08-07 06:40,20,69,
_1828,LJUBLJANA - BEŽIGRAD,2022-08-07 06:50,19.8,69,
_1828,LJUBLJANA - BEŽIGRAD,2022-08-07 07:00,20.1,68,0
_1828,LJUBLJANA - BEŽIGRAD,2022-08-07 07:10,20.1,67,
_1828,LJUBLJANA - BEŽIGRAD,2022-08-07 07:20,20.2,67,
_1828,LJUBLJANA - BEŽIGRAD,2022-08-07 07:30,20.3,66,0
_1828,LJUBLJANA - BEŽIGRAD,2022-08-07 07:40,20.3,66,
_1828,LJUBLJANA - BEŽIGRAD,2022-08-07 07:50,20.4,66,
_1828,LJUBLJANA - BEŽIGRAD,2022-08-07 08:00,20.6,65,0
_1828,LJUBLJANA - BEŽIGRAD,2022-08-07 08:10,20.6,65,
_1828,LJUBLJANA - BEŽIGRAD,2022-08-07 08:20,20.6,65,
_1828,LJUBLJANA - BEŽIGRAD,2022-08-07 08:30,20.9,64,0
_1828,LJUBLJANA - BEŽIGRAD,2022-08-07 08:40,21.2,63,
_1828,LJUBLJANA - BEŽIGRAD,2022-08-07 08:50,21.4,62,
_1828,LJUBLJANA - BEŽIGRAD,2022-08-07 09:00,21.4,61,0
_1828,LJUBLJANA - BEŽIGRAD,2022-08-07 09:10,21.6,60,
_1828,LJUBLJANA - BEŽIGRAD,2022-08-07 09:20,22.2,59,
_1828,LJUBLJANA - BEŽIGRAD,2022-08-07 09:30,22.3,59,0
_1828,LJUBLJANA - BEŽIGRAD,2022-08-07 09:40,22,59,
_1828,LJUBLJANA - BEŽIGRAD,2022-08-07 09:50,22,59,
_1828,LJUBLJANA - BEŽIGRAD,2022-08-07 10:00,22,59,0
_1828,LJUBLJANA - BEŽIGRAD,2022-08-07 10:10,21.9,59,
_1828,LJUBLJANA - BEŽIGRAD,2022-08-07 10:20,22.2,59,
_1828,LJUBLJANA - BEŽIGRAD,2022-08-07 10:30,22.3,59,0
_1828,LJUBLJANA - BEŽIGRAD,2022-08-07 10:40,22.3,58,
_1828,LJUBLJANA - BEŽIGRAD,2022-08-07 10:50,22.2,59,
_1828,LJUBLJANA - BEŽIGRAD,2022-08-07 11:00,22.5,58,0
_1828,LJUBLJANA - BEŽIGRAD,2022-08-07 11:10,22.8,57,
_1828,LJUBLJANA - BEŽIGRAD,2022-08-07 11:20,23.5,56,
_1828,LJUBLJANA - BEŽIGRAD,2022-08-07 11:30,23.7,54,0
_1828,LJUBLJANA - BEŽIGRAD,2022-08-07 11:40,24,53,
_1828,LJUBLJANA - BEŽIGRAD,2022-08-07 11:50,24.5,52,
_1828,LJUBLJANA - BEŽIGRAD,2022-08-07 12:00,24.6,52,0
_1828,LJUBLJANA - BEŽIGRAD,2022-08-07 12:10,24.4,53,
_1828,LJUBLJANA - BEŽIGRAD,2022-08-07 12:20,24.4,52,
_1828,LJUBLJANA - BEŽIGRAD,2022-08-07 12:30,24.3,51,0
_1828,LJUBLJANA - BEŽIGRAD,2022-08-07 12:40,24.8,50,
_1828,LJUBLJANA - BEŽIGRAD,2022-08-07 12:50,25,50,
_1828,LJUBLJANA - BEŽIGRAD,2022-08-07 13:00,24.9,50,0
_1828,LJUBLJANA - BEŽIGRAD,2022-08-07 13:10,25.3,50,
_1828,LJUBLJANA - BEŽIGRAD,2022-08-07 13:20,25.3,48,
_1828,LJUBLJANA - BEŽIGRAD,2022-08-07 13:30,25.3,48,0
_1828,LJUBLJANA - BEŽIGRAD,2022-08-07 13:40,25.4,48,
_1828,LJUBLJANA - BEŽIGRAD,2022-08-07 13:50,25.6,47,
_1828,LJUBLJANA - BEŽIGRAD,2022-08-07 14:00,25.9,46,0
_1828,LJUBLJANA - BEŽIGRAD,2022-08-07 14:10,25.8,47,
_1828,LJUBLJANA - BEŽIGRAD,2022-08-07 14:20,26.1,46,
_1828,LJUBLJANA - BEŽIGRAD,2022-08-07 14:30,26.2,45,0
_1828,LJUBLJANA - BEŽIGRAD,2022-08-07 14:40,26,46,
_1828,LJUBLJANA - BEŽIGRAD,2022-08-07 14:50,25.8,46,
_1828,LJUBLJANA - BEŽIGRAD,2022-08-07 15:00,25.5,47,0
_1828,LJUBLJANA - BEŽIGRAD,2022-08-07 15:10,25.7,46,
_1828,LJUBLJANA - BEŽIGRAD,2022-08-07 15:20,25.8,46,
_1828,LJUBLJANA - BEŽIGRAD,2022-08-07 15:30,26.1,46,0
_1828,LJUBLJANA - BEŽIGRAD,2022-08-07 15:40,26.2,45,
_1828,LJUBLJANA - BEŽIGRAD,2022-08-07 15:50,26.3,45,
_1828,LJUBLJANA - BEŽIGRAD,2022-08-07 16:00,26.2,45,0
_1828,LJUBLJANA - BEŽIGRAD,2022-08-07 16:10,26,47,
_1828,LJUBLJANA - BEŽIGRAD,2022-08-07 16:20,25.9,47,
_1828,LJUBLJANA - BEŽIGRAD,2022-08-07 16:30,25.8,47,0
_1828,LJUBLJANA - BEŽIGRAD,2022-08-07 16:40,25.8,47,
_1828,LJUBLJANA - BEŽIGRAD,2022-08-07 16:50,25.7,48,
_1828,LJUBLJANA - BEŽIGRAD,2022-08-07 17:00,25.7,48,0
_1828,LJUBLJANA - BEŽIGRAD,2022-08-07 17:10,25.7,48,
_1828,LJUBLJANA - BEŽIGRAD,2022-08-07 17:20,25.4,49,
_1828,LJUBLJANA - BEŽIGRAD,2022-08-07 17:30,25.3,50,0
_1828,LJUBLJANA - BEŽIGRAD,2022-08-07 17:40,25.2,50,
_1828,LJUBLJANA - BEŽIGRAD,2022-08-07 17:50,25.1,51,
_1828,LJUBLJANA - BEŽIGRAD,2022-08-07 18:00,25,51,0
_1828,LJUBLJANA - BEŽIGRAD,2022-08-07 18:10,25,52,
_1828,LJUBLJANA - BEŽIGRAD,2022-08-07 18:20,25,52,
_1828,LJUBLJANA - BEŽIGRAD,2022-08-07 18:30,24.9,52,0
_1828,LJUBLJANA - BEŽIGRAD,2022-08-07 18:40,24.8,52,
_1828,LJUBLJANA - BEŽIGRAD,2022-08-07 18:50,24.9,51,
_1828,LJUBLJANA - BEŽIGRAD,2022-08-07 19:00,24.9,49,0
_1828,LJUBLJANA - BEŽIGRAD,2022-08-07 19:10,24.9,49,
_1828,LJUBLJANA - BEŽIGRAD,2022-08-07 19:20,24.8,49,
_1828,LJUBLJANA - BEŽIGRAD,2022-08-07 19:30,24.8,50,0
_1828,LJUBLJANA - BEŽIGRAD,2022-08-07 19:40,24.7,50,
_1828,LJUBLJANA - BEŽIGRAD,2022-08-07 19:50,24.7,50,
_1828,LJUBLJANA - BEŽIGRAD,2022-08-07 20:00,24.6,51,0
_1828,LJUBLJANA - BEŽIGRAD,2022-08-07 20:10,24.5,51,
_1828,LJUBLJANA - BEŽIGRAD,2022-08-07 20:20,24.5,51,
_1828,LJUBLJANA - BEŽIGRAD,2022-08-07 20:30,24.3,52,0
_1828,LJUBLJANA - BEŽIGRAD,2022-08-07 20:40,24.3,52,
_1828,LJUBLJANA - BEŽIGRAD,2022-08-07 20:50,24.3,52,
_1828,LJUBLJANA - BEŽIGRAD,2022-08-07 21:00,24.3,52,0
_1828,LJUBLJANA - BEŽIGRAD,2022-08-07 21:10,24.2,52,
_1828,LJUBLJANA - BEŽIGRAD,2022-08-07 21:20,24.1,53,
_1828,LJUBLJANA - BEŽIGRAD,2022-08-07 21:30,24.1,52,0
_1828,LJUBLJANA - BEŽIGRAD,2022-08-07 21:40,24,52,
_1828,LJUBLJANA - BEŽIGRAD,2022-08-07 21:50,24,51,
_1828,LJUBLJANA - BEŽIGRAD,2022-08-07 22:00,24,50,0
_1828,LJUBLJANA - BEŽIGRAD,2022-08-07 22:10,24,50,
_1828,LJUBLJANA - BEŽIGRAD,2022-08-07 22:20,23.9,50,
_1828,LJUBLJANA - BEŽIGRAD,2022-08-07 22:30,23.9,49,0
_1828,LJUBLJANA - BEŽIGRAD,2022-08-07 22:40,23.8,48,
_1828,LJUBLJANA - BEŽIGRAD,2022-08-07 22:50,23.8,48,
_1828,LJUBLJANA - BEŽIGRAD,2022-08-07 23:00,23.6,49,0
_1828,LJUBLJANA - BEŽIGRAD,2022-08-07 23:10,23.6,49,
_1828,LJUBLJANA - BEŽIGRAD,2022-08-07 23:20,23.5,49,
_1828,LJUBLJANA - BEŽIGRAD,2022-08-07 23:30,23.5,48,0
_1828,LJUBLJANA - BEŽIGRAD,2022-08-07 23:40,23.5,48,
_1828,LJUBLJANA - BEŽIGRAD,2022-08-07 23:50,23.5,48,
_1828,LJUBLJANA - BEŽIGRAD,2022-08-08 00:00,23.4,49,0
_1828,LJUBLJANA - BEŽIGRAD,2022-08-08 00:10,23.4,48,
_1828,LJUBLJANA - BEŽIGRAD,2022-08-08 00:20,23.4,48,
_1828,LJUBLJANA - BEŽIGRAD,2022-08-08 00:30,23.3,48,0
_1828,LJUBLJANA - BEŽIGRAD,2022-08-08 00:40,23.3,48,
_1828,LJUBLJANA - BEŽIGRAD,2022-08-08 00:50,23.2,48,
_1828,LJUBLJANA - BEŽIGRAD,2022-08-08 01:00,23.2,48,0
_1828,LJUBLJANA - BEŽIGRAD,2022-08-08 01:10,23.1,49,
_1828,LJUBLJANA - BEŽIGRAD,2022-08-08 01:20,23,48,
_1828,LJUBLJANA - BEŽIGRAD,2022-08-08 01:30,23,48,0
_1828,LJUBLJANA - BEŽIGRAD,2022-08-08 01:40,23,48,
_1828,LJUBLJANA - BEŽIGRAD,2022-08-08 01:50,22.8,49,
_1828,LJUBLJANA - BEŽIGRAD,2022-08-08 02:00,22.8,49,0
_1828,LJUBLJANA - BEŽIGRAD,2022-08-08 02:10,22.7,49,
_1828,LJUBLJANA - BEŽIGRAD,2022-08-08 02:20,22.7,50,
_1828,LJUBLJANA - BEŽIGRAD,2022-08-08 02:30,22.6,50,0
_1828,LJUBLJANA - BEŽIGRAD,2022-08-08 02:40,22.6,50,
_1828,LJUBLJANA - BEŽIGRAD,2022-08-08 02:50,22.6,50,
_1828,LJUBLJANA - BEŽIGRAD,2022-08-08 03:00,22.6,50,0
_1828,LJUBLJANA - BEŽIGRAD,2022-08-08 03:10,22.5,51,
_1828,LJUBLJANA - BEŽIGRAD,2022-08-08 03:20,22.5,51,
_1828,LJUBLJANA - BEŽIGRAD,2022-08-08 03:30,22.4,51,0
_1828,LJUBLJANA - BEŽIGRAD,2022-08-08 03:40,22.4,52,
_1828,LJUBLJANA - BEŽIGRAD,2022-08-08 03:50,22.3,52,
_1828,LJUBLJANA - BEŽIGRAD,2022-08-08 04:00,22.3,52,0
_1828,LJUBLJANA - BEŽIGRAD,2022-08-08 04:10,22.3,52,
_1828,LJUBLJANA - BEŽIGRAD,2022-08-08 04:20,22.2,52,
_1828,LJUBLJANA - BEŽIGRAD,2022-08-08 04:30,22.1,53,0
_1828,LJUBLJANA - BEŽIGRAD,2022-08-08 04:40,22,53,
_1828,LJUBLJANA - BEŽIGRAD,2022-08-08 04:50,21.9,54,
_1828,LJUBLJANA - BEŽIGRAD,2022-08-08 05:00,21.8,55,0
_1828,LJUBLJANA - BEŽIGRAD,2022-08-08 05:10,21.9,54,
_1828,LJUBLJANA - BEŽIGRAD,2022-08-08 05:20,21.9,54,
_1828,LJUBLJANA - BEŽIGRAD,2022-08-08 05:30,21.8,54,0
_1828,LJUBLJANA - BEŽIGRAD,2022-08-08 05:40,21.8,54,
_1828,LJUBLJANA - BEŽIGRAD,2022-08-08 05:50,21.8,54,
_1828,LJUBLJANA - BEŽIGRAD,2022-08-08 06:00,21.7,53,0
_1828,LJUBLJANA - BEŽIGRAD,2022-08-08 06:10,21.8,53,
_1828,LJUBLJANA - BEŽIGRAD,2022-08-08 06:20,21.8,52,
_1828,LJUBLJANA - BEŽIGRAD,2022-08-08 06:30,21.8,52,0
_1828,LJUBLJANA - BEŽIGRAD,2022-08-08 06:40,21.8,53,
_1828,LJUBLJANA - BEŽIGRAD,2022-08-08 06:50,21.9,52,
_1828,LJUBLJANA - BEŽIGRAD,2022-08-08 07:00,21.9,53,0
_1828,LJUBLJANA - BEŽIGRAD,2022-08-08 07:10,21.9,53,
_1828,LJUBLJANA - BEŽIGRAD,2022-08-08 07:20,21.9,53,
_1828,LJUBLJANA - BEŽIGRAD,2022-08-08 07:30,21.9,54,0
_1828,LJUBLJANA - BEŽIGRAD,2022-08-08 07:40,22.1,54,
_1828,LJUBLJANA - BEŽIGRAD,2022-08-08 07:50,22.3,54,
_1828,LJUBLJANA - BEŽIGRAD,2022-08-08 08:00,22.5,53,0
_1828,LJUBLJANA - BEŽIGRAD,2022-08-08 08:10,22.7,52,
_1828,LJUBLJANA - BEŽIGRAD,2022-08-08 08:20,22.5,53,
_1828,LJUBLJANA - BEŽIGRAD,2022-08-08 08:30,22.4,52,0
_1828,LJUBLJANA - BEŽIGRAD,2022-08-08 08:40,22.4,52,
_1828,LJUBLJANA - BEŽIGRAD,2022-08-08 08:50,22.5,52,
_1828,LJUBLJANA - BEŽIGRAD,2022-08-08 09:00,22.7,51,0
_1828,LJUBLJANA - BEŽIGRAD,2022-08-08 09:10,22.8,51,
_1828,LJUBLJANA - BEŽIGRAD,2022-08-08 09:20,23.2,50,
_1828,LJUBLJANA - BEŽIGRAD,2022-08-08 09:30,23.5,49,0
_1828,LJUBLJANA - BEŽIGRAD,2022-08-08 09:40,23.5,50,
_1828,LJUBLJANA - BEŽIGRAD,2022-08-08 09:50,23.8,49,
_1828,LJUBLJANA - BEŽIGRAD,2022-08-08 10:00,24.3,48,0
_1828,LJUBLJANA - BEŽIGRAD,2022-08-08 10:10,24.1,48,
_1828,LJUBLJANA - BEŽIGRAD,2022-08-08 10:20,23.9,48,
_1828,LJUBLJANA - BEŽIGRAD,2022-08-08 10:30,23.9,48,0
_1828,LJUBLJANA - BEŽIGRAD,2022-08-08 10:40,24.1,48,
_1828,LJUBLJANA - BEŽIGRAD,2022-08-08 10:50,24.1,48,
_1828,LJUBLJANA - BEŽIGRAD,2022-08-08 11:00,24.3,48,0
_1828,LJUBLJANA - BEŽIGRAD,2022-08-08 11:10,24.4,47,
_1828,LJUBLJANA - BEŽIGRAD,2022-08-08 11:20,24.4,48,
_1828,LJUBLJANA - BEŽIGRAD,2022-08-08 11:30,24.6,47,0
_1828,LJUBLJANA - BEŽIGRAD,2022-08-08 11:40,24.8,46,
_1828,LJUBLJANA - BEŽIGRAD,2022-08-08 11:50,24.9,46,
_1828,LJUBLJANA - BEŽIGRAD,2022-08-08 12:00,25,46,0
_1828,LJUBLJANA - BEŽIGRAD,2022-08-08 12:10,25.4,45,
_1828,LJUBLJANA - BEŽIGRAD,2022-08-08 12:20,25.3,45,
_1828,LJUBLJANA - BEŽIGRAD,2022-08-08 12:30,25.6,44,0
_1828,LJUBLJANA - BEŽIGRAD,2022-08-08 12:40,25.6,44,
_1828,LJUBLJANA - BEŽIGRAD,2022-08-08 12:50,25.5,44,
_1828,LJUBLJANA - BEŽIGRAD,2022-08-08 13:00,25.6,45,0
_1828,LJUBLJANA - BEŽIGRAD,2022-08-08 13:10,25.9,44,
_1828,LJUBLJANA - BEŽIGRAD,2022-08-08 13:20,26.4,43,
_1828,LJUBLJANA - BEŽIGRAD,2022-08-08 13:30,26.7,43,0
_1828,LJUBLJANA - BEŽIGRAD,2022-08-08 13:40,26.7,43,
_1828,LJUBLJANA - BEŽIGRAD,2022-08-08 13:50,26.9,42,
_1828,LJUBLJANA - BEŽIGRAD,2022-08-08 14:00,27.3,42,0
_1828,LJUBLJANA - BEŽIGRAD,2022-08-08 14:10,27.3,41,
_1828,LJUBLJANA - BEŽIGRAD,2022-08-08 14:20,27.1,42,
_1828,LJUBLJANA - BEŽIGRAD,2022-08-08 14:30,27.1,41,0
_1828,LJUBLJANA - BEŽIGRAD,2022-08-08 14:40,26.9,41,
_1828,LJUBLJANA - BEŽIGRAD,2022-08-08 14:50,26.9,41,
_1828,LJUBLJANA - BEŽIGRAD,2022-08-08 15:00,27,41,0
_1828,LJUBLJANA - BEŽIGRAD,2022-08-08 15:10,27.2,41,
_1828,LJUBLJANA - BEŽIGRAD,2022-08-08 15:20,27.2,41,
_1828,LJUBLJANA - BEŽIGRAD,2022-08-08 15:30,26.9,41,0
_1828,LJUBLJANA - BEŽIGRAD,2022-08-08 15:40,26.8,41,
_1828,LJUBLJANA - BEŽIGRAD,2022-08-08 15:50,26.7,42,
_1828,LJUBLJANA - BEŽIGRAD,2022-08-08 16:00,26.5,42,0
_1828,LJUBLJANA - BEŽIGRAD,2022-08-08 16:10,26.5,43,
_1828,LJUBLJANA - BEŽIGRAD,2022-08-08 16:20,26.4,42,
_1828,LJUBLJANA - BEŽIGRAD,2022-08-08 16:30,26.2,42,0
_1828,LJUBLJANA - BEŽIGRAD,2022-08-08 16:40,26,42,
_1828,LJUBLJANA - BEŽIGRAD,2022-08-08 16:50,25.8,42,
_1828,LJUBLJANA - BEŽIGRAD,2022-08-08 17:00,25.6,43,0
_1828,LJUBLJANA - BEŽIGRAD,2022-08-08 17:10,25.5,43,
_1828,LJUBLJANA - BEŽIGRAD,2022-08-08 17:20,25.4,43,
_1828,LJUBLJANA - BEŽIGRAD,2022-08-08 17:30,25.3,43,0
_1828,LJUBLJANA - BEŽIGRAD,2022-08-08 17:40,25.2,43,
_1828,LJUBLJANA - BEŽIGRAD,2022-08-08 17:50,25.1,43,
_1828,LJUBLJANA - BEŽIGRAD,2022-08-08 18:00,25,44,0
_1828,LJUBLJANA - BEŽIGRAD,2022-08-08 18:10,24.9,44,
_1828,LJUBLJANA - BEŽIGRAD,2022-08-08 18:20,24.8,45,
_1828,LJUBLJANA - BEŽIGRAD,2022-08-08 18:30,24.7,45,0
_1828,LJUBLJANA - BEŽIGRAD,2022-08-08 18:40,24.6,45,
_1828,LJUBLJANA - BEŽIGRAD,2022-08-08 18:50,24.5,45,
_1828,LJUBLJANA - BEŽIGRAD,2022-08-08 19:00,24.5,45,0
_1828,LJUBLJANA - BEŽIGRAD,2022-08-08 19:10,24.3,45,
_1828,LJUBLJANA - BEŽIGRAD,2022-08-08 19:20,24.2,46,
_1828,LJUBLJANA - BEŽIGRAD,2022-08-08 19:30,24.1,46,0
_1828,LJUBLJANA - BEŽIGRAD,2022-08-08 19:40,24,46,
_1828,LJUBLJANA - BEŽIGRAD,2022-08-08 19:50,23.9,46,
_1828,LJUBLJANA - BEŽIGRAD,2022-08-08 20:00,23.8,46,0
_1828,LJUBLJANA - BEŽIGRAD,2022-08-08 20:10,23.7,47,
_1828,LJUBLJANA - BEŽIGRAD,2022-08-08 20:20,23.6,47,
_1828,LJUBLJANA - BEŽIGRAD,2022-08-08 20:30,23.5,47,0
_1828,LJUBLJANA - BEŽIGRAD,2022-08-08 20:40,23.4,47,
_1828,LJUBLJANA - BEŽIGRAD,2022-08-08 20:50,23.3,48,
_1828,LJUBLJANA - BEŽIGRAD,2022-08-08 21:00,23.2,48,0
_1828,LJUBLJANA - BEŽIGRAD,2022-08-08 21:10,23.1,48,
_1828,LJUBLJANA - BEŽIGRAD,2022-08-08 21:20,23.1,48,
_1828,LJUBLJANA - BEŽIGRAD,2022-08-08 21:30,23,48,0
_1828,LJUBLJANA - BEŽIGRAD,2022-08-08 21:40,22.9,49,
_1828,LJUBLJANA - BEŽIGRAD,2022-08-08 21:50,22.9,48,
_1828,LJUBLJANA - BEŽIGRAD,2022-08-08 22:00,22.8,48,0
_1828,LJUBLJANA - BEŽIGRAD,2022-08-08 22:10,22.7,48,
_1828,LJUBLJANA - BEŽIGRAD,2022-08-08 22:20,22.6,48,
_1828,LJUBLJANA - BEŽIGRAD,2022-08-08 22:30,22.6,49,0
_1828,LJUBLJANA - BEŽIGRAD,2022-08-08 22:40,22.5,49,
_1828,LJUBLJANA - BEŽIGRAD,2022-08-08 22:50,22.4,49,
_1828,LJUBLJANA - BEŽIGRAD,2022-08-08 23:00,22.3,50,0
_1828,LJUBLJANA - BEŽIGRAD,2022-08-08 23:10,22.3,50,
_1828,LJUBLJANA - BEŽIGRAD,2022-08-08 23:20,22.2,51,
_1828,LJUBLJANA - BEŽIGRAD,2022-08-08 23:30,22,51,0
_1828,LJUBLJANA - BEŽIGRAD,2022-08-08 23:40,21.8,52,
_1828,LJUBLJANA - BEŽIGRAD,2022-08-08 23:50,21.6,52,
_1828,LJUBLJANA - BEŽIGRAD,2022-08-09 00:00,21.5,53,0
_1828,LJUBLJANA - BEŽIGRAD,2022-08-09 00:10,21.4,53,
_1828,LJUBLJANA - BEŽIGRAD,2022-08-09 00:20,21.4,54,
_1828,LJUBLJANA - BEŽIGRAD,2022-08-09 00:30,21.3,54,0
_1828,LJUBLJANA - BEŽIGRAD,2022-08-09 00:40,21.2,54,
_1828,LJUBLJANA - BEŽIGRAD,2022-08-09 00:50,21.1,54,
_1828,LJUBLJANA - BEŽIGRAD,2022-08-09 01:00,21,54,0
_1828,LJUBLJANA - BEŽIGRAD,2022-08-09 01:10,20.9,54,
_1828,LJUBLJANA - BEŽIGRAD,2022-08-09 01:20,20.8,54,
_1828,LJUBLJANA - BEŽIGRAD,2022-08-09 01:30,20.8,54,0
_1828,LJUBLJANA - BEŽIGRAD,2022-08-09 01:40,20.8,55,
_1828,LJUBLJANA - BEŽIGRAD,2022-08-09 01:50,20.7,55,
_1828,LJUBLJANA - BEŽIGRAD,2022-08-09 02:00,20.6,56,0
_1828,LJUBLJANA - BEŽIGRAD,2022-08-09 02:10,20.5,56,
_1828,LJUBLJANA - BEŽIGRAD,2022-08-09 02:20,20.5,57,
_1828,LJUBLJANA - BEŽIGRAD,2022-08-09 02:30,20.4,57,0
_1828,LJUBLJANA - BEŽIGRAD,2022-08-09 02:40,20.3,57,
_1828,LJUBLJANA - BEŽIGRAD,2022-08-09 02:50,20.3,57,
_1828,LJUBLJANA - BEŽIGRAD,2022-08-09 03:00,20.3,57,0
_1828,LJUBLJANA - BEŽIGRAD,2022-08-09 03:10,20.2,57,
_1828,LJUBLJANA - BEŽIGRAD,2022-08-09 03:20,20,57,
_1828,LJUBLJANA - BEŽIGRAD,2022-08-09 03:30,19.9,58,0
_1828,LJUBLJANA - BEŽIGRAD,2022-08-09 03:40,19.7,58,
_1828,LJUBLJANA - BEŽIGRAD,2022-08-09 03:50,19.6,58,
_1828,LJUBLJANA - BEŽIGRAD,2022-08-09 04:00,19.4,59,0
_1828,LJUBLJANA - BEŽIGRAD,2022-08-09 04:10,19.2,60,
_1828,LJUBLJANA - BEŽIGRAD,2022-08-09 04:20,19.1,60,
_1828,LJUBLJANA - BEŽIGRAD,2022-08-09 04:30,19.1,60,0
_1828,LJUBLJANA - BEŽIGRAD,2022-08-09 04:40,19,61,
_1828,LJUBLJANA - BEŽIGRAD,2022-08-09 04:50,18.8,62,
_1828,LJUBLJANA - BEŽIGRAD,2022-08-09 05:00,18.7,62,0
_1828,LJUBLJANA - BEŽIGRAD,2022-08-09 05:10,18.6,63,
_1828,LJUBLJANA - BEŽIGRAD,2022-08-09 05:20,18.6,63,
_1828,LJUBLJANA - BEŽIGRAD,2022-08-09 05:30,18.6,64,0
_1828,LJUBLJANA - BEŽIGRAD,2022-08-09 05:40,18.8,64,
_1828,LJUBLJANA - BEŽIGRAD,2022-08-09 05:50,19,64,
_1828,LJUBLJANA - BEŽIGRAD,2022-08-09 06:00,19.1,63,0
_1828,LJUBLJANA - BEŽIGRAD,2022-08-09 06:10,19.2,62,
_1828,LJUBLJANA - BEŽIGRAD,2022-08-09 06:20,19.3,62,
_1828,LJUBLJANA - BEŽIGRAD,2022-08-09 06:30,19.4,62,0
_1828,LJUBLJANA - BEŽIGRAD,2022-08-09 06:40,19.5,61,
_1828,LJUBLJANA - BEŽIGRAD,2022-08-09 06:50,19.4,62,
_1828,LJUBLJANA - BEŽIGRAD,2022-08-09 07:00,19.7,60,0
_1828,LJUBLJANA - BEŽIGRAD,2022-08-09 07:10,20.1,59,
_1828,LJUBLJANA - BEŽIGRAD,2022-08-09 07:20,20.3,58,
_1828,LJUBLJANA - BEŽIGRAD,2022-08-09 07:30,20.4,58,0
_1828,LJUBLJANA - BEŽIGRAD,2022-08-09 07:40,20.5,57,
_1828,LJUBLJANA - BEŽIGRAD,2022-08-09 07:50,20.5,57,
_1828,LJUBLJANA - BEŽIGRAD,2022-08-09 08:00,20.6,57,0
_1828,LJUBLJANA - BEŽIGRAD,2022-08-09 08:10,20.8,57,
_1828,LJUBLJANA - BEŽIGRAD,2022-08-09 08:20,21.3,55,
_1828,LJUBLJANA - BEŽIGRAD,2022-08-09 08:30,21.4,54,0
_1828,LJUBLJANA - BEŽIGRAD,2022-08-09 08:40,21.7,54,
_1828,LJUBLJANA - BEŽIGRAD,2022-08-09 08:50,22.3,52,
_1828,LJUBLJANA - BEŽIGRAD,2022-08-09 09:00,22.7,50,0
_1828,LJUBLJANA - BEŽIGRAD,2022-08-09 09:10,23,48,
_1828,LJUBLJANA - BEŽIGRAD,2022-08-09 09:20,23.7,46,
_1828,LJUBLJANA - BEŽIGRAD,2022-08-09 09:30,24.2,44,0
_1828,LJUBLJANA - BEŽIGRAD,2022-08-09 09:40,24.3,44,
_1828,LJUBLJANA - BEŽIGRAD,2022-08-09 09:50,24.6,44,
_1828,LJUBLJANA - BEŽIGRAD,2022-08-09 10:00,24.9,43,0
_1828,LJUBLJANA - BEŽIGRAD,2022-08-09 10:10,25,42,
_1828,LJUBLJANA - BEŽIGRAD,2022-08-09 10:20,25.5,42,
_1828,LJUBLJANA - BEŽIGRAD,2022-08-09 10:30,25.7,40,0
_1828,LJUBLJANA - BEŽIGRAD,2022-08-09 10:40,25.8,40,
_1828,LJUBLJANA - BEŽIGRAD,2022-08-09 10:50,25.9,39,
_1828,LJUBLJANA - BEŽIGRAD,2022-08-09 11:00,26.5,38,0
_1828,LJUBLJANA - BEŽIGRAD,2022-08-09 11:10,26.6,37,
_1828,LJUBLJANA - BEŽIGRAD,2022-08-09 11:20,27,37,
_1828,LJUBLJANA - BEŽIGRAD,2022-08-09 11:30,26.9,38,0
_1828,LJUBLJANA - BEŽIGRAD,2022-08-09 11:40,27,36,
_1828,LJUBLJANA - BEŽIGRAD,2022-08-09 11:50,27.2,36,
_1828,LJUBLJANA - BEŽIGRAD,2022-08-09 12:00,27.3,36,0
_1828,LJUBLJANA - BEŽIGRAD,2022-08-09 12:10,27.6,36,
_1828,LJUBLJANA - BEŽIGRAD,2022-08-09 12:20,27.9,35,
_1828,LJUBLJANA - BEŽIGRAD,2022-08-09 12:30,27.9,35,0
_1828,LJUBLJANA - BEŽIGRAD,2022-08-09 12:40,28.2,34,
_1828,LJUBLJANA - BEŽIGRAD,2022-08-09 12:50,28.1,34,
_1828,LJUBLJANA - BEŽIGRAD,2022-08-09 13:00,28.4,34,0
_1828,LJUBLJANA - BEŽIGRAD,2022-08-09 13:10,28.4,33,
_1828,LJUBLJANA - BEŽIGRAD,2022-08-09 13:20,28.3,34,
_1828,LJUBLJANA - BEŽIGRAD,2022-08-09 13:30,28.9,34,0
_1828,LJUBLJANA - BEŽIGRAD,2022-08-09 13:40,29.3,33,
_1828,LJUBLJANA - BEŽIGRAD,2022-08-09 13:50,28.8,33,
_1828,LJUBLJANA - BEŽIGRAD,2022-08-09 14:00,29.1,33,0
_1828,LJUBLJANA - BEŽIGRAD,2022-08-09 14:10,29.3,32,
_1828,LJUBLJANA - BEŽIGRAD,2022-08-09 14:20,29.1,31,
_1828,LJUBLJANA - BEŽIGRAD,2022-08-09 14:30,29.7,30,0
_1828,LJUBLJANA - BEŽIGRAD,2022-08-09 14:40,29.8,30,
_1828,LJUBLJANA - BEŽIGRAD,2022-08-09 14:50,29.9,30,
_1828,LJUBLJANA - BEŽIGRAD,2022-08-09 15:00,29.6,30,0
_1828,LJUBLJANA - BEŽIGRAD,2022-08-09 15:10,30.1,30,
_1828,LJUBLJANA - BEŽIGRAD,2022-08-09 15:20,29.7,30,
_1828,LJUBLJANA - BEŽIGRAD,2022-08-09 15:30,29.6,30,0
_1828,LJUBLJANA - BEŽIGRAD,2022-08-09 15:40,29.7,29,
_1828,LJUBLJANA - BEŽIGRAD,2022-08-09 15:50,29.6,29,
_1828,LJUBLJANA - BEŽIGRAD,2022-08-09 16:00,29.8,29,0
_1828,LJUBLJANA - BEŽIGRAD,2022-08-09 16:10,29.8,28,
_1828,LJUBLJANA - BEŽIGRAD,2022-08-09 16:20,29.7,28,
_1828,LJUBLJANA - BEŽIGRAD,2022-08-09 16:30,29.4,26,0
_1828,LJUBLJANA - BEŽIGRAD,2022-08-09 16:40,29.3,26,
_1828,LJUBLJANA - BEŽIGRAD,2022-08-09 16:50,29.2,25,
_1828,LJUBLJANA - BEŽIGRAD,2022-08-09 17:00,29.2,26,0
_1828,LJUBLJANA - BEŽIGRAD,2022-08-09 17:10,29,27,
_1828,LJUBLJANA - BEŽIGRAD,2022-08-09 17:20,28.7,28,
_1828,LJUBLJANA - BEŽIGRAD,2022-08-09 17:30,28.7,28,0
_1828,LJUBLJANA - BEŽIGRAD,2022-08-09 17:40,28.4,29,
_1828,LJUBLJANA - BEŽIGRAD,2022-08-09 17:50,28,29,
_1828,LJUBLJANA - BEŽIGRAD,2022-08-09 18:00,27.9,29,0
_1828,LJUBLJANA - BEŽIGRAD,2022-08-09 18:10,27.6,29,
_1828,LJUBLJANA - BEŽIGRAD,2022-08-09 18:20,27.4,30,
_1828,LJUBLJANA - BEŽIGRAD,2022-08-09 18:30,27.1,31,0
_1828,LJUBLJANA - BEŽIGRAD,2022-08-09 18:40,26.8,31,
_1828,LJUBLJANA - BEŽIGRAD,2022-08-09 18:50,26.5,32,
_1828,LJUBLJANA - BEŽIGRAD,2022-08-09 19:00,26.3,32,0
_1828,LJUBLJANA - BEŽIGRAD,2022-08-09 19:10,26,33,
_1828,LJUBLJANA - BEŽIGRAD,2022-08-09 19:20,25.8,34,
_1828,LJUBLJANA - BEŽIGRAD,2022-08-09 19:30,25.6,34,0
_1828,LJUBLJANA - BEŽIGRAD,2022-08-09 19:40,25.3,35,
_1828,LJUBLJANA - BEŽIGRAD,2022-08-09 19:50,25.1,36,
_1828,LJUBLJANA - BEŽIGRAD,2022-08-09 20:00,24.8,37,0
_1828,LJUBLJANA - BEŽIGRAD,2022-08-09 20:10,24.5,38,
_1828,LJUBLJANA - BEŽIGRAD,2022-08-09 20:20,24.3,39,
_1828,LJUBLJANA - BEŽIGRAD,2022-08-09 20:30,24.1,40,0
_1828,LJUBLJANA - BEŽIGRAD,2022-08-09 20:40,23.9,40,
_1828,LJUBLJANA - BEŽIGRAD,2022-08-09 20:50,23.7,41,
_1828,LJUBLJANA - BEŽIGRAD,2022-08-09 21:00,23.4,42,0
_1828,LJUBLJANA - BEŽIGRAD,2022-08-09 21:10,23.2,43,
_1828,LJUBLJANA - BEŽIGRAD,2022-08-09 21:20,23,44,
_1828,LJUBLJANA - BEŽIGRAD,2022-08-09 21:30,22.9,45,0
_1828,LJUBLJANA - BEŽIGRAD,2022-08-09 21:40,22.7,46,
_1828,LJUBLJANA - BEŽIGRAD,2022-08-09 21:50,22.4,47,
_1828,LJUBLJANA - BEŽIGRAD,2022-08-09 22:00,22,48,0
_1828,LJUBLJANA - BEŽIGRAD,2022-08-09 22:10,21.8,49,
_1828,LJUBLJANA - BEŽIGRAD,2022-08-09 22:20,21.3,50,
_1828,LJUBLJANA - BEŽIGRAD,2022-08-09 22:30,20.9,52,0
_1828,LJUBLJANA - BEŽIGRAD,2022-08-09 22:40,20.6,53,
_1828,LJUBLJANA - BEŽIGRAD,2022-08-09 22:50,20.4,54,
_1828,LJUBLJANA - BEŽIGRAD,2022-08-09 23:00,20.3,55,0
_1828,LJUBLJANA - BEŽIGRAD,2022-08-09 23:10,20.1,56,
_1828,LJUBLJANA - BEŽIGRAD,2022-08-09 23:20,19.7,57,
_1828,LJUBLJANA - BEŽIGRAD,2022-08-09 23:30,19.7,57,0
_1828,LJUBLJANA - BEŽIGRAD,2022-08-09 23:40,19.6,57,
_1828,LJUBLJANA - BEŽIGRAD,2022-08-09 23:50,19.4,58,
_1828,LJUBLJANA - BEŽIGRAD,2022-08-10 00:00,19.5,57,0
_1828,LJUBLJANA - BEŽIGRAD,2022-08-10 00:10,19.6,56,
_1828,LJUBLJANA - BEŽIGRAD,2022-08-10 00:20,19.6,56,
_1828,LJUBLJANA - BEŽIGRAD,2022-08-10 00:30,19.2,58,0
_1828,LJUBLJANA - BEŽIGRAD,2022-08-10 00:40,19.1,58,
_1828,LJUBLJANA - BEŽIGRAD,2022-08-10 00:50,18.8,59,
_1828,LJUBLJANA - BEŽIGRAD,2022-08-10 01:00,18.7,60,0
_1828,LJUBLJANA - BEŽIGRAD,2022-08-10 01:10,18.5,61,
_1828,LJUBLJANA - BEŽIGRAD,2022-08-10 01:20,18.3,62,
_1828,LJUBLJANA - BEŽIGRAD,2022-08-10 01:30,18.1,63,0
_1828,LJUBLJANA - BEŽIGRAD,2022-08-10 01:40,17.8,65,
_1828,LJUBLJANA - BEŽIGRAD,2022-08-10 01:50,17.6,65,
_1828,LJUBLJANA - BEŽIGRAD,2022-08-10 02:00,17.7,65,0
_1828,LJUBLJANA - BEŽIGRAD,2022-08-10 02:10,17.7,65,
_1828,LJUBLJANA - BEŽIGRAD,2022-08-10 02:20,17.7,65,
_1828,LJUBLJANA - BEŽIGRAD,2022-08-10 02:30,17.6,66,0
_1828,LJUBLJANA - BEŽIGRAD,2022-08-10 02:40,17.3,68,
_1828,LJUBLJANA - BEŽIGRAD,2022-08-10 02:50,17.4,66,
_1828,LJUBLJANA - BEŽIGRAD,2022-08-10 03:00,17.5,65,0
_1828,LJUBLJANA - BEŽIGRAD,2022-08-10 03:10,17.4,66,
_1828,LJUBLJANA - BEŽIGRAD,2022-08-10 03:20,17.2,66,
_1828,LJUBLJANA - BEŽIGRAD,2022-08-10 03:30,17.1,67,0
_1828,LJUBLJANA - BEŽIGRAD,2022-08-10 03:40,16.9,67,
_1828,LJUBLJANA - BEŽIGRAD,2022-08-10 03:50,16.9,67,
_1828,LJUBLJANA - BEŽIGRAD,2022-08-10 04:00,16.7,68,0
_1828,LJUBLJANA - BEŽIGRAD,2022-08-10 04:10,16.6,69,
_1828,LJUBLJANA - BEŽIGRAD,2022-08-10 04:20,16.6,69,
_1828,LJUBLJANA - BEŽIGRAD,2022-08-10 04:30,16.6,69,0
_1828,LJUBLJANA - BEŽIGRAD,2022-08-10 04:40,16.5,69,
_1828,LJUBLJANA - BEŽIGRAD,2022-08-10 04:50,16.4,69,
_1828,LJUBLJANA - BEŽIGRAD,2022-08-10 05:00,16.2,70,0
_1828,LJUBLJANA - BEŽIGRAD,2022-08-10 05:10,15.9,71,
_1828,LJUBLJANA - BEŽIGRAD,2022-08-10 05:20,15.8,72,
_1828,LJUBLJANA - BEŽIGRAD,2022-08-10 05:30,15.8,72,0
_1828,LJUBLJANA - BEŽIGRAD,2022-08-10 05:40,16.1,71,
_1828,LJUBLJANA - BEŽIGRAD,2022-08-10 05:50,16.5,69,
_1828,LJUBLJANA - BEŽIGRAD,2022-08-10 06:00,16.8,68,0
_1828,LJUBLJANA - BEŽIGRAD,2022-08-10 06:10,17.1,68,
_1828,LJUBLJANA - BEŽIGRAD,2022-08-10 06:20,17.2,67,
_1828,LJUBLJANA - BEŽIGRAD,2022-08-10 06:30,17.3,68,0
_1828,LJUBLJANA - BEŽIGRAD,2022-08-10 06:40,17.7,66,
_1828,LJUBLJANA - BEŽIGRAD,2022-08-10 06:50,18.1,64,
_1828,LJUBLJANA - BEŽIGRAD,2022-08-10 07:00,18.6,63,0
_1828,LJUBLJANA - BEŽIGRAD,2022-08-10 07:10,19,61,
_1828,LJUBLJANA - BEŽIGRAD,2022-08-10 07:20,19.2,60,
_1828,LJUBLJANA - BEŽIGRAD,2022-08-10 07:30,19.5,58,0
_1828,LJUBLJANA - BEŽIGRAD,2022-08-10 07:40,19.8,55,
_1828,LJUBLJANA - BEŽIGRAD,2022-08-10 07:50,20.1,55,
_1828,LJUBLJANA - BEŽIGRAD,2022-08-10 08:00,20.6,53,0
_1828,LJUBLJANA - BEŽIGRAD,2022-08-10 08:10,20.9,51,
_1828,LJUBLJANA - BEŽIGRAD,2022-08-10 08:20,21.4,48,
_1828,LJUBLJANA - BEŽIGRAD,2022-08-10 08:30,22,46,0
_1828,LJUBLJANA - BEŽIGRAD,2022-08-10 08:40,22.7,44,
_1828,LJUBLJANA - BEŽIGRAD,2022-08-10 08:50,23.2,43,
_1828,LJUBLJANA - BEŽIGRAD,2022-08-10 09:00,23.7,42,0
_1828,LJUBLJANA - BEŽIGRAD,2022-08-10 09:10,24.4,40,
_1828,LJUBLJANA - BEŽIGRAD,2022-08-10 09:20,24.7,39,
_1828,LJUBLJANA - BEŽIGRAD,2022-08-10 09:30,25.2,38,0
_1828,LJUBLJANA - BEŽIGRAD,2022-08-10 09:40,25.4,37,
_1828,LJUBLJANA - BEŽIGRAD,2022-08-10 09:50,25.6,37,
_1828,LJUBLJANA - BEŽIGRAD,2022-08-10 10:00,25.6,37,0
_1828,LJUBLJANA - BEŽIGRAD,2022-08-10 10:10,25.6,36,
_1828,LJUBLJANA - BEŽIGRAD,2022-08-10 10:20,25.9,36,
_1828,LJUBLJANA - BEŽIGRAD,2022-08-10 10:30,26.3,35,0
_1828,LJUBLJANA - BEŽIGRAD,2022-08-10 10:40,26.6,35,
_1828,LJUBLJANA - BEŽIGRAD,2022-08-10 10:50,26.8,35,
_1828,LJUBLJANA - BEŽIGRAD,2022-08-10 11:00,26.6,35,0
_1828,LJUBLJANA - BEŽIGRAD,2022-08-10 11:10,27,35,
_1828,LJUBLJANA - BEŽIGRAD,2022-08-10 11:20,26.8,35,
_1828,LJUBLJANA - BEŽIGRAD,2022-08-10 11:30,26.9,35,0
_1828,LJUBLJANA - BEŽIGRAD,2022-08-10 11:40,27.1,36,
_1828,LJUBLJANA - BEŽIGRAD,2022-08-10 11:50,27.1,36,
_1828,LJUBLJANA - BEŽIGRAD,2022-08-10 12:00,27.1,36,0
_1828,LJUBLJANA - BEŽIGRAD,2022-08-10 12:10,27.1,36,
_1828,LJUBLJANA - BEŽIGRAD,2022-08-10 12:20,27.2,36,
_1828,LJUBLJANA - BEŽIGRAD,2022-08-10 12:30,27.3,36,0
_1828,LJUBLJANA - BEŽIGRAD,2022-08-10 12:40,27.1,37,
_1828,LJUBLJANA - BEŽIGRAD,2022-08-10 12:50,26.7,36,
_1828,LJUBLJANA - BEŽIGRAD,2022-08-10 13:00,26.8,36,0
_1828,LJUBLJANA - BEŽIGRAD,2022-08-10 13:10,27.3,35,
_1828,LJUBLJANA - BEŽIGRAD,2022-08-10 13:20,26.9,36,
_1828,LJUBLJANA - BEŽIGRAD,2022-08-10 13:30,27.5,35,0
_1828,LJUBLJANA - BEŽIGRAD,2022-08-10 13:40,27.6,35,
_1828,LJUBLJANA - BEŽIGRAD,2022-08-10 13:50,26.9,36,
_1828,LJUBLJANA - BEŽIGRAD,2022-08-10 14:00,27.1,36,0
_1828,LJUBLJANA - BEŽIGRAD,2022-08-10 14:10,28,35,
_1828,LJUBLJANA - BEŽIGRAD,2022-08-10 14:20,28.1,35,
_1828,LJUBLJANA - BEŽIGRAD,2022-08-10 14:30,28.1,35,0
_1828,LJUBLJANA - BEŽIGRAD,2022-08-10 14:40,27.9,35,
_1828,LJUBLJANA - BEŽIGRAD,2022-08-10 14:50,27.7,36,
_1828,LJUBLJANA - BEŽIGRAD,2022-08-10 15:00,27.6,36,0
_1828,LJUBLJANA - BEŽIGRAD,2022-08-10 15:10,28.2,35,
_1828,LJUBLJANA - BEŽIGRAD,2022-08-10 15:20,27.8,36,
_1828,LJUBLJANA - BEŽIGRAD,2022-08-10 15:30,27.6,37,0
_1828,LJUBLJANA - BEŽIGRAD,2022-08-10 15:40,27.9,36,
_1828,LJUBLJANA - BEŽIGRAD,2022-08-10 15:50,27.5,36,
_1828,LJUBLJANA - BEŽIGRAD,2022-08-10 16:00,27.4,37,0
_1828,LJUBLJANA - BEŽIGRAD,2022-08-10 16:10,27.5,36,
_1828,LJUBLJANA - BEŽIGRAD,2022-08-10 16:20,27.1,36,
_1828,LJUBLJANA - BEŽIGRAD,2022-08-10 16:30,27.3,36,0
_1828,LJUBLJANA - BEŽIGRAD,2022-08-10 16:40,27.5,36,
_1828,LJUBLJANA - BEŽIGRAD,2022-08-10 16:50,27.1,36,
_1828,LJUBLJANA - BEŽIGRAD,2022-08-10 17:00,26.9,36,0
_1828,LJUBLJANA - BEŽIGRAD,2022-08-10 17:10,26.7,37,
_1828,LJUBLJANA - BEŽIGRAD,2022-08-10 17:20,26.4,38,
_1828,LJUBLJANA - BEŽIGRAD,2022-08-10 17:30,26.5,38,0
_1828,LJUBLJANA - BEŽIGRAD,2022-08-10 17:40,26.6,38,
_1828,LJUBLJANA - BEŽIGRAD,2022-08-10 17:50,26.5,38,
_1828,LJUBLJANA - BEŽIGRAD,2022-08-10 18:00,26.1,39,0
_1828,LJUBLJANA - BEŽIGRAD,2022-08-10 18:10,25.9,39,
_1828,LJUBLJANA - BEŽIGRAD,2022-08-10 18:20,25.7,40,
_1828,LJUBLJANA - BEŽIGRAD,2022-08-10 18:30,25.5,40,0
_1828,LJUBLJANA - BEŽIGRAD,2022-08-10 18:40,25.3,41,
_1828,LJUBLJANA - BEŽIGRAD,2022-08-10 18:50,25.1,41,
_1828,LJUBLJANA - BEŽIGRAD,2022-08-10 19:00,24.8,42,0
_1828,LJUBLJANA - BEŽIGRAD,2022-08-10 19:10,24.6,43,
_1828,LJUBLJANA - BEŽIGRAD,2022-08-10 19:20,24.3,43,
_1828,LJUBLJANA - BEŽIGRAD,2022-08-10 19:30,24,44,0
_1828,LJUBLJANA - BEŽIGRAD,2022-08-10 19:40,23.8,44,
_1828,LJUBLJANA - BEŽIGRAD,2022-08-10 19:50,23.4,45,
_1828,LJUBLJANA - BEŽIGRAD,2022-08-10 20:00,23.1,46,0
_1828,LJUBLJANA - BEŽIGRAD,2022-08-10 20:10,22.9,47,
_1828,LJUBLJANA - BEŽIGRAD,2022-08-10 20:20,22.6,48,
_1828,LJUBLJANA - BEŽIGRAD,2022-08-10 20:30,22.3,49,0
_1828,LJUBLJANA - BEŽIGRAD,2022-08-10 20:40,22.1,50,
_1828,LJUBLJANA - BEŽIGRAD,2022-08-10 20:50,21.8,50,
_1828,LJUBLJANA - BEŽIGRAD,2022-08-10 21:00,21.6,51,0
_1828,LJUBLJANA - BEŽIGRAD,2022-08-10 21:10,21.6,51,
_1828,LJUBLJANA - BEŽIGRAD,2022-08-10 21:20,21.3,53,
_1828,LJUBLJANA - BEŽIGRAD,2022-08-10 21:30,21,54,0
_1828,LJUBLJANA - BEŽIGRAD,2022-08-10 21:40,21.1,54,
_1828,LJUBLJANA - BEŽIGRAD,2022-08-10 21:50,20.8,55,
_1828,LJUBLJANA - BEŽIGRAD,2022-08-10 22:00,20.4,56,0
_1828,LJUBLJANA - BEŽIGRAD,2022-08-10 22:10,20.2,56,
_1828,LJUBLJANA - BEŽIGRAD,2022-08-10 22:20,19.8,58,
_1828,LJUBLJANA - BEŽIGRAD,2022-08-10 22:30,19.6,58,0
_1828,LJUBLJANA - BEŽIGRAD,2022-08-10 22:40,19.6,58,
_1828,LJUBLJANA - BEŽIGRAD,2022-08-10 22:50,19.9,55,
_1828,LJUBLJANA - BEŽIGRAD,2022-08-10 23:00,19.8,55,0
_1828,LJUBLJANA - BEŽIGRAD,2022-08-10 23:10,19.5,56,
_1828,LJUBLJANA - BEŽIGRAD,2022-08-10 23:20,19,58,
_1828,LJUBLJANA - BEŽIGRAD,2022-08-10 23:30,18.6,60,0
_1828,LJUBLJANA - BEŽIGRAD,2022-08-10 23:40,18.2,61,
_1828,LJUBLJANA - BEŽIGRAD,2022-08-10 23:50,17.9,62,
_1828,LJUBLJANA - BEŽIGRAD,2022-08-11 00:00,17.9,61,0
_1828,LJUBLJANA - BEŽIGRAD,2022-08-11 00:10,18.3,58,
_1828,LJUBLJANA - BEŽIGRAD,2022-08-11 00:20,18.4,58,
_1828,LJUBLJANA - BEŽIGRAD,2022-08-11 00:30,18.1,59,0
_1828,LJUBLJANA - BEŽIGRAD,2022-08-11 00:40,18.1,59,
_1828,LJUBLJANA - BEŽIGRAD,2022-08-11 00:50,18,59,
_1828,LJUBLJANA - BEŽIGRAD,2022-08-11 01:00,17.8,60,0
_1828,LJUBLJANA - BEŽIGRAD,2022-08-11 01:10,17.5,63,
_1828,LJUBLJANA - BEŽIGRAD,2022-08-11 01:20,17.3,66,
_1828,LJUBLJANA - BEŽIGRAD,2022-08-11 01:30,17,68,0
_1828,LJUBLJANA - BEŽIGRAD,2022-08-11 01:40,16.8,69,
_1828,LJUBLJANA - BEŽIGRAD,2022-08-11 01:50,16.5,71,
_1828,LJUBLJANA - BEŽIGRAD,2022-08-11 02:00,16.2,72,0
_1828,LJUBLJANA - BEŽIGRAD,2022-08-11 02:10,16,73,
_1828,LJUBLJANA - BEŽIGRAD,2022-08-11 02:20,15.9,73,
_1828,LJUBLJANA - BEŽIGRAD,2022-08-11 02:30,15.8,74,0
_1828,LJUBLJANA - BEŽIGRAD,2022-08-11 02:40,15.5,75,
_1828,LJUBLJANA - BEŽIGRAD,2022-08-11 02:50,15.5,77,
_1828,LJUBLJANA - BEŽIGRAD,2022-08-11 03:00,15.4,78,0
_1828,LJUBLJANA - BEŽIGRAD,2022-08-11 03:10,15.4,78,
_1828,LJUBLJANA - BEŽIGRAD,2022-08-11 03:20,15.2,79,
_1828,LJUBLJANA - BEŽIGRAD,2022-08-11 03:30,15.1,79,0
_1828,LJUBLJANA - BEŽIGRAD,2022-08-11 03:40,14.9,79,
_1828,LJUBLJANA - BEŽIGRAD,2022-08-11 03:50,14.8,78,
_1828,LJUBLJANA - BEŽIGRAD,2022-08-11 04:00,14.7,78,0
_1828,LJUBLJANA - BEŽIGRAD,2022-08-11 04:10,14.7,79,
_1828,LJUBLJANA - BEŽIGRAD,2022-08-11 04:20,14.9,79,
_1828,LJUBLJANA - BEŽIGRAD,2022-08-11 04:30,14.8,80,0
_1828,LJUBLJANA - BEŽIGRAD,2022-08-11 04:40,14.8,79,
_1828,LJUBLJANA - BEŽIGRAD,2022-08-11 04:50,14.8,79,
_1828,LJUBLJANA - BEŽIGRAD,2022-08-11 05:00,14.7,80,0
_1828,LJUBLJANA - BEŽIGRAD,2022-08-11 05:10,14.6,80,
_1828,LJUBLJANA - BEŽIGRAD,2022-08-11 05:20,14.5,78,
_1828,LJUBLJANA - BEŽIGRAD,2022-08-11 05:30,14.4,78,0
_1828,LJUBLJANA - BEŽIGRAD,2022-08-11 05:40,14.5,78,
_1828,LJUBLJANA - BEŽIGRAD,2022-08-11 05:50,14.8,76,
_1828,LJUBLJANA - BEŽIGRAD,2022-08-11 06:00,14.8,76,0
_1828,LJUBLJANA - BEŽIGRAD,2022-08-11 06:10,14.8,76,
_1828,LJUBLJANA - BEŽIGRAD,2022-08-11 06:20,14.9,76,
_1828,LJUBLJANA - BEŽIGRAD,2022-08-11 06:30,14.9,76,0
_1828,LJUBLJANA - BEŽIGRAD,2022-08-11 06:40,14.9,76,
_1828,LJUBLJANA - BEŽIGRAD,2022-08-11 06:50,15.6,74,
_1828,LJUBLJANA - BEŽIGRAD,2022-08-11 07:00,16,72,0
_1828,LJUBLJANA - BEŽIGRAD,2022-08-11 07:10,16.5,71,
_1828,LJUBLJANA - BEŽIGRAD,2022-08-11 07:20,17,69,
_1828,LJUBLJANA - BEŽIGRAD,2022-08-11 07:30,17.5,68,0
_1828,LJUBLJANA - BEŽIGRAD,2022-08-11 07:40,17.9,66,
_1828,LJUBLJANA - BEŽIGRAD,2022-08-11 07:50,18.6,64,
_1828,LJUBLJANA - BEŽIGRAD,2022-08-11 08:00,19.1,62,0
_1828,LJUBLJANA - BEŽIGRAD,2022-08-11 08:10,19.5,60,
_1828,LJUBLJANA - BEŽIGRAD,2022-08-11 08:20,19.8,57,
_1828,LJUBLJANA - BEŽIGRAD,2022-08-11 08:30,20.4,54,0
_1828,LJUBLJANA - BEŽIGRAD,2022-08-11 08:40,21,52,
_1828,LJUBLJANA - BEŽIGRAD,2022-08-11 08:50,21.6,49,
_1828,LJUBLJANA - BEŽIGRAD,2022-08-11 09:00,22.2,48,0
_1828,LJUBLJANA - BEŽIGRAD,2022-08-11 09:10,22.6,46,
_1828,LJUBLJANA - BEŽIGRAD,2022-08-11 09:20,23.1,45,
_1828,LJUBLJANA - BEŽIGRAD,2022-08-11 09:30,23.6,42,0
_1828,LJUBLJANA - BEŽIGRAD,2022-08-11 09:40,24.2,41,
_1828,LJUBLJANA - BEŽIGRAD,2022-08-11 09:50,24.5,41,
_1828,LJUBLJANA - BEŽIGRAD,2022-08-11 10:00,24.9,40,0
_1828,LJUBLJANA - BEŽIGRAD,2022-08-11 10:10,25.3,39,
_1828,LJUBLJANA - BEŽIGRAD,2022-08-11 10:20,25.8,37,
_1828,LJUBLJANA - BEŽIGRAD,2022-08-11 10:30,26,36,0
_1828,LJUBLJANA - BEŽIGRAD,2022-08-11 10:40,26.1,37,
_1828,LJUBLJANA - BEŽIGRAD,2022-08-11 10:50,26.1,36,
_1828,LJUBLJANA - BEŽIGRAD,2022-08-11 11:00,26.2,36,0
_1828,LJUBLJANA - BEŽIGRAD,2022-08-11 11:10,26.5,35,
_1828,LJUBLJANA - BEŽIGRAD,2022-08-11 11:20,27.2,33,
_1828,LJUBLJANA - BEŽIGRAD,2022-08-11 11:30,26.3,34,0
_1828,LJUBLJANA - BEŽIGRAD,2022-08-11 11:40,26,34,
_1828,LJUBLJANA - BEŽIGRAD,2022-08-11 11:50,26.6,33,
_1828,LJUBLJANA - BEŽIGRAD,2022-08-11 12:00,27.2,31,0
_1828,LJUBLJANA - BEŽIGRAD,2022-08-11 12:10,27.3,29,
_1828,LJUBLJANA - BEŽIGRAD,2022-08-11 12:20,27.7,29,
_1828,LJUBLJANA - BEŽIGRAD,2022-08-11 12:30,27.6,30,0
_1828,LJUBLJANA - BEŽIGRAD,2022-08-11 12:40,27.8,30,
_1828,LJUBLJANA - BEŽIGRAD,2022-08-11 12:50,27.3,29,
_1828,LJUBLJANA - BEŽIGRAD,2022-08-11 13:00,27.8,29,0
_1828,LJUBLJANA - BEŽIGRAD,2022-08-11 13:10,28.2,29,
_1828,LJUBLJANA - BEŽIGRAD,2022-08-11 13:20,28.8,28,
_1828,LJUBLJANA - BEŽIGRAD,2022-08-11 13:30,28.6,28,0
_1828,LJUBLJANA - BEŽIGRAD,2022-08-11 13:40,28.5,27,
_1828,LJUBLJANA - BEŽIGRAD,2022-08-11 13:50,28.6,27,
_1828,LJUBLJANA - BEŽIGRAD,2022-08-11 14:00,28.9,27,0
_1828,LJUBLJANA - BEŽIGRAD,2022-08-11 14:10,28.3,27,
_1828,LJUBLJANA - BEŽIGRAD,2022-08-11 14:20,29,26,
_1828,LJUBLJANA - BEŽIGRAD,2022-08-11 14:30,28.6,26,0
_1828,LJUBLJANA - BEŽIGRAD,2022-08-11 14:40,28,28,
_1828,LJUBLJANA - BEŽIGRAD,2022-08-11 14:50,28.7,27,
_1828,LJUBLJANA - BEŽIGRAD,2022-08-11 15:00,28.8,26,0
_1828,LJUBLJANA - BEŽIGRAD,2022-08-11 15:10,29.5,26,
_1828,LJUBLJANA - BEŽIGRAD,2022-08-11 15:20,28.7,26,
_1828,LJUBLJANA - BEŽIGRAD,2022-08-11 15:30,28.4,26,0
_1828,LJUBLJANA - BEŽIGRAD,2022-08-11 15:40,28.3,26,
_1828,LJUBLJANA - BEŽIGRAD,2022-08-11 15:50,28.9,26,
_1828,LJUBLJANA - BEŽIGRAD,2022-08-11 16:00,29.1,26,0
_1828,LJUBLJANA - BEŽIGRAD,2022-08-11 16:10,29.3,25,
_1828,LJUBLJANA - BEŽIGRAD,2022-08-11 16:20,28.2,26,
_1828,LJUBLJANA - BEŽIGRAD,2022-08-11 16:30,27.9,27,0
_1828,LJUBLJANA - BEŽIGRAD,2022-08-11 16:40,27.9,27,
_1828,LJUBLJANA - BEŽIGRAD,2022-08-11 16:50,28.3,26,
_1828,LJUBLJANA - BEŽIGRAD,2022-08-11 17:00,28.3,26,0
_1828,LJUBLJANA - BEŽIGRAD,2022-08-11 17:10,28.1,26,
_1828,LJUBLJANA - BEŽIGRAD,2022-08-11 17:20,28.2,26,
_1828,LJUBLJANA - BEŽIGRAD,2022-08-11 17:30,28.2,26,0
_1828,LJUBLJANA - BEŽIGRAD,2022-08-11 17:40,28.2,25,
_1828,LJUBLJANA - BEŽIGRAD,2022-08-11 17:50,27.9,27,
_1828,LJUBLJANA - BEŽIGRAD,2022-08-11 18:00,27.8,27,0
_1828,LJUBLJANA - BEŽIGRAD,2022-08-11 18:10,27.7,28,
_1828,LJUBLJANA - BEŽIGRAD,2022-08-11 18:20,27.4,28,
_1828,LJUBLJANA - BEŽIGRAD,2022-08-11 18:30,27.1,29,0
_1828,LJUBLJANA - BEŽIGRAD,2022-08-11 18:40,26.7,30,
_1828,LJUBLJANA - BEŽIGRAD,2022-08-11 18:50,26.4,31,
_1828,LJUBLJANA - BEŽIGRAD,2022-08-11 19:00,26.2,31,0
_1828,LJUBLJANA - BEŽIGRAD,2022-08-11 19:10,26,32,
_1828,LJUBLJANA - BEŽIGRAD,2022-08-11 19:20,25.7,33,
_1828,LJUBLJANA - BEŽIGRAD,2022-08-11 19:30,25.4,33,0
_1828,LJUBLJANA - BEŽIGRAD,2022-08-11 19:40,25.2,33,
_1828,LJUBLJANA - BEŽIGRAD,2022-08-11 19:50,25,33,
_1828,LJUBLJANA - BEŽIGRAD,2022-08-11 20:00,24.9,34,0
_1828,LJUBLJANA - BEŽIGRAD,2022-08-11 20:10,24.7,34,
_1828,LJUBLJANA - BEŽIGRAD,2022-08-11 20:20,24.4,35,
_1828,LJUBLJANA - BEŽIGRAD,2022-08-11 20:30,24.2,36,0
_1828,LJUBLJANA - BEŽIGRAD,2022-08-11 20:40,24,36,
_1828,LJUBLJANA - BEŽIGRAD,2022-08-11 20:50,23.8,37,
_1828,LJUBLJANA - BEŽIGRAD,2022-08-11 21:00,23.7,38,0
_1828,LJUBLJANA - BEŽIGRAD,2022-08-11 21:10,23.6,38,
_1828,LJUBLJANA - BEŽIGRAD,2022-08-11 21:20,23.5,38,
_1828,LJUBLJANA - BEŽIGRAD,2022-08-11 21:30,23.4,39,0
_1828,LJUBLJANA - BEŽIGRAD,2022-08-11 21:40,23.2,39,
_1828,LJUBLJANA - BEŽIGRAD,2022-08-11 21:50,23.1,39,
_1828,LJUBLJANA - BEŽIGRAD,2022-08-11 22:00,23.1,39,0
_1828,LJUBLJANA - BEŽIGRAD,2022-08-11 22:10,23.1,40,
_1828,LJUBLJANA - BEŽIGRAD,2022-08-11 22:20,22.9,40,
_1828,LJUBLJANA - BEŽIGRAD,2022-08-11 22:30,22.7,41,0
_1828,LJUBLJANA - BEŽIGRAD,2022-08-11 22:40,22.6,41,
_1828,LJUBLJANA - BEŽIGRAD,2022-08-11 22:50,22.5,41,
_1828,LJUBLJANA - BEŽIGRAD,2022-08-11 23:00,22.5,41,0
_1828,LJUBLJANA - BEŽIGRAD,2022-08-11 23:10,22.4,42,
_1828,LJUBLJANA - BEŽIGRAD,2022-08-11 23:20,22.4,42,
_1828,LJUBLJANA - BEŽIGRAD,2022-08-11 23:30,22.2,43,0
_1828,LJUBLJANA - BEŽIGRAD,2022-08-11 23:40,22.1,44,
_1828,LJUBLJANA - BEŽIGRAD,2022-08-11 23:50,22,44,
_1828,LJUBLJANA - BEŽIGRAD,2022-08-12 00:00,22,44,0
_1828,LJUBLJANA - BEŽIGRAD,2022-08-12 00:10,22,44,
_1828,LJUBLJANA - BEŽIGRAD,2022-08-12 00:20,22.1,43,
_1828,LJUBLJANA - BEŽIGRAD,2022-08-12 00:30,22.2,42,0
_1828,LJUBLJANA - BEŽIGRAD,2022-08-12 00:40,22.1,42,
_1828,LJUBLJANA - BEŽIGRAD,2022-08-12 00:50,22,43,
_1828,LJUBLJANA - BEŽIGRAD,2022-08-12 01:00,21.9,43,0
_1828,LJUBLJANA - BEŽIGRAD,2022-08-12 01:10,21.8,43,
_1828,LJUBLJANA - BEŽIGRAD,2022-08-12 01:20,21.7,44,
_1828,LJUBLJANA - BEŽIGRAD,2022-08-12 01:30,21.5,45,0
_1828,LJUBLJANA - BEŽIGRAD,2022-08-12 01:40,21.3,45,
_1828,LJUBLJANA - BEŽIGRAD,2022-08-12 01:50,21.1,46,
_1828,LJUBLJANA - BEŽIGRAD,2022-08-12 02:00,20.8,49,0
_1828,LJUBLJANA - BEŽIGRAD,2022-08-12 02:10,20.7,49,
_1828,LJUBLJANA - BEŽIGRAD,2022-08-12 02:20,20.7,49,
_1828,LJUBLJANA - BEŽIGRAD,2022-08-12 02:30,20.6,50,0
_1828,LJUBLJANA - BEŽIGRAD,2022-08-12 02:40,20.4,52,
_1828,LJUBLJANA - BEŽIGRAD,2022-08-12 02:50,20.1,52,
_1828,LJUBLJANA - BEŽIGRAD,2022-08-12 03:00,20.1,52,0
_1828,LJUBLJANA - BEŽIGRAD,2022-08-12 03:10,20.1,51,
_1828,LJUBLJANA - BEŽIGRAD,2022-08-12 03:20,20,51,
_1828,LJUBLJANA - BEŽIGRAD,2022-08-12 03:30,20,51,0
_1828,LJUBLJANA - BEŽIGRAD,2022-08-12 03:40,20.1,50,
_1828,LJUBLJANA - BEŽIGRAD,2022-08-12 03:50,20.2,50,
_1828,LJUBLJANA - BEŽIGRAD,2022-08-12 04:00,20.2,49,0
_1828,LJUBLJANA - BEŽIGRAD,2022-08-12 04:10,20.2,49,
_1828,LJUBLJANA - BEŽIGRAD,2022-08-12 04:20,19.9,53,
_1828,LJUBLJANA - BEŽIGRAD,2022-08-12 04:30,19.5,58,0.1
_1828,LJUBLJANA - BEŽIGRAD,2022-08-12 04:40,18.9,63,
_1828,LJUBLJANA - BEŽIGRAD,2022-08-12 04:50,18.1,70,
_1828,LJUBLJANA - BEŽIGRAD,2022-08-12 05:00,17.3,75,0.4
_1828,LJUBLJANA - BEŽIGRAD,2022-08-12 05:10,17.1,77,
_1828,LJUBLJANA - BEŽIGRAD,2022-08-12 05:20,17,78,
_1828,LJUBLJANA - BEŽIGRAD,2022-08-12 05:30,17,79,0
_1828,LJUBLJANA - BEŽIGRAD,2022-08-12 05:40,17,77,
_1828,LJUBLJANA - BEŽIGRAD,2022-08-12 05:50,17,77,
_1828,LJUBLJANA - BEŽIGRAD,2022-08-12 06:00,17.1,79,0
_1828,LJUBLJANA - BEŽIGRAD,2022-08-12 06:10,16.9,80,
_1828,LJUBLJANA - BEŽIGRAD,2022-08-12 06:20,16.9,79,
_1828,LJUBLJANA - BEŽIGRAD,2022-08-12 06:30,17,78,0
_1828,LJUBLJANA - BEŽIGRAD,2022-08-12 06:40,17.1,77,
_1828,LJUBLJANA - BEŽIGRAD,2022-08-12 06:50,17.3,77,
_1828,LJUBLJANA - BEŽIGRAD,2022-08-12 07:00,17.3,76,0
_1828,LJUBLJANA - BEŽIGRAD,2022-08-12 07:10,17.4,74,
_1828,LJUBLJANA - BEŽIGRAD,2022-08-12 07:20,17.4,73,
_1828,LJUBLJANA - BEŽIGRAD,2022-08-12 07:30,17.7,72,0
_1828,LJUBLJANA - BEŽIGRAD,2022-08-12 07:40,17.9,69,
_1828,LJUBLJANA - BEŽIGRAD,2022-08-12 07:50,18.2,67,
_1828,LJUBLJANA - BEŽIGRAD,2022-08-12 08:00,18.5,65,0
_1828,LJUBLJANA - BEŽIGRAD,2022-08-12 08:10,19.2,62,
_1828,LJUBLJANA - BEŽIGRAD,2022-08-12 08:20,19.7,59,
_1828,LJUBLJANA - BEŽIGRAD,2022-08-12 08:30,20.3,57,0
_1828,LJUBLJANA - BEŽIGRAD,2022-08-12 08:40,20.7,55,
_1828,LJUBLJANA - BEŽIGRAD,2022-08-12 08:50,21.2,54,
_1828,LJUBLJANA - BEŽIGRAD,2022-08-12 09:00,21.7,51,0
_1828,LJUBLJANA - BEŽIGRAD,2022-08-12 09:10,22.3,49,
_1828,LJUBLJANA - BEŽIGRAD,2022-08-12 09:20,22.8,47,
_1828,LJUBLJANA - BEŽIGRAD,2022-08-12 09:30,22.7,44,0
_1828,LJUBLJANA - BEŽIGRAD,2022-08-12 09:40,22.7,45,
_1828,LJUBLJANA - BEŽIGRAD,2022-08-12 09:50,22.8,45,
_1828,LJUBLJANA - BEŽIGRAD,2022-08-12 10:00,22.8,44,0
_1828,LJUBLJANA - BEŽIGRAD,2022-08-12 10:10,22.7,44,
_1828,LJUBLJANA - BEŽIGRAD,2022-08-12 10:20,23.1,43,
_1828,LJUBLJANA - BEŽIGRAD,2022-08-12 10:30,23.5,43,0
_1828,LJUBLJANA - BEŽIGRAD,2022-08-12 10:40,23.7,43,
_1828,LJUBLJANA - BEŽIGRAD,2022-08-12 10:50,23.7,42,
_1828,LJUBLJANA - BEŽIGRAD,2022-08-12 11:00,23.8,41,0
_1828,LJUBLJANA - BEŽIGRAD,2022-08-12 11:10,23.4,43,
_1828,LJUBLJANA - BEŽIGRAD,2022-08-12 11:20,22.8,45,
_1828,LJUBLJANA - BEŽIGRAD,2022-08-12 11:30,22.6,45,0
_1828,LJUBLJANA - BEŽIGRAD,2022-08-12 11:40,22.2,46,
_1828,LJUBLJANA - BEŽIGRAD,2022-08-12 11:50,22.9,44,
_1828,LJUBLJANA - BEŽIGRAD,2022-08-12 12:00,23,43,0
_1828,LJUBLJANA - BEŽIGRAD,2022-08-12 12:10,23,44,
_1828,LJUBLJANA - BEŽIGRAD,2022-08-12 12:20,22.7,44,
_1828,LJUBLJANA - BEŽIGRAD,2022-08-12 12:30,22.7,45,0
_1828,LJUBLJANA - BEŽIGRAD,2022-08-12 12:40,22.9,45,
_1828,LJUBLJANA - BEŽIGRAD,2022-08-12 12:50,22.8,46,
_1828,LJUBLJANA - BEŽIGRAD,2022-08-12 13:00,22.8,45,0
_1828,LJUBLJANA - BEŽIGRAD,2022-08-12 13:10,23,45,
_1828,LJUBLJANA - BEŽIGRAD,2022-08-12 13:20,23.2,44,
_1828,LJUBLJANA - BEŽIGRAD,2022-08-12 13:30,23.2,44,0
_1828,LJUBLJANA - BEŽIGRAD,2022-08-12 13:40,23.2,44,
_1828,LJUBLJANA - BEŽIGRAD,2022-08-12 13:50,23.1,45,
_1828,LJUBLJANA - BEŽIGRAD,2022-08-12 14:00,23.4,44,0
_1828,LJUBLJANA - BEŽIGRAD,2022-08-12 14:10,23.6,44,
_1828,LJUBLJANA - BEŽIGRAD,2022-08-12 14:20,23.7,44,
_1828,LJUBLJANA - BEŽIGRAD,2022-08-12 14:30,23.7,44,0
_1828,LJUBLJANA - BEŽIGRAD,2022-08-12 14:40,23.8,45,
_1828,LJUBLJANA - BEŽIGRAD,2022-08-12 14:50,24.4,43,
_1828,LJUBLJANA - BEŽIGRAD,2022-08-12 15:00,24.8,42,0
_1828,LJUBLJANA - BEŽIGRAD,2022-08-12 15:10,25.2,41,
_1828,LJUBLJANA - BEŽIGRAD,2022-08-12 15:20,25.4,41,
_1828,LJUBLJANA - BEŽIGRAD,2022-08-12 15:30,25.6,41,0
_1828,LJUBLJANA - BEŽIGRAD,2022-08-12 15:40,25.6,41,
_1828,LJUBLJANA - BEŽIGRAD,2022-08-12 15:50,25.5,41,
_1828,LJUBLJANA - BEŽIGRAD,2022-08-12 16:00,25.2,42,0
_1828,LJUBLJANA - BEŽIGRAD,2022-08-12 16:10,25.2,42,
_1828,LJUBLJANA - BEŽIGRAD,2022-08-12 16:20,25.1,40,
_1828,LJUBLJANA - BEŽIGRAD,2022-08-12 16:30,24.1,42,0
_1828,LJUBLJANA - BEŽIGRAD,2022-08-12 16:40,23.3,42,
_1828,LJUBLJANA - BEŽIGRAD,2022-08-12 16:50,22.7,43,
_1828,LJUBLJANA - BEŽIGRAD,2022-08-12 17:00,22.3,44,0
_1828,LJUBLJANA - BEŽIGRAD,2022-08-12 17:10,22,45,
_1828,LJUBLJANA - BEŽIGRAD,2022-08-12 17:20,21.7,45,
_1828,LJUBLJANA - BEŽIGRAD,2022-08-12 17:30,21.4,46,0
_1828,LJUBLJANA - BEŽIGRAD,2022-08-12 17:40,20.9,48,
_1828,LJUBLJANA - BEŽIGRAD,2022-08-12 17:50,20.8,48,
_1828,LJUBLJANA - BEŽIGRAD,2022-08-12 18:00,21,46,0
_1828,LJUBLJANA - BEŽIGRAD,2022-08-12 18:10,21,47,
_1828,LJUBLJANA - BEŽIGRAD,2022-08-12 18:20,20.9,49,
_1828,LJUBLJANA - BEŽIGRAD,2022-08-12 18:30,20.8,49,0
_1828,LJUBLJANA - BEŽIGRAD,2022-08-12 18:40,20.7,51,
_1828,LJUBLJANA - BEŽIGRAD,2022-08-12 18:50,20.4,54,
_1828,LJUBLJANA - BEŽIGRAD,2022-08-12 19:00,20.1,56,0
_1828,LJUBLJANA - BEŽIGRAD,2022-08-12 19:10,20,56,
_1828,LJUBLJANA - BEŽIGRAD,2022-08-12 19:20,19.8,57,
_1828,LJUBLJANA - BEŽIGRAD,2022-08-12 19:30,19.5,59,0
_1828,LJUBLJANA - BEŽIGRAD,2022-08-12 19:40,19.1,61,
_1828,LJUBLJANA - BEŽIGRAD,2022-08-12 19:50,18.9,62,
_1828,LJUBLJANA - BEŽIGRAD,2022-08-12 20:00,18.7,63,0
_1828,LJUBLJANA - BEŽIGRAD,2022-08-12 20:10,18.6,62,
_1828,LJUBLJANA - BEŽIGRAD,2022-08-12 20:20,18.6,61,
_1828,LJUBLJANA - BEŽIGRAD,2022-08-12 20:30,18.5,61,0
_1828,LJUBLJANA - BEŽIGRAD,2022-08-12 20:40,18.4,61,
_1828,LJUBLJANA - BEŽIGRAD,2022-08-12 20:50,18.3,62,
_1828,LJUBLJANA - BEŽIGRAD,2022-08-12 21:00,18.1,63,0
_1828,LJUBLJANA - BEŽIGRAD,2022-08-12 21:10,18.1,62,
_1828,LJUBLJANA - BEŽIGRAD,2022-08-12 21:20,18.1,63,
_1828,LJUBLJANA - BEŽIGRAD,2022-08-12 21:30,18,63,0
_1828,LJUBLJANA - BEŽIGRAD,2022-08-12 21:40,17.8,64,
_1828,LJUBLJANA - BEŽIGRAD,2022-08-12 21:50,17.7,65,
_1828,LJUBLJANA - BEŽIGRAD,2022-08-12 22:00,17.6,65,0
_1828,LJUBLJANA - BEŽIGRAD,2022-08-12 22:10,17.5,66,
_1828,LJUBLJANA - BEŽIGRAD,2022-08-12 22:20,17.4,66,
_1828,LJUBLJANA - BEŽIGRAD,2022-08-12 22:30,17.3,67,0
_1828,LJUBLJANA - BEŽIGRAD,2022-08-12 22:40,17.3,66,
_1828,LJUBLJANA - BEŽIGRAD,2022-08-12 22:50,17.1,67,
_1828,LJUBLJANA - BEŽIGRAD,2022-08-12 23:00,17.2,66,0
_1828,LJUBLJANA - BEŽIGRAD,2022-08-12 23:10,17,66,
_1828,LJUBLJANA - BEŽIGRAD,2022-08-12 23:20,16.9,66,
_1828,LJUBLJANA - BEŽIGRAD,2022-08-12 23:30,16.8,67,0
_1828,LJUBLJANA - BEŽIGRAD,2022-08-12 23:40,16.5,68,
_1828,LJUBLJANA - BEŽIGRAD,2022-08-12 23:50,16.2,69,
_1828,LJUBLJANA - BEŽIGRAD,2022-08-13 00:00,16,70,0
_1828,LJUBLJANA - BEŽIGRAD,2022-08-13 00:10,15.8,71,
_1828,LJUBLJANA - BEŽIGRAD,2022-08-13 00:20,15.8,71,
_1828,LJUBLJANA - BEŽIGRAD,2022-08-13 00:30,15.8,71,0
_1828,LJUBLJANA - BEŽIGRAD,2022-08-13 00:40,15.7,72,
_1828,LJUBLJANA - BEŽIGRAD,2022-08-13 00:50,15.7,73,
_1828,LJUBLJANA - BEŽIGRAD,2022-08-13 01:00,15.7,74,0
_1828,LJUBLJANA - BEŽIGRAD,2022-08-13 01:10,15.5,75,
_1828,LJUBLJANA - BEŽIGRAD,2022-08-13 01:20,15.3,75,
_1828,LJUBLJANA - BEŽIGRAD,2022-08-13 01:30,15.2,75,0
_1828,LJUBLJANA - BEŽIGRAD,2022-08-13 01:40,15,75,
_1828,LJUBLJANA - BEŽIGRAD,2022-08-13 01:50,15.1,74,
_1828,LJUBLJANA - BEŽIGRAD,2022-08-13 02:00,15,75,0
_1828,LJUBLJANA - BEŽIGRAD,2022-08-13 02:10,15,76,
_1828,LJUBLJANA - BEŽIGRAD,2022-08-13 02:20,15,76,
_1828,LJUBLJANA - BEŽIGRAD,2022-08-13 02:30,15,75,0
_1828,LJUBLJANA - BEŽIGRAD,2022-08-13 02:40,15.2,75,
_1828,LJUBLJANA - BEŽIGRAD,2022-08-13 02:50,15.3,76,
_1828,LJUBLJANA - BEŽIGRAD,2022-08-13 03:00,15.1,77,0
_1828,LJUBLJANA - BEŽIGRAD,2022-08-13 03:10,14.9,78,
_1828,LJUBLJANA - BEŽIGRAD,2022-08-13 03:20,14.8,78,
_1828,LJUBLJANA - BEŽIGRAD,2022-08-13 03:30,14.9,78,0
_1828,LJUBLJANA - BEŽIGRAD,2022-08-13 03:40,14.8,79,
_1828,LJUBLJANA - BEŽIGRAD,2022-08-13 03:50,14.7,78,
_1828,LJUBLJANA - BEŽIGRAD,2022-08-13 04:00,14.7,78,0
_1828,LJUBLJANA - BEŽIGRAD,2022-08-13 04:10,14.7,77,
_1828,LJUBLJANA - BEŽIGRAD,2022-08-13 04:20,14.6,78,
_1828,LJUBLJANA - BEŽIGRAD,2022-08-13 04:30,14.7,77,0
_1828,LJUBLJANA - BEŽIGRAD,2022-08-13 04:40,14.4,78,
_1828,LJUBLJANA - BEŽIGRAD,2022-08-13 04:50,14.3,79,
_1828,LJUBLJANA - BEŽIGRAD,2022-08-13 05:00,14.3,79,0
_1828,LJUBLJANA - BEŽIGRAD,2022-08-13 05:10,14.4,78,
_1828,LJUBLJANA - BEŽIGRAD,2022-08-13 05:20,14.5,78,
_1828,LJUBLJANA - BEŽIGRAD,2022-08-13 05:30,14.4,78,0
_1828,LJUBLJANA - BEŽIGRAD,2022-08-13 05:40,14.4,78,
_1828,LJUBLJANA - BEŽIGRAD,2022-08-13 05:50,14.4,78,
_1828,LJUBLJANA - BEŽIGRAD,2022-08-13 06:00,14.6,78,0
_1828,LJUBLJANA - BEŽIGRAD,2022-08-13 06:10,14.5,78,
_1828,LJUBLJANA - BEŽIGRAD,2022-08-13 06:20,14.5,78,
_1828,LJUBLJANA - BEŽIGRAD,2022-08-13 06:30,14.4,79,0
_1828,LJUBLJANA - BEŽIGRAD,2022-08-13 06:40,14.3,79,
_1828,LJUBLJANA - BEŽIGRAD,2022-08-13 06:50,14.3,79,
_1828,LJUBLJANA - BEŽIGRAD,2022-08-13 07:00,14.4,79,0
_1828,LJUBLJANA - BEŽIGRAD,2022-08-13 07:10,14.5,78,
_1828,LJUBLJANA - BEŽIGRAD,2022-08-13 07:20,14.8,77,
_1828,LJUBLJANA - BEŽIGRAD,2022-08-13 07:30,14.8,77,0
_1828,LJUBLJANA - BEŽIGRAD,2022-08-13 07:40,14.9,76,
_1828,LJUBLJANA - BEŽIGRAD,2022-08-13 07:50,15.1,76,
_1828,LJUBLJANA - BEŽIGRAD,2022-08-13 08:00,15.4,76,0
_1828,LJUBLJANA - BEŽIGRAD,2022-08-13 08:10,15.5,76,
_1828,LJUBLJANA - BEŽIGRAD,2022-08-13 08:20,15.4,80,
_1828,LJUBLJANA - BEŽIGRAD,2022-08-13 08:30,15,83,0.4
_1828,LJUBLJANA - BEŽIGRAD,2022-08-13 08:40,14.6,86,
_1828,LJUBLJANA - BEŽIGRAD,2022-08-13 08:50,14.4,87,
_1828,LJUBLJANA - BEŽIGRAD,2022-08-13 09:00,14.2,87,2
_1828,LJUBLJANA - BEŽIGRAD,2022-08-13 09:10,14.3,90,
_1828,LJUBLJANA - BEŽIGRAD,2022-08-13 09:20,14.4,91,
_1828,LJUBLJANA - BEŽIGRAD,2022-08-13 09:30,14.6,91,0.7
_1828,LJUBLJANA - BEŽIGRAD,2022-08-13 09:40,14.6,91,
_1828,LJUBLJANA - BEŽIGRAD,2022-08-13 09:50,14.6,90,
_1828,LJUBLJANA - BEŽIGRAD,2022-08-13 10:00,14.8,91,0.7
_1828,LJUBLJANA - BEŽIGRAD,2022-08-13 10:10,14.9,90,
_1828,LJUBLJANA - BEŽIGRAD,2022-08-13 10:20,14.9,90,
_1828,LJUBLJANA - BEŽIGRAD,2022-08-13 10:30,14.9,91,0
_1828,LJUBLJANA - BEŽIGRAD,2022-08-13 10:40,14.9,92,
_1828,LJUBLJANA - BEŽIGRAD,2022-08-13 10:50,15,93,
_1828,LJUBLJANA - BEŽIGRAD,2022-08-13 11:00,15,93,0.2
_1828,LJUBLJANA - BEŽIGRAD,2022-08-13 11:10,15.2,91,
_1828,LJUBLJANA - BEŽIGRAD,2022-08-13 11:20,15.7,90,
_1828,LJUBLJANA - BEŽIGRAD,2022-08-13 11:30,16,86,0
_1828,LJUBLJANA - BEŽIGRAD,2022-08-13 11:40,16.5,85,
_1828,LJUBLJANA - BEŽIGRAD,2022-08-13 11:50,16.8,84,
_1828,LJUBLJANA - BEŽIGRAD,2022-08-13 12:00,17,80,0
_1828,LJUBLJANA - BEŽIGRAD,2022-08-13 12:10,17.3,82,
_1828,LJUBLJANA - BEŽIGRAD,2022-08-13 12:20,17.3,82,
_1828,LJUBLJANA - BEŽIGRAD,2022-08-13 12:30,17,85,0
_1828,LJUBLJANA - BEŽIGRAD,2022-08-13 12:40,17.1,86,
_1828,LJUBLJANA - BEŽIGRAD,2022-08-13 12:50,17.5,85,
_1828,LJUBLJANA - BEŽIGRAD,2022-08-13 13:00,17.7,81,0
_1828,LJUBLJANA - BEŽIGRAD,2022-08-13 13:10,17.7,80,
_1828,LJUBLJANA - BEŽIGRAD,2022-08-13 13:20,17.8,78,
_1828,LJUBLJANA - BEŽIGRAD,2022-08-13 13:30,18.1,77,0
_1828,LJUBLJANA - BEŽIGRAD,2022-08-13 13:40,18.9,76,
_1828,LJUBLJANA - BEŽIGRAD,2022-08-13 13:50,19.3,72,
_1828,LJUBLJANA - BEŽIGRAD,2022-08-13 14:00,19.6,70,0
_1828,LJUBLJANA - BEŽIGRAD,2022-08-13 14:10,20.4,68,
_1828,LJUBLJANA - BEŽIGRAD,2022-08-13 14:20,20.9,65,
_1828,LJUBLJANA - BEŽIGRAD,2022-08-13 14:30,21,64,0
_1828,LJUBLJANA - BEŽIGRAD,2022-08-13 14:40,20.8,64,
_1828,LJUBLJANA - BEŽIGRAD,2022-08-13 14:50,20.5,66,
_1828,LJUBLJANA - BEŽIGRAD,2022-08-13 15:00,20.6,65,0
_1828,LJUBLJANA - BEŽIGRAD,2022-08-13 15:10,20.6,65,
_1828,LJUBLJANA - BEŽIGRAD,2022-08-13 15:20,20.7,67,
_1828,LJUBLJANA - BEŽIGRAD,2022-08-13 15:30,20.5,67,0
_1828,LJUBLJANA - BEŽIGRAD,2022-08-13 15:40,20.4,66,
_1828,LJUBLJANA - BEŽIGRAD,2022-08-13 15:50,20.4,66,
_1828,LJUBLJANA - BEŽIGRAD,2022-08-13 16:00,20.4,66,0
_1828,LJUBLJANA - BEŽIGRAD,2022-08-13 16:10,20.2,66,
_1828,LJUBLJANA - BEŽIGRAD,2022-08-13 16:20,20.2,66,
_1828,LJUBLJANA - BEŽIGRAD,2022-08-13 16:30,20.2,66,0
_1828,LJUBLJANA - BEŽIGRAD,2022-08-13 16:40,20.2,66,
_1828,LJUBLJANA - BEŽIGRAD,2022-08-13 16:50,20.2,66,
_1828,LJUBLJANA - BEŽIGRAD,2022-08-13 17:00,20.3,66,0
_1828,LJUBLJANA - BEŽIGRAD,2022-08-13 17:10,20.2,66,
_1828,LJUBLJANA - BEŽIGRAD,2022-08-13 17:20,20.2,66,
_1828,LJUBLJANA - BEŽIGRAD,2022-08-13 17:30,20.1,67,0
_1828,LJUBLJANA - BEŽIGRAD,2022-08-13 17:40,20.1,68,
_1828,LJUBLJANA - BEŽIGRAD,2022-08-13 17:50,20.2,68,
_1828,LJUBLJANA - BEŽIGRAD,2022-08-13 18:00,20.3,68,0
_1828,LJUBLJANA - BEŽIGRAD,2022-08-13 18:10,20.4,68,
_1828,LJUBLJANA - BEŽIGRAD,2022-08-13 18:20,20.3,68,
_1828,LJUBLJANA - BEŽIGRAD,2022-08-13 18:30,20.2,68,0
_1828,LJUBLJANA - BEŽIGRAD,2022-08-13 18:40,20.2,67,
_1828,LJUBLJANA - BEŽIGRAD,2022-08-13 18:50,20.1,68,
_1828,LJUBLJANA - BEŽIGRAD,2022-08-13 19:00,20,69,0
_1828,LJUBLJANA - BEŽIGRAD,2022-08-13 19:10,19.9,69,
_1828,LJUBLJANA - BEŽIGRAD,2022-08-13 19:20,19.8,69,
_1828,LJUBLJANA - BEŽIGRAD,2022-08-13 19:30,19.7,69,0
_1828,LJUBLJANA - BEŽIGRAD,2022-08-13 19:40,19.6,70,
_1828,LJUBLJANA - BEŽIGRAD,2022-08-13 19:50,19.5,71,
_1828,LJUBLJANA - BEŽIGRAD,2022-08-13 20:00,19.3,71,0
_1828,LJUBLJANA - BEŽIGRAD,2022-08-13 20:10,19,72,
_1828,LJUBLJANA - BEŽIGRAD,2022-08-13 20:20,19,75,
_1828,LJUBLJANA - BEŽIGRAD,2022-08-13 20:30,18.9,77,0
_1828,LJUBLJANA - BEŽIGRAD,2022-08-13 20:40,18.8,78,
_1828,LJUBLJANA - BEŽIGRAD,2022-08-13 20:50,18.7,78,
_1828,LJUBLJANA - BEŽIGRAD,2022-08-13 21:00,18.5,79,0
_1828,LJUBLJANA - BEŽIGRAD,2022-08-13 21:10,18.3,80,
_1828,LJUBLJANA - BEŽIGRAD,2022-08-13 21:20,18.2,82,
_1828,LJUBLJANA - BEŽIGRAD,2022-08-13 21:30,17.9,85,0
_1828,LJUBLJANA - BEŽIGRAD,2022-08-13 21:40,17.7,87,
_1828,LJUBLJANA - BEŽIGRAD,2022-08-13 21:50,17.5,86,
_1828,LJUBLJANA - BEŽIGRAD,2022-08-13 22:00,17.4,85,0
_1828,LJUBLJANA - BEŽIGRAD,2022-08-13 22:10,17.3,84,
_1828,LJUBLJANA - BEŽIGRAD,2022-08-13 22:20,17.1,84,
_1828,LJUBLJANA - BEŽIGRAD,2022-08-13 22:30,16.9,85,0
_1828,LJUBLJANA - BEŽIGRAD,2022-08-13 22:40,16.8,85,
_1828,LJUBLJANA - BEŽIGRAD,2022-08-13 22:50,16.7,85,
_1828,LJUBLJANA - BEŽIGRAD,2022-08-13 23:00,16.5,86,0
_1828,LJUBLJANA - BEŽIGRAD,2022-08-13 23:10,16.4,86,
_1828,LJUBLJANA - BEŽIGRAD,2022-08-13 23:20,16.3,86,
_1828,LJUBLJANA - BEŽIGRAD,2022-08-13 23:30,16.2,87,0
_1828,LJUBLJANA - BEŽIGRAD,2022-08-13 23:40,16.1,87,
_1828,LJUBLJANA - BEŽIGRAD,2022-08-13 23:50,15.9,88,
_1828,LJUBLJANA - BEŽIGRAD,2022-08-14 00:00,15.8,88,0
_1828,LJUBLJANA - BEŽIGRAD,2022-08-14 00:10,15.7,87,
_1828,LJUBLJANA - BEŽIGRAD,2022-08-14 00:20,15.6,87,
_1828,LJUBLJANA - BEŽIGRAD,2022-08-14 00:30,15.5,88,0
_1828,LJUBLJANA - BEŽIGRAD,2022-08-14 00:40,15.3,88,
_1828,LJUBLJANA - BEŽIGRAD,2022-08-14 00:50,15.2,88,
_1828,LJUBLJANA - BEŽIGRAD,2022-08-14 01:00,15.1,88,0
_1828,LJUBLJANA - BEŽIGRAD,2022-08-14 01:10,14.9,89,
_1828,LJUBLJANA - BEŽIGRAD,2022-08-14 01:20,14.9,89,
_1828,LJUBLJANA - BEŽIGRAD,2022-08-14 01:30,14.7,91,0
_1828,LJUBLJANA - BEŽIGRAD,2022-08-14 01:40,14.7,93,
_1828,LJUBLJANA - BEŽIGRAD,2022-08-14 01:50,14.5,94,
_1828,LJUBLJANA - BEŽIGRAD,2022-08-14 02:00,14.4,94,0
_1828,LJUBLJANA - BEŽIGRAD,2022-08-14 02:10,14.4,95,
_1828,LJUBLJANA - BEŽIGRAD,2022-08-14 02:20,14.5,95,
_1828,LJUBLJANA - BEŽIGRAD,2022-08-14 02:30,14.5,96,0
_1828,LJUBLJANA - BEŽIGRAD,2022-08-14 02:40,14.5,96,
_1828,LJUBLJANA - BEŽIGRAD,2022-08-14 02:50,14.4,96,
_1828,LJUBLJANA - BEŽIGRAD,2022-08-14 03:00,14.5,96,0
_1828,LJUBLJANA - BEŽIGRAD,2022-08-14 03:10,14.4,96,
_1828,LJUBLJANA - BEŽIGRAD,2022-08-14 03:20,14.3,96,
_1828,LJUBLJANA - BEŽIGRAD,2022-08-14 03:30,14.3,96,0
_1828,LJUBLJANA - BEŽIGRAD,2022-08-14 03:40,14.3,95,
_1828,LJUBLJANA - BEŽIGRAD,2022-08-14 03:50,14.2,94,
_1828,LJUBLJANA - BEŽIGRAD,2022-08-14 04:00,14,93,0
_1828,LJUBLJANA - BEŽIGRAD,2022-08-14 04:10,13.9,93,
_1828,LJUBLJANA - BEŽIGRAD,2022-08-14 04:20,13.8,93,
_1828,LJUBLJANA - BEŽIGRAD,2022-08-14 04:30,13.6,93,0
_1828,LJUBLJANA - BEŽIGRAD,2022-08-14 04:40,13.5,94,
_1828,LJUBLJANA - BEŽIGRAD,2022-08-14 04:50,13.6,95,
_1828,LJUBLJANA - BEŽIGRAD,2022-08-14 05:00,13.6,96,0
_1828,LJUBLJANA - BEŽIGRAD,2022-08-14 05:10,13.7,96,
_1828,LJUBLJANA - BEŽIGRAD,2022-08-14 05:20,13.8,97,
_1828,LJUBLJANA - BEŽIGRAD,2022-08-14 05:30,13.8,97,0
_1828,LJUBLJANA - BEŽIGRAD,2022-08-14 05:40,13.8,97,
_1828,LJUBLJANA - BEŽIGRAD,2022-08-14 05:50,13.7,97,
_1828,LJUBLJANA - BEŽIGRAD,2022-08-14 06:00,13.7,98,0
_1828,LJUBLJANA - BEŽIGRAD,2022-08-14 06:10,13.7,98,
_1828,LJUBLJANA - BEŽIGRAD,2022-08-14 06:20,13.8,98,
_1828,LJUBLJANA - BEŽIGRAD,2022-08-14 06:30,13.8,98,0
_1828,LJUBLJANA - BEŽIGRAD,2022-08-14 06:40,13.7,97,
_1828,LJUBLJANA - BEŽIGRAD,2022-08-14 06:50,13.8,97,
_1828,LJUBLJANA - BEŽIGRAD,2022-08-14 07:00,14,97,0
_1828,LJUBLJANA - BEŽIGRAD,2022-08-14 07:10,14.1,96,
_1828,LJUBLJANA - BEŽIGRAD,2022-08-14 07:20,14.3,95,
_1828,LJUBLJANA - BEŽIGRAD,2022-08-14 07:30,14.3,94,0
_1828,LJUBLJANA - BEŽIGRAD,2022-08-14 07:40,14.6,93,
_1828,LJUBLJANA - BEŽIGRAD,2022-08-14 07:50,14.6,92,
_1828,LJUBLJANA - BEŽIGRAD,2022-08-14 08:00,14.6,92,0
_1828,LJUBLJANA - BEŽIGRAD,2022-08-14 08:10,14.7,92,
_1828,LJUBLJANA - BEŽIGRAD,2022-08-14 08:20,15.1,90,
_1828,LJUBLJANA - BEŽIGRAD,2022-08-14 08:30,15.8,87,0
_1828,LJUBLJANA - BEŽIGRAD,2022-08-14 08:40,16.4,85,
_1828,LJUBLJANA - BEŽIGRAD,2022-08-14 08:50,16.9,82,
_1828,LJUBLJANA - BEŽIGRAD,2022-08-14 09:00,17.4,79,0
_1828,LJUBLJANA - BEŽIGRAD,2022-08-14 09:10,18.3,75,
_1828,LJUBLJANA - BEŽIGRAD,2022-08-14 09:20,19.1,70,
_1828,LJUBLJANA - BEŽIGRAD,2022-08-14 09:30,19.8,67,0
_1828,LJUBLJANA - BEŽIGRAD,2022-08-14 09:40,20.4,65,
_1828,LJUBLJANA - BEŽIGRAD,2022-08-14 09:50,21,62,
_1828,LJUBLJANA - BEŽIGRAD,2022-08-14 10:00,21.5,59,0
_1828,LJUBLJANA - BEŽIGRAD,2022-08-14 10:10,22.4,52,
_1828,LJUBLJANA - BEŽIGRAD,2022-08-14 10:20,23.1,51,
_1828,LJUBLJANA - BEŽIGRAD,2022-08-14 10:30,23.4,48,0
_1828,LJUBLJANA - BEŽIGRAD,2022-08-14 10:40,23.8,46,
_1828,LJUBLJANA - BEŽIGRAD,2022-08-14 10:50,24.5,44,
_1828,LJUBLJANA - BEŽIGRAD,2022-08-14 11:00,24.9,41,0
_1828,LJUBLJANA - BEŽIGRAD,2022-08-14 11:10,25.6,40,
_1828,LJUBLJANA - BEŽIGRAD,2022-08-14 11:20,25.9,40,
_1828,LJUBLJANA - BEŽIGRAD,2022-08-14 11:30,26.3,39,0
_1828,LJUBLJANA - BEŽIGRAD,2022-08-14 11:40,26.7,39,
_1828,LJUBLJANA - BEŽIGRAD,2022-08-14 11:50,27.2,36,
_1828,LJUBLJANA - BEŽIGRAD,2022-08-14 12:00,27.3,35,0
_1828,LJUBLJANA - BEŽIGRAD,2022-08-14 12:10,27.8,34,
_1828,LJUBLJANA - BEŽIGRAD,2022-08-14 12:20,28,33,
_1828,LJUBLJANA - BEŽIGRAD,2022-08-14 12:30,28.1,33,0
_1828,LJUBLJANA - BEŽIGRAD,2022-08-14 12:40,28.4,32,
_1828,LJUBLJANA - BEŽIGRAD,2022-08-14 12:50,28.9,31,
_1828,LJUBLJANA - BEŽIGRAD,2022-08-14 13:00,29,30,0
_1828,LJUBLJANA - BEŽIGRAD,2022-08-14 13:10,29.2,30,
_1828,LJUBLJANA - BEŽIGRAD,2022-08-14 13:20,29,30,
_1828,LJUBLJANA - BEŽIGRAD,2022-08-14 13:30,29.6,29,0
_1828,LJUBLJANA - BEŽIGRAD,2022-08-14 13:40,29.9,29,
_1828,LJUBLJANA - BEŽIGRAD,2022-08-14 13:50,29.8,29,
_1828,LJUBLJANA - BEŽIGRAD,2022-08-14 14:00,29.8,29,0
_1828,LJUBLJANA - BEŽIGRAD,2022-08-14 14:10,29.8,29,
_1828,LJUBLJANA - BEŽIGRAD,2022-08-14 14:20,30.1,29,
_1828,LJUBLJANA - BEŽIGRAD,2022-08-14 14:30,30.1,29,0
_1828,LJUBLJANA - BEŽIGRAD,2022-08-14 14:40,30.4,29,
_1828,LJUBLJANA - BEŽIGRAD,2022-08-14 14:50,30.6,28,
_1828,LJUBLJANA - BEŽIGRAD,2022-08-14 15:00,30.3,28,0
_1828,LJUBLJANA - BEŽIGRAD,2022-08-14 15:10,30.2,28,
_1828,LJUBLJANA - BEŽIGRAD,2022-08-14 15:20,30.5,28,
_1828,LJUBLJANA - BEŽIGRAD,2022-08-14 15:30,30.3,28,0
_1828,LJUBLJANA - BEŽIGRAD,2022-08-14 15:40,30.5,28,
_1828,LJUBLJANA - BEŽIGRAD,2022-08-14 15:50,30.6,28,
_1828,LJUBLJANA - BEŽIGRAD,2022-08-14 16:00,30.7,27,0
_1828,LJUBLJANA - BEŽIGRAD,2022-08-14 16:10,30.7,27,
_1828,LJUBLJANA - BEŽIGRAD,2022-08-14 16:20,30.8,27,
_1828,LJUBLJANA - BEŽIGRAD,2022-08-14 16:30,30.7,27,0
_1828,LJUBLJANA - BEŽIGRAD,2022-08-14 16:40,30.3,27,
_1828,LJUBLJANA - BEŽIGRAD,2022-08-14 16:50,30.5,27,
_1828,LJUBLJANA - BEŽIGRAD,2022-08-14 17:00,30.7,27,0
_1828,LJUBLJANA - BEŽIGRAD,2022-08-14 17:10,30.3,27,
_1828,LJUBLJANA - BEŽIGRAD,2022-08-14 17:20,30.4,27,
_1828,LJUBLJANA - BEŽIGRAD,2022-08-14 17:30,30,28,0
_1828,LJUBLJANA - BEŽIGRAD,2022-08-14 17:40,29.7,29,
_1828,LJUBLJANA - BEŽIGRAD,2022-08-14 17:50,29.5,29,
_1828,LJUBLJANA - BEŽIGRAD,2022-08-14 18:00,29.1,30,0
_1828,LJUBLJANA - BEŽIGRAD,2022-08-14 18:10,28.7,31,
_1828,LJUBLJANA - BEŽIGRAD,2022-08-14 18:20,28,33,
_1828,LJUBLJANA - BEŽIGRAD,2022-08-14 18:30,27.6,34,0
_1828,LJUBLJANA - BEŽIGRAD,2022-08-14 18:40,27.1,34,
_1828,LJUBLJANA - BEŽIGRAD,2022-08-14 18:50,26.8,34,
_1828,LJUBLJANA - BEŽIGRAD,2022-08-14 19:00,26.5,35,0
_1828,LJUBLJANA - BEŽIGRAD,2022-08-14 19:10,26.1,36,
_1828,LJUBLJANA - BEŽIGRAD,2022-08-14 19:20,25.8,36,
_1828,LJUBLJANA - BEŽIGRAD,2022-08-14 19:30,25.5,37,0
_1828,LJUBLJANA - BEŽIGRAD,2022-08-14 19:40,25.2,38,
_1828,LJUBLJANA - BEŽIGRAD,2022-08-14 19:50,24.9,39,
_1828,LJUBLJANA - BEŽIGRAD,2022-08-14 20:00,24.6,40,0
_1828,LJUBLJANA - BEŽIGRAD,2022-08-14 20:10,24.2,41,
_1828,LJUBLJANA - BEŽIGRAD,2022-08-14 20:20,24,41,
_1828,LJUBLJANA - BEŽIGRAD,2022-08-14 20:30,23.8,42,0
_1828,LJUBLJANA - BEŽIGRAD,2022-08-14 20:40,23.6,42,
_1828,LJUBLJANA - BEŽIGRAD,2022-08-14 20:50,23.4,43,
_1828,LJUBLJANA - BEŽIGRAD,2022-08-14 21:00,23,44,0
_1828,LJUBLJANA - BEŽIGRAD,2022-08-14 21:10,22.6,45,
_1828,LJUBLJANA - BEŽIGRAD,2022-08-14 21:20,22.2,46,
_1828,LJUBLJANA - BEŽIGRAD,2022-08-14 21:30,22,47,0
_1828,LJUBLJANA - BEŽIGRAD,2022-08-14 21:40,22.1,47,
_1828,LJUBLJANA - BEŽIGRAD,2022-08-14 21:50,21.9,47,
_1828,LJUBLJANA - BEŽIGRAD,2022-08-14 22:00,21.9,46,0
_1828,LJUBLJANA - BEŽIGRAD,2022-08-14 22:10,21.8,46,
_1828,LJUBLJANA - BEŽIGRAD,2022-08-14 22:20,21.6,47,
_1828,LJUBLJANA - BEŽIGRAD,2022-08-14 22:30,21.3,48,0
_1828,LJUBLJANA - BEŽIGRAD,2022-08-14 22:40,21,50,
_1828,LJUBLJANA - BEŽIGRAD,2022-08-14 22:50,20.8,51,
_1828,LJUBLJANA - BEŽIGRAD,2022-08-14 23:00,20.5,52,0
_1828,LJUBLJANA - BEŽIGRAD,2022-08-14 23:10,20.1,54,
_1828,LJUBLJANA - BEŽIGRAD,2022-08-14 23:20,19.9,55,
_1828,LJUBLJANA - BEŽIGRAD,2022-08-14 23:30,19.7,56,0
_1828,LJUBLJANA - BEŽIGRAD,2022-08-14 23:40,19.4,57,
_1828,LJUBLJANA - BEŽIGRAD,2022-08-14 23:50,19.4,57,
_1828,LJUBLJANA - BEŽIGRAD,2022-08-15 00:00,18.9,60,0
_1828,LJUBLJANA - BEŽIGRAD,2022-08-15 00:10,18.5,63,
_1828,LJUBLJANA - BEŽIGRAD,2022-08-15 00:20,18.1,65,
_1828,LJUBLJANA - BEŽIGRAD,2022-08-15 00:30,17.8,66,0
_1828,LJUBLJANA - BEŽIGRAD,2022-08-15 00:40,17.8,66,
_1828,LJUBLJANA - BEŽIGRAD,2022-08-15 00:50,17.7,67,
_1828,LJUBLJANA - BEŽIGRAD,2022-08-15 01:00,17.5,68,0
_1828,LJUBLJANA - BEŽIGRAD,2022-08-15 01:10,17.5,68,
_1828,LJUBLJANA - BEŽIGRAD,2022-08-15 01:20,17.5,68,
_1828,LJUBLJANA - BEŽIGRAD,2022-08-15 01:30,17.3,69,0
_1828,LJUBLJANA - BEŽIGRAD,2022-08-15 01:40,17.2,69,
_1828,LJUBLJANA - BEŽIGRAD,2022-08-15 01:50,17.1,70,
_1828,LJUBLJANA - BEŽIGRAD,2022-08-15 02:00,16.9,71,0
_1828,LJUBLJANA - BEŽIGRAD,2022-08-15 02:10,16.8,71,
_1828,LJUBLJANA - BEŽIGRAD,2022-08-15 02:20,16.8,73,
_1828,LJUBLJANA - BEŽIGRAD,2022-08-15 02:30,16.8,74,0
_1828,LJUBLJANA - BEŽIGRAD,2022-08-15 02:40,16.6,75,
_1828,LJUBLJANA - BEŽIGRAD,2022-08-15 02:50,16.6,74,
_1828,LJUBLJANA - BEŽIGRAD,2022-08-15 03:00,16.6,74,0
_1828,LJUBLJANA - BEŽIGRAD,2022-08-15 03:10,16.6,74,
_1828,LJUBLJANA - BEŽIGRAD,2022-08-15 03:20,16.6,74,
_1828,LJUBLJANA - BEŽIGRAD,2022-08-15 03:30,16.6,74,0
_1828,LJUBLJANA - BEŽIGRAD,2022-08-15 03:40,16.5,75,
_1828,LJUBLJANA - BEŽIGRAD,2022-08-15 03:50,16.2,75,
_1828,LJUBLJANA - BEŽIGRAD,2022-08-15 04:00,16,76,0
_1828,LJUBLJANA - BEŽIGRAD,2022-08-15 04:10,15.9,76,
_1828,LJUBLJANA - BEŽIGRAD,2022-08-15 04:20,15.8,77,
_1828,LJUBLJANA - BEŽIGRAD,2022-08-15 04:30,15.8,76,0
_1828,LJUBLJANA - BEŽIGRAD,2022-08-15 04:40,15.7,77,
_1828,LJUBLJANA - BEŽIGRAD,2022-08-15 04:50,15.5,78,
_1828,LJUBLJANA - BEŽIGRAD,2022-08-15 05:00,15.4,79,0
_1828,LJUBLJANA - BEŽIGRAD,2022-08-15 05:10,15.3,79,
_1828,LJUBLJANA - BEŽIGRAD,2022-08-15 05:20,15.3,80,
_1828,LJUBLJANA - BEŽIGRAD,2022-08-15 05:30,15.4,80,0
_1828,LJUBLJANA - BEŽIGRAD,2022-08-15 05:40,15.3,81,
_1828,LJUBLJANA - BEŽIGRAD,2022-08-15 05:50,15.3,80,
_1828,LJUBLJANA - BEŽIGRAD,2022-08-15 06:00,15.3,80,0
_1828,LJUBLJANA - BEŽIGRAD,2022-08-15 06:10,15.4,80,
_1828,LJUBLJANA - BEŽIGRAD,2022-08-15 06:20,15.6,79,
_1828,LJUBLJANA - BEŽIGRAD,2022-08-15 06:30,16,77,0
_1828,LJUBLJANA - BEŽIGRAD,2022-08-15 06:40,16.3,75,
_1828,LJUBLJANA - BEŽIGRAD,2022-08-15 06:50,16.3,76,
_1828,LJUBLJANA - BEŽIGRAD,2022-08-15 07:00,16.4,75,0
_1828,LJUBLJANA - BEŽIGRAD,2022-08-15 07:10,16.5,75,
_1828,LJUBLJANA - BEŽIGRAD,2022-08-15 07:20,16.9,74,
_1828,LJUBLJANA - BEŽIGRAD,2022-08-15 07:30,17.3,72,0
_1828,LJUBLJANA - BEŽIGRAD,2022-08-15 07:40,17.9,70,
_1828,LJUBLJANA - BEŽIGRAD,2022-08-15 07:50,18.1,69,
_1828,LJUBLJANA - BEŽIGRAD,2022-08-15 08:00,18.6,67,0
_1828,LJUBLJANA - BEŽIGRAD,2022-08-15 08:10,19.3,65,
_1828,LJUBLJANA - BEŽIGRAD,2022-08-15 08:20,20.1,62,
_1828,LJUBLJANA - BEŽIGRAD,2022-08-15 08:30,20.8,58,0
_1828,LJUBLJANA - BEŽIGRAD,2022-08-15 08:40,21.5,56,
_1828,LJUBLJANA - BEŽIGRAD,2022-08-15 08:50,22.2,54,
_1828,LJUBLJANA - BEŽIGRAD,2022-08-15 09:00,22.7,52,0
_1828,LJUBLJANA - BEŽIGRAD,2022-08-15 09:10,23.2,49,
_1828,LJUBLJANA - BEŽIGRAD,2022-08-15 09:20,24.1,46,
_1828,LJUBLJANA - BEŽIGRAD,2022-08-15 09:30,24.8,43,0
_1828,LJUBLJANA - BEŽIGRAD,2022-08-15 09:40,25.7,41,
_1828,LJUBLJANA - BEŽIGRAD,2022-08-15 09:50,25.8,39,
_1828,LJUBLJANA - BEŽIGRAD,2022-08-15 10:00,25.6,40,0
_1828,LJUBLJANA - BEŽIGRAD,2022-08-15 10:10,25.6,39,
_1828,LJUBLJANA - BEŽIGRAD,2022-08-15 10:20,26,39,
_1828,LJUBLJANA - BEŽIGRAD,2022-08-15 10:30,26.4,37,0
_1828,LJUBLJANA - BEŽIGRAD,2022-08-15 10:40,27.2,35,
_1828,LJUBLJANA - BEŽIGRAD,2022-08-15 10:50,27.5,34,
_1828,LJUBLJANA - BEŽIGRAD,2022-08-15 11:00,27.7,34,0
_1828,LJUBLJANA - BEŽIGRAD,2022-08-15 11:10,28.1,34,
_1828,LJUBLJANA - BEŽIGRAD,2022-08-15 11:20,28.9,32,
_1828,LJUBLJANA - BEŽIGRAD,2022-08-15 11:30,29.8,29,0
_1828,LJUBLJANA - BEŽIGRAD,2022-08-15 11:40,29.7,29,
_1828,LJUBLJANA - BEŽIGRAD,2022-08-15 11:50,29.5,29,
_1828,LJUBLJANA - BEŽIGRAD,2022-08-15 12:00,29.4,30,0
_1828,LJUBLJANA - BEŽIGRAD,2022-08-15 12:10,29.6,29,
_1828,LJUBLJANA - BEŽIGRAD,2022-08-15 12:20,30,29,
_1828,LJUBLJANA - BEŽIGRAD,2022-08-15 12:30,29.8,28,0
_1828,LJUBLJANA - BEŽIGRAD,2022-08-15 12:40,29.9,28,
_1828,LJUBLJANA - BEŽIGRAD,2022-08-15 12:50,30.4,28,
_1828,LJUBLJANA - BEŽIGRAD,2022-08-15 13:00,30.5,28,0
_1828,LJUBLJANA - BEŽIGRAD,2022-08-15 13:10,30.5,27,
_1828,LJUBLJANA - BEŽIGRAD,2022-08-15 13:20,30.8,27,
_1828,LJUBLJANA - BEŽIGRAD,2022-08-15 13:30,30.7,27,0
_1828,LJUBLJANA - BEŽIGRAD,2022-08-15 13:40,30.5,27,
_1828,LJUBLJANA - BEŽIGRAD,2022-08-15 13:50,30.5,27,
_1828,LJUBLJANA - BEŽIGRAD,2022-08-15 14:00,30.3,27,0
_1828,LJUBLJANA - BEŽIGRAD,2022-08-15 14:10,30.2,28,
_1828,LJUBLJANA - BEŽIGRAD,2022-08-15 14:20,30.9,27,
_1828,LJUBLJANA - BEŽIGRAD,2022-08-15 14:30,31.5,26,0
_1828,LJUBLJANA - BEŽIGRAD,2022-08-15 14:40,31.8,26,
_1828,LJUBLJANA - BEŽIGRAD,2022-08-15 14:50,32.1,25,
_1828,LJUBLJANA - BEŽIGRAD,2022-08-15 15:00,32,25,0
_1828,LJUBLJANA - BEŽIGRAD,2022-08-15 15:10,31.5,26,
_1828,LJUBLJANA - BEŽIGRAD,2022-08-15 15:20,31.4,29,
_1828,LJUBLJANA - BEŽIGRAD,2022-08-15 15:30,29.8,38,0
_1828,LJUBLJANA - BEŽIGRAD,2022-08-15 15:40,28.4,43,
_1828,LJUBLJANA - BEŽIGRAD,2022-08-15 15:50,27.5,47,
_1828,LJUBLJANA - BEŽIGRAD,2022-08-15 16:00,28,46,0
_1828,LJUBLJANA - BEŽIGRAD,2022-08-15 16:10,28.5,45,
_1828,LJUBLJANA - BEŽIGRAD,2022-08-15 16:20,28.3,46,
_1828,LJUBLJANA - BEŽIGRAD,2022-08-15 16:30,27.9,47,0
_1828,LJUBLJANA - BEŽIGRAD,2022-08-15 16:40,28.5,44,
_1828,LJUBLJANA - BEŽIGRAD,2022-08-15 16:50,28.9,43,
_1828,LJUBLJANA - BEŽIGRAD,2022-08-15 17:00,28.4,44,0
_1828,LJUBLJANA - BEŽIGRAD,2022-08-15 17:10,28.6,43,
_1828,LJUBLJANA - BEŽIGRAD,2022-08-15 17:20,28.3,43,
_1828,LJUBLJANA - BEŽIGRAD,2022-08-15 17:30,28.3,43,0
_1828,LJUBLJANA - BEŽIGRAD,2022-08-15 17:40,28,44,
_1828,LJUBLJANA - BEŽIGRAD,2022-08-15 17:50,27.8,46,
_1828,LJUBLJANA - BEŽIGRAD,2022-08-15 18:00,27.5,47,0
_1828,LJUBLJANA - BEŽIGRAD,2022-08-15 18:10,27.2,49,
_1828,LJUBLJANA - BEŽIGRAD,2022-08-15 18:20,27,50,
_1828,LJUBLJANA - BEŽIGRAD,2022-08-15 18:30,26.8,52,0
_1828,LJUBLJANA - BEŽIGRAD,2022-08-15 18:40,26.6,53,
_1828,LJUBLJANA - BEŽIGRAD,2022-08-15 18:50,26.4,54,
_1828,LJUBLJANA - BEŽIGRAD,2022-08-15 19:00,26.1,55,0
_1828,LJUBLJANA - BEŽIGRAD,2022-08-15 19:10,25.8,56,
_1828,LJUBLJANA - BEŽIGRAD,2022-08-15 19:20,25.6,57,
_1828,LJUBLJANA - BEŽIGRAD,2022-08-15 19:30,25.3,58,0
_1828,LJUBLJANA - BEŽIGRAD,2022-08-15 19:40,25.1,59,
_1828,LJUBLJANA - BEŽIGRAD,2022-08-15 19:50,24.9,59,
_1828,LJUBLJANA - BEŽIGRAD,2022-08-15 20:00,24.7,59,0
_1828,LJUBLJANA - BEŽIGRAD,2022-08-15 20:10,24.6,59,
_1828,LJUBLJANA - BEŽIGRAD,2022-08-15 20:20,24.4,59,
_1828,LJUBLJANA - BEŽIGRAD,2022-08-15 20:30,24.3,60,0
_1828,LJUBLJANA - BEŽIGRAD,2022-08-15 20:40,24.2,61,
_1828,LJUBLJANA - BEŽIGRAD,2022-08-15 20:50,23.9,62,
_1828,LJUBLJANA - BEŽIGRAD,2022-08-15 21:00,23.7,63,0
_1828,LJUBLJANA - BEŽIGRAD,2022-08-15 21:10,23.6,64,
_1828,LJUBLJANA - BEŽIGRAD,2022-08-15 21:20,23.4,64,
_1828,LJUBLJANA - BEŽIGRAD,2022-08-15 21:30,23.3,64,0
_1828,LJUBLJANA - BEŽIGRAD,2022-08-15 21:40,23.1,64,
_1828,LJUBLJANA - BEŽIGRAD,2022-08-15 21:50,23.1,64,
_1828,LJUBLJANA - BEŽIGRAD,2022-08-15 22:00,22.9,65,0
_1828,LJUBLJANA - BEŽIGRAD,2022-08-15 22:10,22.7,67,
_1828,LJUBLJANA - BEŽIGRAD,2022-08-15 22:20,22.5,67,
_1828,LJUBLJANA - BEŽIGRAD,2022-08-15 22:30,22.6,67,0
_1828,LJUBLJANA - BEŽIGRAD,2022-08-15 22:40,22.4,68,
_1828,LJUBLJANA - BEŽIGRAD,2022-08-15 22:50,22.2,68,
_1828,LJUBLJANA - BEŽIGRAD,2022-08-15 23:00,22.1,68,0
_1828,LJUBLJANA - BEŽIGRAD,2022-08-15 23:10,21.9,70,
_1828,LJUBLJANA - BEŽIGRAD,2022-08-15 23:20,21.6,71,
_1828,LJUBLJANA - BEŽIGRAD,2022-08-15 23:30,21.5,72,0
_1828,LJUBLJANA - BEŽIGRAD,2022-08-15 23:40,21.4,72,
_1828,LJUBLJANA - BEŽIGRAD,2022-08-15 23:50,21.2,73,
_1828,LJUBLJANA - BEŽIGRAD,2022-08-16 00:00,20.9,74,0
_1828,LJUBLJANA - BEŽIGRAD,2022-08-16 00:10,20.7,75,
_1828,LJUBLJANA - BEŽIGRAD,2022-08-16 00:20,20.6,76,
_1828,LJUBLJANA - BEŽIGRAD,2022-08-16 00:30,20.5,76,0
_1828,LJUBLJANA - BEŽIGRAD,2022-08-16 00:40,20.3,77,
_1828,LJUBLJANA - BEŽIGRAD,2022-08-16 00:50,20.1,77,
_1828,LJUBLJANA - BEŽIGRAD,2022-08-16 01:00,20,77,0
_1828,LJUBLJANA - BEŽIGRAD,2022-08-16 01:10,19.8,78,
_1828,LJUBLJANA - BEŽIGRAD,2022-08-16 01:20,19.9,77,
_1828,LJUBLJANA - BEŽIGRAD,2022-08-16 01:30,20,77,0
_1828,LJUBLJANA - BEŽIGRAD,2022-08-16 01:40,19.9,77,
_1828,LJUBLJANA - BEŽIGRAD,2022-08-16 01:50,19.7,77,
_1828,LJUBLJANA - BEŽIGRAD,2022-08-16 02:00,19.4,78,0
_1828,LJUBLJANA - BEŽIGRAD,2022-08-16 02:10,19.3,78,
_1828,LJUBLJANA - BEŽIGRAD,2022-08-16 02:20,19.1,79,
_1828,LJUBLJANA - BEŽIGRAD,2022-08-16 02:30,19,79,0
_1828,LJUBLJANA - BEŽIGRAD,2022-08-16 02:40,18.9,80,
_1828,LJUBLJANA - BEŽIGRAD,2022-08-16 02:50,19,79,
_1828,LJUBLJANA - BEŽIGRAD,2022-08-16 03:00,18.8,79,0
_1828,LJUBLJANA - BEŽIGRAD,2022-08-16 03:10,18.8,78,
_1828,LJUBLJANA - BEŽIGRAD,2022-08-16 03:20,18.9,78,
_1828,LJUBLJANA - BEŽIGRAD,2022-08-16 03:30,18.9,79,0
_1828,LJUBLJANA - BEŽIGRAD,2022-08-16 03:40,18.9,78,
_1828,LJUBLJANA - BEŽIGRAD,2022-08-16 03:50,18.8,80,
_1828,LJUBLJANA - BEŽIGRAD,2022-08-16 04:00,18.8,80,0
_1828,LJUBLJANA - BEŽIGRAD,2022-08-16 04:10,18.8,80,
_1828,LJUBLJANA - BEŽIGRAD,2022-08-16 04:20,18.9,79,
_1828,LJUBLJANA - BEŽIGRAD,2022-08-16 04:30,19,77,0
_1828,LJUBLJANA - BEŽIGRAD,2022-08-16 04:40,19.3,75,
_1828,LJUBLJANA - BEŽIGRAD,2022-08-16 04:50,19.4,74,
_1828,LJUBLJANA - BEŽIGRAD,2022-08-16 05:00,19.6,73,0
_1828,LJUBLJANA - BEŽIGRAD,2022-08-16 05:10,19.8,73,
_1828,LJUBLJANA - BEŽIGRAD,2022-08-16 05:20,19.4,75,
_1828,LJUBLJANA - BEŽIGRAD,2022-08-16 05:30,18.9,79,0
_1828,LJUBLJANA - BEŽIGRAD,2022-08-16 05:40,18.6,81,
_1828,LJUBLJANA - BEŽIGRAD,2022-08-16 05:50,18.5,82,
_1828,LJUBLJANA - BEŽIGRAD,2022-08-16 06:00,18.3,83,0
_1828,LJUBLJANA - BEŽIGRAD,2022-08-16 06:10,18.4,82,
_1828,LJUBLJANA - BEŽIGRAD,2022-08-16 06:20,18.4,82,
_1828,LJUBLJANA - BEŽIGRAD,2022-08-16 06:30,18.6,82,0
_1828,LJUBLJANA - BEŽIGRAD,2022-08-16 06:40,18.8,82,
_1828,LJUBLJANA - BEŽIGRAD,2022-08-16 06:50,19,82,
_1828,LJUBLJANA - BEŽIGRAD,2022-08-16 07:00,19.1,82,0
_1828,LJUBLJANA - BEŽIGRAD,2022-08-16 07:10,19.1,82,
_1828,LJUBLJANA - BEŽIGRAD,2022-08-16 07:20,19.2,81,
_1828,LJUBLJANA - BEŽIGRAD,2022-08-16 07:30,19.4,81,0
_1828,LJUBLJANA - BEŽIGRAD,2022-08-16 07:40,19.5,80,
_1828,LJUBLJANA - BEŽIGRAD,2022-08-16 07:50,19.3,79,
_1828,LJUBLJANA - BEŽIGRAD,2022-08-16 08:00,19.2,80,0
_1828,LJUBLJANA - BEŽIGRAD,2022-08-16 08:10,19.1,80,
_1828,LJUBLJANA - BEŽIGRAD,2022-08-16 08:20,19.2,79,
_1828,LJUBLJANA - BEŽIGRAD,2022-08-16 08:30,19.5,78,0
_1828,LJUBLJANA - BEŽIGRAD,2022-08-16 08:40,19.8,76,
_1828,LJUBLJANA - BEŽIGRAD,2022-08-16 08:50,20,74,
_1828,LJUBLJANA - BEŽIGRAD,2022-08-16 09:00,20.3,72,0
_1828,LJUBLJANA - BEŽIGRAD,2022-08-16 09:10,20.8,71,
_1828,LJUBLJANA - BEŽIGRAD,2022-08-16 09:20,21.2,70,
_1828,LJUBLJANA - BEŽIGRAD,2022-08-16 09:30,21.9,67,0
_1828,LJUBLJANA - BEŽIGRAD,2022-08-16 09:40,22.5,63,
_1828,LJUBLJANA - BEŽIGRAD,2022-08-16 09:50,22.6,61,
_1828,LJUBLJANA - BEŽIGRAD,2022-08-16 10:00,23.3,57,0
_1828,LJUBLJANA - BEŽIGRAD,2022-08-16 10:10,23.7,54,
_1828,LJUBLJANA - BEŽIGRAD,2022-08-16 10:20,24.3,53,
_1828,LJUBLJANA - BEŽIGRAD,2022-08-16 10:30,24.9,52,0
_1828,LJUBLJANA - BEŽIGRAD,2022-08-16 10:40,25.3,51,
_1828,LJUBLJANA - BEŽIGRAD,2022-08-16 10:50,25,52,
_1828,LJUBLJANA - BEŽIGRAD,2022-08-16 11:00,25.6,50,0
_1828,LJUBLJANA - BEŽIGRAD,2022-08-16 11:10,25.9,48,
_1828,LJUBLJANA - BEŽIGRAD,2022-08-16 11:20,26.4,46,
_1828,LJUBLJANA - BEŽIGRAD,2022-08-16 11:30,26.6,46,0
_1828,LJUBLJANA - BEŽIGRAD,2022-08-16 11:40,27.2,43,
_1828,LJUBLJANA - BEŽIGRAD,2022-08-16 11:50,27.1,42,
_1828,LJUBLJANA - BEŽIGRAD,2022-08-16 12:00,27.2,42,0
_1828,LJUBLJANA - BEŽIGRAD,2022-08-16 12:10,27.6,41,
_1828,LJUBLJANA - BEŽIGRAD,2022-08-16 12:20,27.7,41,
_1828,LJUBLJANA - BEŽIGRAD,2022-08-16 12:30,28.5,40,0
_1828,LJUBLJANA - BEŽIGRAD,2022-08-16 12:40,28.4,39,
_1828,LJUBLJANA - BEŽIGRAD,2022-08-16 12:50,28.8,38,
_1828,LJUBLJANA - BEŽIGRAD,2022-08-16 13:00,28.9,37,0
_1828,LJUBLJANA - BEŽIGRAD,2022-08-16 13:10,29.5,35,
_1828,LJUBLJANA - BEŽIGRAD,2022-08-16 13:20,29.7,34,
_1828,LJUBLJANA - BEŽIGRAD,2022-08-16 13:30,29.8,34,0
_1828,LJUBLJANA - BEŽIGRAD,2022-08-16 13:40,30.2,33,
_1828,LJUBLJANA - BEŽIGRAD,2022-08-16 13:50,29.8,34,
_1828,LJUBLJANA - BEŽIGRAD,2022-08-16 14:00,30,33,0
_1828,LJUBLJANA - BEŽIGRAD,2022-08-16 14:10,30.3,33,
_1828,LJUBLJANA - BEŽIGRAD,2022-08-16 14:20,30.6,33,
_1828,LJUBLJANA - BEŽIGRAD,2022-08-16 14:30,30.4,34,0
_1828,LJUBLJANA - BEŽIGRAD,2022-08-16 14:40,30.7,34,
_1828,LJUBLJANA - BEŽIGRAD,2022-08-16 14:50,30.7,33,
_1828,LJUBLJANA - BEŽIGRAD,2022-08-16 15:00,30.6,33,0
_1828,LJUBLJANA - BEŽIGRAD,2022-08-16 15:10,30.1,33,
_1828,LJUBLJANA - BEŽIGRAD,2022-08-16 15:20,30.8,32,
_1828,LJUBLJANA - BEŽIGRAD,2022-08-16 15:30,31,34,0
_1828,LJUBLJANA - BEŽIGRAD,2022-08-16 15:40,30.8,35,
_1828,LJUBLJANA - BEŽIGRAD,2022-08-16 15:50,30.7,35,
_1828,LJUBLJANA - BEŽIGRAD,2022-08-16 16:00,30.6,35,0
_1828,LJUBLJANA - BEŽIGRAD,2022-08-16 16:10,30.6,34,
_1828,LJUBLJANA - BEŽIGRAD,2022-08-16 16:20,30.2,35,
_1828,LJUBLJANA - BEŽIGRAD,2022-08-16 16:30,30.2,36,0
_1828,LJUBLJANA - BEŽIGRAD,2022-08-16 16:40,29.3,39,
_1828,LJUBLJANA - BEŽIGRAD,2022-08-16 16:50,28.9,41,
_1828,LJUBLJANA - BEŽIGRAD,2022-08-16 17:00,29.2,40,0
_1828,LJUBLJANA - BEŽIGRAD,2022-08-16 17:10,29.2,40,
_1828,LJUBLJANA - BEŽIGRAD,2022-08-16 17:20,29,41,
_1828,LJUBLJANA - BEŽIGRAD,2022-08-16 17:30,28.8,42,0
_1828,LJUBLJANA - BEŽIGRAD,2022-08-16 17:40,28.7,44,
_1828,LJUBLJANA - BEŽIGRAD,2022-08-16 17:50,28.2,47,
_1828,LJUBLJANA - BEŽIGRAD,2022-08-16 18:00,28,49,0
_1828,LJUBLJANA - BEŽIGRAD,2022-08-16 18:10,27.7,51,
_1828,LJUBLJANA - BEŽIGRAD,2022-08-16 18:20,27.4,52,
_1828,LJUBLJANA - BEŽIGRAD,2022-08-16 18:30,27.2,54,0
_1828,LJUBLJANA - BEŽIGRAD,2022-08-16 18:40,27.1,55,
_1828,LJUBLJANA - BEŽIGRAD,2022-08-16 18:50,26.9,55,
_1828,LJUBLJANA - BEŽIGRAD,2022-08-16 19:00,26.7,55,0
_1828,LJUBLJANA - BEŽIGRAD,2022-08-16 19:10,26.5,55,
_1828,LJUBLJANA - BEŽIGRAD,2022-08-16 19:20,26.2,56,
_1828,LJUBLJANA - BEŽIGRAD,2022-08-16 19:30,26,57,0
_1828,LJUBLJANA - BEŽIGRAD,2022-08-16 19:40,25.7,58,
_1828,LJUBLJANA - BEŽIGRAD,2022-08-16 19:50,25.4,59,
_1828,LJUBLJANA - BEŽIGRAD,2022-08-16 20:00,25.1,60,0
_1828,LJUBLJANA - BEŽIGRAD,2022-08-16 20:10,24.9,59,
_1828,LJUBLJANA - BEŽIGRAD,2022-08-16 20:20,24.7,59,
_1828,LJUBLJANA - BEŽIGRAD,2022-08-16 20:30,24.5,59,0
_1828,LJUBLJANA - BEŽIGRAD,2022-08-16 20:40,24.4,59,
_1828,LJUBLJANA - BEŽIGRAD,2022-08-16 20:50,24.2,59,
_1828,LJUBLJANA - BEŽIGRAD,2022-08-16 21:00,23.9,61,0
_1828,LJUBLJANA - BEŽIGRAD,2022-08-16 21:10,23.8,62,
_1828,LJUBLJANA - BEŽIGRAD,2022-08-16 21:20,23.7,63,
_1828,LJUBLJANA - BEŽIGRAD,2022-08-16 21:30,23.6,63,0
_1828,LJUBLJANA - BEŽIGRAD,2022-08-16 21:40,23.6,64,
_1828,LJUBLJANA - BEŽIGRAD,2022-08-16 21:50,23.5,64,
_1828,LJUBLJANA - BEŽIGRAD,2022-08-16 22:00,23.4,64,0
_1828,LJUBLJANA - BEŽIGRAD,2022-08-16 22:10,23.2,65,
_1828,LJUBLJANA - BEŽIGRAD,2022-08-16 22:20,23,66,
_1828,LJUBLJANA - BEŽIGRAD,2022-08-16 22:30,22.9,66,0
_1828,LJUBLJANA - BEŽIGRAD,2022-08-16 22:40,22.9,67,
_1828,LJUBLJANA - BEŽIGRAD,2022-08-16 22:50,22.8,68,
_1828,LJUBLJANA - BEŽIGRAD,2022-08-16 23:00,22.8,69,0
_1828,LJUBLJANA - BEŽIGRAD,2022-08-16 23:10,22.7,70,
_1828,LJUBLJANA - BEŽIGRAD,2022-08-16 23:20,22.6,71,
_1828,LJUBLJANA - BEŽIGRAD,2022-08-16 23:30,22.5,73,0
_1828,LJUBLJANA - BEŽIGRAD,2022-08-16 23:40,22.4,74,
_1828,LJUBLJANA - BEŽIGRAD,2022-08-16 23:50,22.3,74,
_1828,LJUBLJANA - BEŽIGRAD,2022-08-17 00:00,22.2,75,0
_1828,LJUBLJANA - BEŽIGRAD,2022-08-17 00:10,21.9,75,
_1828,LJUBLJANA - BEŽIGRAD,2022-08-17 00:20,21.8,75,
_1828,LJUBLJANA - BEŽIGRAD,2022-08-17 00:30,21.7,76,0
_1828,LJUBLJANA - BEŽIGRAD,2022-08-17 00:40,21.6,77,
_1828,LJUBLJANA - BEŽIGRAD,2022-08-17 00:50,21.8,76,
_1828,LJUBLJANA - BEŽIGRAD,2022-08-17 01:00,21.3,72,0
_1828,LJUBLJANA - BEŽIGRAD,2022-08-17 01:10,21.2,75,
_1828,LJUBLJANA - BEŽIGRAD,2022-08-17 01:20,21.4,78,
_1828,LJUBLJANA - BEŽIGRAD,2022-08-17 01:30,21.5,79,0
_1828,LJUBLJANA - BEŽIGRAD,2022-08-17 01:40,21.5,78,
_1828,LJUBLJANA - BEŽIGRAD,2022-08-17 01:50,21,76,
_1828,LJUBLJANA - BEŽIGRAD,2022-08-17 02:00,20.6,76,0
_1828,LJUBLJANA - BEŽIGRAD,2022-08-17 02:10,20.3,77,
_1828,LJUBLJANA - BEŽIGRAD,2022-08-17 02:20,20,77,
_1828,LJUBLJANA - BEŽIGRAD,2022-08-17 02:30,19.7,78,0
_1828,LJUBLJANA - BEŽIGRAD,2022-08-17 02:40,19.6,77,
_1828,LJUBLJANA - BEŽIGRAD,2022-08-17 02:50,19.3,76,
_1828,LJUBLJANA - BEŽIGRAD,2022-08-17 03:00,19,78,0
_1828,LJUBLJANA - BEŽIGRAD,2022-08-17 03:10,18.8,79,
_1828,LJUBLJANA - BEŽIGRAD,2022-08-17 03:20,18.6,80,
_1828,LJUBLJANA - BEŽIGRAD,2022-08-17 03:30,18.4,81,0
_1828,LJUBLJANA - BEŽIGRAD,2022-08-17 03:40,18.2,82,
_1828,LJUBLJANA - BEŽIGRAD,2022-08-17 03:50,18.1,83,
_1828,LJUBLJANA - BEŽIGRAD,2022-08-17 04:00,18,83,0
_1828,LJUBLJANA - BEŽIGRAD,2022-08-17 04:10,18.1,81,
_1828,LJUBLJANA - BEŽIGRAD,2022-08-17 04:20,18.1,81,
_1828,LJUBLJANA - BEŽIGRAD,2022-08-17 04:30,17.9,81,0
_1828,LJUBLJANA - BEŽIGRAD,2022-08-17 04:40,17.8,82,
_1828,LJUBLJANA - BEŽIGRAD,2022-08-17 04:50,17.6,82,
_1828,LJUBLJANA - BEŽIGRAD,2022-08-17 05:00,17.5,83,0
_1828,LJUBLJANA - BEŽIGRAD,2022-08-17 05:10,17.4,83,
_1828,LJUBLJANA - BEŽIGRAD,2022-08-17 05:20,17.5,83,
_1828,LJUBLJANA - BEŽIGRAD,2022-08-17 05:30,17.5,83,0
_1828,LJUBLJANA - BEŽIGRAD,2022-08-17 05:40,17.6,83,
_1828,LJUBLJANA - BEŽIGRAD,2022-08-17 05:50,17.7,82,
_1828,LJUBLJANA - BEŽIGRAD,2022-08-17 06:00,18.1,80,0
_1828,LJUBLJANA - BEŽIGRAD,2022-08-17 06:10,18.6,78,
_1828,LJUBLJANA - BEŽIGRAD,2022-08-17 06:20,18.9,76,
_1828,LJUBLJANA - BEŽIGRAD,2022-08-17 06:30,19.1,75,0
_1828,LJUBLJANA - BEŽIGRAD,2022-08-17 06:40,19.4,73,
_1828,LJUBLJANA - BEŽIGRAD,2022-08-17 06:50,19.5,74,
_1828,LJUBLJANA - BEŽIGRAD,2022-08-17 07:00,19.3,74,0
_1828,LJUBLJANA - BEŽIGRAD,2022-08-17 07:10,19.7,74,
_1828,LJUBLJANA - BEŽIGRAD,2022-08-17 07:20,19.9,74,
_1828,LJUBLJANA - BEŽIGRAD,2022-08-17 07:30,20.2,73,0
_1828,LJUBLJANA - BEŽIGRAD,2022-08-17 07:40,20.2,72,
_1828,LJUBLJANA - BEŽIGRAD,2022-08-17 07:50,20.6,71,
_1828,LJUBLJANA - BEŽIGRAD,2022-08-17 08:00,21,70,0
_1828,LJUBLJANA - BEŽIGRAD,2022-08-17 08:10,21.6,68,
_1828,LJUBLJANA - BEŽIGRAD,2022-08-17 08:20,22.3,67,
_1828,LJUBLJANA - BEŽIGRAD,2022-08-17 08:30,23,65,0
_1828,LJUBLJANA - BEŽIGRAD,2022-08-17 08:40,23.6,64,
_1828,LJUBLJANA - BEŽIGRAD,2022-08-17 08:50,24.4,63,
_1828,LJUBLJANA - BEŽIGRAD,2022-08-17 09:00,25.2,62,0
_1828,LJUBLJANA - BEŽIGRAD,2022-08-17 09:10,25.8,60,
_1828,LJUBLJANA - BEŽIGRAD,2022-08-17 09:20,26.2,57,
_1828,LJUBLJANA - BEŽIGRAD,2022-08-17 09:30,26.7,55,0
_1828,LJUBLJANA - BEŽIGRAD,2022-08-17 09:40,27.2,53,
_1828,LJUBLJANA - BEŽIGRAD,2022-08-17 09:50,27.4,52,
_1828,LJUBLJANA - BEŽIGRAD,2022-08-17 10:00,28,50,0
_1828,LJUBLJANA - BEŽIGRAD,2022-08-17 10:10,28.3,50,
_1828,LJUBLJANA - BEŽIGRAD,2022-08-17 10:20,28.6,49,
_1828,LJUBLJANA - BEŽIGRAD,2022-08-17 10:30,28.6,49,0
_1828,LJUBLJANA - BEŽIGRAD,2022-08-17 10:40,29.1,47,
_1828,LJUBLJANA - BEŽIGRAD,2022-08-17 10:50,29.7,46,
_1828,LJUBLJANA - BEŽIGRAD,2022-08-17 11:00,30.1,44,0
_1828,LJUBLJANA - BEŽIGRAD,2022-08-17 11:10,30.6,41,
_1828,LJUBLJANA - BEŽIGRAD,2022-08-17 11:20,31,39,
_1828,LJUBLJANA - BEŽIGRAD,2022-08-17 11:30,31.1,38,0
_1828,LJUBLJANA - BEŽIGRAD,2022-08-17 11:40,31.1,39,
_1828,LJUBLJANA - BEŽIGRAD,2022-08-17 11:50,31.4,39,
_1828,LJUBLJANA - BEŽIGRAD,2022-08-17 12:00,31.3,39,0
_1828,LJUBLJANA - BEŽIGRAD,2022-08-17 12:10,31.6,39,
_1828,LJUBLJANA - BEŽIGRAD,2022-08-17 12:20,31.6,39,
_1828,LJUBLJANA - BEŽIGRAD,2022-08-17 12:30,31.6,39,0
_1828,LJUBLJANA - BEŽIGRAD,2022-08-17 12:40,31.6,39,
_1828,LJUBLJANA - BEŽIGRAD,2022-08-17 12:50,31.6,40,
_1828,LJUBLJANA - BEŽIGRAD,2022-08-17 13:00,31.7,39,0
_1828,LJUBLJANA - BEŽIGRAD,2022-08-17 13:10,31.7,39,
_1828,LJUBLJANA - BEŽIGRAD,2022-08-17 13:20,31.9,38,
_1828,LJUBLJANA - BEŽIGRAD,2022-08-17 13:30,32,38,0
_1828,LJUBLJANA - BEŽIGRAD,2022-08-17 13:40,32,38,
_1828,LJUBLJANA - BEŽIGRAD,2022-08-17 13:50,31.9,38,
_1828,LJUBLJANA - BEŽIGRAD,2022-08-17 14:00,32.1,38,0
_1828,LJUBLJANA - BEŽIGRAD,2022-08-17 14:10,32,38,
_1828,LJUBLJANA - BEŽIGRAD,2022-08-17 14:20,32,38,
_1828,LJUBLJANA - BEŽIGRAD,2022-08-17 14:30,31.7,38,0
_1828,LJUBLJANA - BEŽIGRAD,2022-08-17 14:40,31.9,38,
_1828,LJUBLJANA - BEŽIGRAD,2022-08-17 14:50,32,38,
_1828,LJUBLJANA - BEŽIGRAD,2022-08-17 15:00,32,38,0
_1828,LJUBLJANA - BEŽIGRAD,2022-08-17 15:10,31.9,38,
_1828,LJUBLJANA - BEŽIGRAD,2022-08-17 15:20,31.9,39,
_1828,LJUBLJANA - BEŽIGRAD,2022-08-17 15:30,31.9,39,0
_1828,LJUBLJANA - BEŽIGRAD,2022-08-17 15:40,31.5,39,
_1828,LJUBLJANA - BEŽIGRAD,2022-08-17 15:50,31.5,39,
_1828,LJUBLJANA - BEŽIGRAD,2022-08-17 16:00,31.6,38,0
_1828,LJUBLJANA - BEŽIGRAD,2022-08-17 16:10,31.7,38,
_1828,LJUBLJANA - BEŽIGRAD,2022-08-17 16:20,31.7,38,
_1828,LJUBLJANA - BEŽIGRAD,2022-08-17 16:30,31.6,38,0
_1828,LJUBLJANA - BEŽIGRAD,2022-08-17 16:40,31.6,38,
_1828,LJUBLJANA - BEŽIGRAD,2022-08-17 16:50,31.3,38,
_1828,LJUBLJANA - BEŽIGRAD,2022-08-17 17:00,31.1,38,0
_1828,LJUBLJANA - BEŽIGRAD,2022-08-17 17:10,31.1,38,
_1828,LJUBLJANA - BEŽIGRAD,2022-08-17 17:20,30.7,39,
_1828,LJUBLJANA - BEŽIGRAD,2022-08-17 17:30,30.4,39,0
_1828,LJUBLJANA - BEŽIGRAD,2022-08-17 17:40,30.3,39,
_1828,LJUBLJANA - BEŽIGRAD,2022-08-17 17:50,30,40,
_1828,LJUBLJANA - BEŽIGRAD,2022-08-17 18:00,29.8,40,0
_1828,LJUBLJANA - BEŽIGRAD,2022-08-17 18:10,29.4,41,
_1828,LJUBLJANA - BEŽIGRAD,2022-08-17 18:20,29,42,
_1828,LJUBLJANA - BEŽIGRAD,2022-08-17 18:30,28.7,43,0
_1828,LJUBLJANA - BEŽIGRAD,2022-08-17 18:40,28.5,43,
_1828,LJUBLJANA - BEŽIGRAD,2022-08-17 18:50,28.2,44,
_1828,LJUBLJANA - BEŽIGRAD,2022-08-17 19:00,28,45,0
_1828,LJUBLJANA - BEŽIGRAD,2022-08-17 19:10,27.6,46,
_1828,LJUBLJANA - BEŽIGRAD,2022-08-17 19:20,27.4,47,
_1828,LJUBLJANA - BEŽIGRAD,2022-08-17 19:30,27.1,48,0
_1828,LJUBLJANA - BEŽIGRAD,2022-08-17 19:40,26.8,48,
_1828,LJUBLJANA - BEŽIGRAD,2022-08-17 19:50,26.7,49,
_1828,LJUBLJANA - BEŽIGRAD,2022-08-17 20:00,26.5,50,0
_1828,LJUBLJANA - BEŽIGRAD,2022-08-17 20:10,26.4,50,
_1828,LJUBLJANA - BEŽIGRAD,2022-08-17 20:20,26.2,51,
_1828,LJUBLJANA - BEŽIGRAD,2022-08-17 20:30,26.1,52,0
_1828,LJUBLJANA - BEŽIGRAD,2022-08-17 20:40,26,53,
_1828,LJUBLJANA - BEŽIGRAD,2022-08-17 20:50,25.8,53,
_1828,LJUBLJANA - BEŽIGRAD,2022-08-17 21:00,25.5,54,0
_1828,LJUBLJANA - BEŽIGRAD,2022-08-17 21:10,25.3,55,
_1828,LJUBLJANA - BEŽIGRAD,2022-08-17 21:20,25.3,54,
_1828,LJUBLJANA - BEŽIGRAD,2022-08-17 21:30,25.1,55,0
_1828,LJUBLJANA - BEŽIGRAD,2022-08-17 21:40,24.9,56,
_1828,LJUBLJANA - BEŽIGRAD,2022-08-17 21:50,24.7,57,
_1828,LJUBLJANA - BEŽIGRAD,2022-08-17 22:00,24.9,57,0
_1828,LJUBLJANA - BEŽIGRAD,2022-08-17 22:10,24.9,57,
_1828,LJUBLJANA - BEŽIGRAD,2022-08-17 22:20,25.1,56,
_1828,LJUBLJANA - BEŽIGRAD,2022-08-17 22:30,25,57,0
_1828,LJUBLJANA - BEŽIGRAD,2022-08-17 22:40,24.9,57,
_1828,LJUBLJANA - BEŽIGRAD,2022-08-17 22:50,24.9,57,
_1828,LJUBLJANA - BEŽIGRAD,2022-08-17 23:00,24.8,58,0
_1828,LJUBLJANA - BEŽIGRAD,2022-08-17 23:10,24.9,57,
_1828,LJUBLJANA - BEŽIGRAD,2022-08-17 23:20,24.9,57,
_1828,LJUBLJANA - BEŽIGRAD,2022-08-17 23:30,24.8,58,0
_1828,LJUBLJANA - BEŽIGRAD,2022-08-17 23:40,24.6,58,
_1828,LJUBLJANA - BEŽIGRAD,2022-08-17 23:50,24.3,59,
_1828,LJUBLJANA - BEŽIGRAD,2022-08-18 00:00,24.2,60,0
_1828,LJUBLJANA - BEŽIGRAD,2022-08-18 00:10,24,61,
_1828,LJUBLJANA - BEŽIGRAD,2022-08-18 00:20,23.9,61,
_1828,LJUBLJANA - BEŽIGRAD,2022-08-18 00:30,23.9,61,0
_1828,LJUBLJANA - BEŽIGRAD,2022-08-18 00:40,23.8,61,
_1828,LJUBLJANA - BEŽIGRAD,2022-08-18 00:50,23.7,62,
_1828,LJUBLJANA - BEŽIGRAD,2022-08-18 01:00,23.3,63,0
_1828,LJUBLJANA - BEŽIGRAD,2022-08-18 01:10,23.4,63,
_1828,LJUBLJANA - BEŽIGRAD,2022-08-18 01:20,23.4,63,
_1828,LJUBLJANA - BEŽIGRAD,2022-08-18 01:30,23.2,65,0
_1828,LJUBLJANA - BEŽIGRAD,2022-08-18 01:40,23.1,66,
_1828,LJUBLJANA - BEŽIGRAD,2022-08-18 01:50,23,66,
_1828,LJUBLJANA - BEŽIGRAD,2022-08-18 02:00,23,66,0
_1828,LJUBLJANA - BEŽIGRAD,2022-08-18 02:10,23,66,
_1828,LJUBLJANA - BEŽIGRAD,2022-08-18 02:20,22.9,67,
_1828,LJUBLJANA - BEŽIGRAD,2022-08-18 02:30,22.7,67,0
_1828,LJUBLJANA - BEŽIGRAD,2022-08-18 02:40,22.5,68,
_1828,LJUBLJANA - BEŽIGRAD,2022-08-18 02:50,22.2,68,
_1828,LJUBLJANA - BEŽIGRAD,2022-08-18 03:00,21.9,70,0
_1828,LJUBLJANA - BEŽIGRAD,2022-08-18 03:10,21.8,70,
_1828,LJUBLJANA - BEŽIGRAD,2022-08-18 03:20,21.8,70,
_1828,LJUBLJANA - BEŽIGRAD,2022-08-18 03:30,21.5,72,0
_1828,LJUBLJANA - BEŽIGRAD,2022-08-18 03:40,21.3,73,
_1828,LJUBLJANA - BEŽIGRAD,2022-08-18 03:50,21.5,72,
_1828,LJUBLJANA - BEŽIGRAD,2022-08-18 04:00,21.4,73,0
_1828,LJUBLJANA - BEŽIGRAD,2022-08-18 04:10,21,75,
_1828,LJUBLJANA - BEŽIGRAD,2022-08-18 04:20,20.8,76,
_1828,LJUBLJANA - BEŽIGRAD,2022-08-18 04:30,20.5,77,0
_1828,LJUBLJANA - BEŽIGRAD,2022-08-18 04:40,20.3,78,
_1828,LJUBLJANA - BEŽIGRAD,2022-08-18 04:50,20.1,79,
_1828,LJUBLJANA - BEŽIGRAD,2022-08-18 05:00,20.1,79,0
_1828,LJUBLJANA - BEŽIGRAD,2022-08-18 05:10,20,80,
_1828,LJUBLJANA - BEŽIGRAD,2022-08-18 05:20,19.9,81,
_1828,LJUBLJANA - BEŽIGRAD,2022-08-18 05:30,19.8,81,0
_1828,LJUBLJANA - BEŽIGRAD,2022-08-18 05:40,19.8,81,
_1828,LJUBLJANA - BEŽIGRAD,2022-08-18 05:50,20,81,
_1828,LJUBLJANA - BEŽIGRAD,2022-08-18 06:00,20,80,0
_1828,LJUBLJANA - BEŽIGRAD,2022-08-18 06:10,20.3,79,
_1828,LJUBLJANA - BEŽIGRAD,2022-08-18 06:20,20.6,79,
_1828,LJUBLJANA - BEŽIGRAD,2022-08-18 06:30,21,77,0
_1828,LJUBLJANA - BEŽIGRAD,2022-08-18 06:40,21.4,75,
_1828,LJUBLJANA - BEŽIGRAD,2022-08-18 06:50,21.6,75,
_1828,LJUBLJANA - BEŽIGRAD,2022-08-18 07:00,22,73,0
_1828,LJUBLJANA - BEŽIGRAD,2022-08-18 07:10,22.2,72,
_1828,LJUBLJANA - BEŽIGRAD,2022-08-18 07:20,22.5,72,
_1828,LJUBLJANA - BEŽIGRAD,2022-08-18 07:30,22.7,71,0
_1828,LJUBLJANA - BEŽIGRAD,2022-08-18 07:40,22.9,70,
_1828,LJUBLJANA - BEŽIGRAD,2022-08-18 07:50,23,68,
_1828,LJUBLJANA - BEŽIGRAD,2022-08-18 08:00,23.3,67,0
_1828,LJUBLJANA - BEŽIGRAD,2022-08-18 08:10,23.6,66,
_1828,LJUBLJANA - BEŽIGRAD,2022-08-18 08:20,23.9,65,
_1828,LJUBLJANA - BEŽIGRAD,2022-08-18 08:30,24.4,64,0
_1828,LJUBLJANA - BEŽIGRAD,2022-08-18 08:40,24.7,62,
_1828,LJUBLJANA - BEŽIGRAD,2022-08-18 08:50,25.2,60,
_1828,LJUBLJANA - BEŽIGRAD,2022-08-18 09:00,25.8,58,0
_1828,LJUBLJANA - BEŽIGRAD,2022-08-18 09:10,26.4,56,
_1828,LJUBLJANA - BEŽIGRAD,2022-08-18 09:20,27,54,
_1828,LJUBLJANA - BEŽIGRAD,2022-08-18 09:30,27.6,52,0
_1828,LJUBLJANA - BEŽIGRAD,2022-08-18 09:40,28.1,50,
_1828,LJUBLJANA - BEŽIGRAD,2022-08-18 09:50,28.3,50,
_1828,LJUBLJANA - BEŽIGRAD,2022-08-18 10:00,28.3,50,0
_1828,LJUBLJANA - BEŽIGRAD,2022-08-18 10:10,28.6,47,
_1828,LJUBLJANA - BEŽIGRAD,2022-08-18 10:20,28.5,46,
_1828,LJUBLJANA - BEŽIGRAD,2022-08-18 10:30,28.7,45,0
_1828,LJUBLJANA - BEŽIGRAD,2022-08-18 10:40,29.5,42,
_1828,LJUBLJANA - BEŽIGRAD,2022-08-18 10:50,30.1,39,
_1828,LJUBLJANA - BEŽIGRAD,2022-08-18 11:00,30.8,34,0
_1828,LJUBLJANA - BEŽIGRAD,2022-08-18 11:10,31.5,32,
_1828,LJUBLJANA - BEŽIGRAD,2022-08-18 11:20,31.7,28,
_1828,LJUBLJANA - BEŽIGRAD,2022-08-18 11:30,32.2,26,0
_1828,LJUBLJANA - BEŽIGRAD,2022-08-18 11:40,32.3,26,
_1828,LJUBLJANA - BEŽIGRAD,2022-08-18 11:50,32.7,25,
_1828,LJUBLJANA - BEŽIGRAD,2022-08-18 12:00,32.7,26,0
_1828,LJUBLJANA - BEŽIGRAD,2022-08-18 12:10,32.8,27,
_1828,LJUBLJANA - BEŽIGRAD,2022-08-18 12:20,33.3,26,
_1828,LJUBLJANA - BEŽIGRAD,2022-08-18 12:30,33.4,26,0
_1828,LJUBLJANA - BEŽIGRAD,2022-08-18 12:40,33.4,27,
_1828,LJUBLJANA - BEŽIGRAD,2022-08-18 12:50,33.7,27,
_1828,LJUBLJANA - BEŽIGRAD,2022-08-18 13:00,33.9,27,0
_1828,LJUBLJANA - BEŽIGRAD,2022-08-18 13:10,33.2,28,
_1828,LJUBLJANA - BEŽIGRAD,2022-08-18 13:20,32.8,31,
_1828,LJUBLJANA - BEŽIGRAD,2022-08-18 13:30,32.5,32,0
_1828,LJUBLJANA - BEŽIGRAD,2022-08-18 13:40,31.9,33,
_1828,LJUBLJANA - BEŽIGRAD,2022-08-18 13:50,28.1,44,
_1828,LJUBLJANA - BEŽIGRAD,2022-08-18 14:00,24.9,54,0
_1828,LJUBLJANA - BEŽIGRAD,2022-08-18 14:10,23.6,61,
_1828,LJUBLJANA - BEŽIGRAD,2022-08-18 14:20,22.5,70,
_1828,LJUBLJANA - BEŽIGRAD,2022-08-18 14:30,21.7,75,0.6
_1828,LJUBLJANA - BEŽIGRAD,2022-08-18 14:40,21.2,81,
_1828,LJUBLJANA - BEŽIGRAD,2022-08-18 14:50,21.4,82,
_1828,LJUBLJANA - BEŽIGRAD,2022-08-18 15:00,21.9,78,0.1
_1828,LJUBLJANA - BEŽIGRAD,2022-08-18 15:10,22.7,75,
_1828,LJUBLJANA - BEŽIGRAD,2022-08-18 15:20,23.4,70,
_1828,LJUBLJANA - BEŽIGRAD,2022-08-18 15:30,24,68,0
_1828,LJUBLJANA - BEŽIGRAD,2022-08-18 15:40,24.6,64,
_1828,LJUBLJANA - BEŽIGRAD,2022-08-18 15:50,25.2,60,
_1828,LJUBLJANA - BEŽIGRAD,2022-08-18 16:00,25.4,58,0
_1828,LJUBLJANA - BEŽIGRAD,2022-08-18 16:10,25.6,58,
_1828,LJUBLJANA - BEŽIGRAD,2022-08-18 16:20,26.1,56,
_1828,LJUBLJANA - BEŽIGRAD,2022-08-18 16:30,26,55,0
_1828,LJUBLJANA - BEŽIGRAD,2022-08-18 16:40,26.2,54,
_1828,LJUBLJANA - BEŽIGRAD,2022-08-18 16:50,26.4,55,
_1828,LJUBLJANA - BEŽIGRAD,2022-08-18 17:00,26.1,57,0
_1828,LJUBLJANA - BEŽIGRAD,2022-08-18 17:10,26.1,58,
_1828,LJUBLJANA - BEŽIGRAD,2022-08-18 17:20,25.9,59,
_1828,LJUBLJANA - BEŽIGRAD,2022-08-18 17:30,25.7,59,0
_1828,LJUBLJANA - BEŽIGRAD,2022-08-18 17:40,25.7,60,
_1828,LJUBLJANA - BEŽIGRAD,2022-08-18 17:50,25.5,61,
_1828,LJUBLJANA - BEŽIGRAD,2022-08-18 18:00,25.2,63,0
_1828,LJUBLJANA - BEŽIGRAD,2022-08-18 18:10,24.8,64,
_1828,LJUBLJANA - BEŽIGRAD,2022-08-18 18:20,24.6,65,
_1828,LJUBLJANA - BEŽIGRAD,2022-08-18 18:30,24.4,65,0
_1828,LJUBLJANA - BEŽIGRAD,2022-08-18 18:40,24.2,65,
_1828,LJUBLJANA - BEŽIGRAD,2022-08-18 18:50,24.1,65,
_1828,LJUBLJANA - BEŽIGRAD,2022-08-18 19:00,24,66,0
_1828,LJUBLJANA - BEŽIGRAD,2022-08-18 19:10,23.8,67,
_1828,LJUBLJANA - BEŽIGRAD,2022-08-18 19:20,23.6,67,
_1828,LJUBLJANA - BEŽIGRAD,2022-08-18 19:30,23.4,69,0
_1828,LJUBLJANA - BEŽIGRAD,2022-08-18 19:40,23.3,70,
_1828,LJUBLJANA - BEŽIGRAD,2022-08-18 19:50,23.3,70,
_1828,LJUBLJANA - BEŽIGRAD,2022-08-18 20:00,23.3,70,0
_1828,LJUBLJANA - BEŽIGRAD,2022-08-18 20:10,23.1,72,
_1828,LJUBLJANA - BEŽIGRAD,2022-08-18 20:20,23.1,72,
_1828,LJUBLJANA - BEŽIGRAD,2022-08-18 20:30,23,73,0
_1828,LJUBLJANA - BEŽIGRAD,2022-08-18 20:40,22.8,74,
_1828,LJUBLJANA - BEŽIGRAD,2022-08-18 20:50,22.6,75,
_1828,LJUBLJANA - BEŽIGRAD,2022-08-18 21:00,22.5,76,0
_1828,LJUBLJANA - BEŽIGRAD,2022-08-18 21:10,22.3,77,
_1828,LJUBLJANA - BEŽIGRAD,2022-08-18 21:20,22.2,78,
_1828,LJUBLJANA - BEŽIGRAD,2022-08-18 21:30,22.1,79,0
_1828,LJUBLJANA - BEŽIGRAD,2022-08-18 21:40,22,80,
_1828,LJUBLJANA - BEŽIGRAD,2022-08-18 21:50,22,80,
_1828,LJUBLJANA - BEŽIGRAD,2022-08-18 22:00,22,80,0
_1828,LJUBLJANA - BEŽIGRAD,2022-08-18 22:10,22,80,
_1828,LJUBLJANA - BEŽIGRAD,2022-08-18 22:20,21.9,80,
_1828,LJUBLJANA - BEŽIGRAD,2022-08-18 22:30,21.7,81,0
_1828,LJUBLJANA - BEŽIGRAD,2022-08-18 22:40,21.6,81,
_1828,LJUBLJANA - BEŽIGRAD,2022-08-18 22:50,21.5,81,
_1828,LJUBLJANA - BEŽIGRAD,2022-08-18 23:00,21.4,82,0
_1828,LJUBLJANA - BEŽIGRAD,2022-08-18 23:10,21.3,82,
_1828,LJUBLJANA - BEŽIGRAD,2022-08-18 23:20,21.1,82,
_1828,LJUBLJANA - BEŽIGRAD,2022-08-18 23:30,20.9,83,0
_1828,LJUBLJANA - BEŽIGRAD,2022-08-18 23:40,20.8,83,
_1828,LJUBLJANA - BEŽIGRAD,2022-08-18 23:50,20.8,83,
_1828,LJUBLJANA - BEŽIGRAD,2022-08-19 00:00,20.8,83,0
_1828,LJUBLJANA - BEŽIGRAD,2022-08-19 00:10,20.8,83,
_1828,LJUBLJANA - BEŽIGRAD,2022-08-19 00:20,20.8,84,
_1828,LJUBLJANA - BEŽIGRAD,2022-08-19 00:30,20.5,84,0
_1828,LJUBLJANA - BEŽIGRAD,2022-08-19 00:40,20.3,85,
_1828,LJUBLJANA - BEŽIGRAD,2022-08-19 00:50,20.2,85,
_1828,LJUBLJANA - BEŽIGRAD,2022-08-19 01:00,20.1,86,0
_1828,LJUBLJANA - BEŽIGRAD,2022-08-19 01:10,20,87,
_1828,LJUBLJANA - BEŽIGRAD,2022-08-19 01:20,20.1,86,
_1828,LJUBLJANA - BEŽIGRAD,2022-08-19 01:30,20.1,87,0
_1828,LJUBLJANA - BEŽIGRAD,2022-08-19 01:40,20,87,
_1828,LJUBLJANA - BEŽIGRAD,2022-08-19 01:50,19.9,87,
_1828,LJUBLJANA - BEŽIGRAD,2022-08-19 02:00,19.9,87,0
_1828,LJUBLJANA - BEŽIGRAD,2022-08-19 02:10,19.8,87,
_1828,LJUBLJANA - BEŽIGRAD,2022-08-19 02:20,19.8,87,
_1828,LJUBLJANA - BEŽIGRAD,2022-08-19 02:30,19.9,87,0
_1828,LJUBLJANA - BEŽIGRAD,2022-08-19 02:40,20,86,
_1828,LJUBLJANA - BEŽIGRAD,2022-08-19 02:50,20,85,
_1828,LJUBLJANA - BEŽIGRAD,2022-08-19 03:00,20,85,0
_1828,LJUBLJANA - BEŽIGRAD,2022-08-19 03:10,19.8,86,
_1828,LJUBLJANA - BEŽIGRAD,2022-08-19 03:20,19.7,86,
_1828,LJUBLJANA - BEŽIGRAD,2022-08-19 03:30,20,83,0.5
_1828,LJUBLJANA - BEŽIGRAD,2022-08-19 03:40,19.6,83,
_1828,LJUBLJANA - BEŽIGRAD,2022-08-19 03:50,19.5,81,
_1828,LJUBLJANA - BEŽIGRAD,2022-08-19 04:00,19.3,84,0.5
_1828,LJUBLJANA - BEŽIGRAD,2022-08-19 04:10,19,85,
_1828,LJUBLJANA - BEŽIGRAD,2022-08-19 04:20,18.7,86,
_1828,LJUBLJANA - BEŽIGRAD,2022-08-19 04:30,18.5,88,0.7
_1828,LJUBLJANA - BEŽIGRAD,2022-08-19 04:40,18.3,89,
_1828,LJUBLJANA - BEŽIGRAD,2022-08-19 04:50,18.2,90,
_1828,LJUBLJANA - BEŽIGRAD,2022-08-19 05:00,18.1,90,0
_1828,LJUBLJANA - BEŽIGRAD,2022-08-19 05:10,18.1,90,
_1828,LJUBLJANA - BEŽIGRAD,2022-08-19 05:20,18.3,90,
_1828,LJUBLJANA - BEŽIGRAD,2022-08-19 05:30,18.4,89,0
_1828,LJUBLJANA - BEŽIGRAD,2022-08-19 05:40,18.4,90,
_1828,LJUBLJANA - BEŽIGRAD,2022-08-19 05:50,18.5,89,
_1828,LJUBLJANA - BEŽIGRAD,2022-08-19 06:00,18.5,89,0
_1828,LJUBLJANA - BEŽIGRAD,2022-08-19 06:10,18.4,90,
_1828,LJUBLJANA - BEŽIGRAD,2022-08-19 06:20,18.5,88,
_1828,LJUBLJANA - BEŽIGRAD,2022-08-19 06:30,18.8,87,0.1
_1828,LJUBLJANA - BEŽIGRAD,2022-08-19 06:40,18.8,87,
_1828,LJUBLJANA - BEŽIGRAD,2022-08-19 06:50,18.7,88,
_1828,LJUBLJANA - BEŽIGRAD,2022-08-19 07:00,18.8,89,0
_1828,LJUBLJANA - BEŽIGRAD,2022-08-19 07:10,18.9,88,
_1828,LJUBLJANA - BEŽIGRAD,2022-08-19 07:20,19,87,
_1828,LJUBLJANA - BEŽIGRAD,2022-08-19 07:30,19.2,87,0
_1828,LJUBLJANA - BEŽIGRAD,2022-08-19 07:40,19.4,86,
_1828,LJUBLJANA - BEŽIGRAD,2022-08-19 07:50,19.7,84,
_1828,LJUBLJANA - BEŽIGRAD,2022-08-19 08:00,19.9,82,0
_1828,LJUBLJANA - BEŽIGRAD,2022-08-19 08:10,19.9,81,
_1828,LJUBLJANA - BEŽIGRAD,2022-08-19 08:20,20.1,82,
_1828,LJUBLJANA - BEŽIGRAD,2022-08-19 08:30,20.3,81,0
_1828,LJUBLJANA - BEŽIGRAD,2022-08-19 08:40,20.4,80,
_1828,LJUBLJANA - BEŽIGRAD,2022-08-19 08:50,20.5,81,
_1828,LJUBLJANA - BEŽIGRAD,2022-08-19 09:00,20.4,81,0
_1828,LJUBLJANA - BEŽIGRAD,2022-08-19 09:10,20.8,79,
_1828,LJUBLJANA - BEŽIGRAD,2022-08-19 09:20,21.1,76,
_1828,LJUBLJANA - BEŽIGRAD,2022-08-19 09:30,21.3,75,0
_1828,LJUBLJANA - BEŽIGRAD,2022-08-19 09:40,21.5,73,
_1828,LJUBLJANA - BEŽIGRAD,2022-08-19 09:50,21.5,73,
_1828,LJUBLJANA - BEŽIGRAD,2022-08-19 10:00,21.6,73,0
_1828,LJUBLJANA - BEŽIGRAD,2022-08-19 10:10,21.8,72,
_1828,LJUBLJANA - BEŽIGRAD,2022-08-19 10:20,22.1,73,
_1828,LJUBLJANA - BEŽIGRAD,2022-08-19 10:30,22.4,72,0
_1828,LJUBLJANA - BEŽIGRAD,2022-08-19 10:40,22.5,69,
_1828,LJUBLJANA - BEŽIGRAD,2022-08-19 10:50,22.6,69,
_1828,LJUBLJANA - BEŽIGRAD,2022-08-19 11:00,22.6,68,0
_1828,LJUBLJANA - BEŽIGRAD,2022-08-19 11:10,22.9,68,
_1828,LJUBLJANA - BEŽIGRAD,2022-08-19 11:20,23.3,66,
_1828,LJUBLJANA - BEŽIGRAD,2022-08-19 11:30,24,64,0
_1828,LJUBLJANA - BEŽIGRAD,2022-08-19 11:40,24.6,61,
_1828,LJUBLJANA - BEŽIGRAD,2022-08-19 11:50,25,60,
_1828,LJUBLJANA - BEŽIGRAD,2022-08-19 12:00,24.8,59,0
_1828,LJUBLJANA - BEŽIGRAD,2022-08-19 12:10,24.8,59,
_1828,LJUBLJANA - BEŽIGRAD,2022-08-19 12:20,24.9,58,
_1828,LJUBLJANA - BEŽIGRAD,2022-08-19 12:30,25,58,0
_1828,LJUBLJANA - BEŽIGRAD,2022-08-19 12:40,24.9,58,
_1828,LJUBLJANA - BEŽIGRAD,2022-08-19 12:50,25.6,57,
_1828,LJUBLJANA - BEŽIGRAD,2022-08-19 13:00,26,55,0
_1828,LJUBLJANA - BEŽIGRAD,2022-08-19 13:10,26.3,53,
_1828,LJUBLJANA - BEŽIGRAD,2022-08-19 13:20,26.1,53,
_1828,LJUBLJANA - BEŽIGRAD,2022-08-19 13:30,26.1,52,0
_1828,LJUBLJANA - BEŽIGRAD,2022-08-19 13:40,26,53,
_1828,LJUBLJANA - BEŽIGRAD,2022-08-19 13:50,24,64,
_1828,LJUBLJANA - BEŽIGRAD,2022-08-19 14:00,22,80,4.7
_1828,LJUBLJANA - BEŽIGRAD,2022-08-19 14:10,21,85,
_1828,LJUBLJANA - BEŽIGRAD,2022-08-19 14:20,21.6,85,
_1828,LJUBLJANA - BEŽIGRAD,2022-08-19 14:30,22.6,80,4.7
_1828,LJUBLJANA - BEŽIGRAD,2022-08-19 14:40,22.2,79,
_1828,LJUBLJANA - BEŽIGRAD,2022-08-19 14:50,21.6,84,
_1828,LJUBLJANA - BEŽIGRAD,2022-08-19 15:00,22,81,0
_1828,LJUBLJANA - BEŽIGRAD,2022-08-19 15:10,22.8,78,
_1828,LJUBLJANA - BEŽIGRAD,2022-08-19 15:20,23.3,69,
_1828,LJUBLJANA - BEŽIGRAD,2022-08-19 15:30,23.4,70,0
_1828,LJUBLJANA - BEŽIGRAD,2022-08-19 15:40,23.7,70,
_1828,LJUBLJANA - BEŽIGRAD,2022-08-19 15:50,24.1,69,
_1828,LJUBLJANA - BEŽIGRAD,2022-08-19 16:00,24.2,68,0
_1828,LJUBLJANA - BEŽIGRAD,2022-08-19 16:10,24.4,68,
_1828,LJUBLJANA - BEŽIGRAD,2022-08-19 16:20,24.4,67,
_1828,LJUBLJANA - BEŽIGRAD,2022-08-19 16:30,24.7,66,0
_1828,LJUBLJANA - BEŽIGRAD,2022-08-19 16:40,24.9,65,
_1828,LJUBLJANA - BEŽIGRAD,2022-08-19 16:50,25.1,64,
_1828,LJUBLJANA - BEŽIGRAD,2022-08-19 17:00,25,62,0
_1828,LJUBLJANA - BEŽIGRAD,2022-08-19 17:10,25,59,
_1828,LJUBLJANA - BEŽIGRAD,2022-08-19 17:20,25.2,57,
_1828,LJUBLJANA - BEŽIGRAD,2022-08-19 17:30,25.2,57,0
_1828,LJUBLJANA - BEŽIGRAD,2022-08-19 17:40,25.3,58,
_1828,LJUBLJANA - BEŽIGRAD,2022-08-19 17:50,25.2,56,
_1828,LJUBLJANA - BEŽIGRAD,2022-08-19 18:00,25.2,55,0
_1828,LJUBLJANA - BEŽIGRAD,2022-08-19 18:10,24.9,61,
_1828,LJUBLJANA - BEŽIGRAD,2022-08-19 18:20,24.2,70,
_1828,LJUBLJANA - BEŽIGRAD,2022-08-19 18:30,23.6,72,0
_1828,LJUBLJANA - BEŽIGRAD,2022-08-19 18:40,23.2,72,
_1828,LJUBLJANA - BEŽIGRAD,2022-08-19 18:50,23.1,71,
_1828,LJUBLJANA - BEŽIGRAD,2022-08-19 19:00,23,70,0
_1828,LJUBLJANA - BEŽIGRAD,2022-08-19 19:10,22.9,70,
_1828,LJUBLJANA - BEŽIGRAD,2022-08-19 19:20,22.8,71,
_1828,LJUBLJANA - BEŽIGRAD,2022-08-19 19:30,22.6,72,0
_1828,LJUBLJANA - BEŽIGRAD,2022-08-19 19:40,22.2,75,
_1828,LJUBLJANA - BEŽIGRAD,2022-08-19 19:50,21.8,77,
_1828,LJUBLJANA - BEŽIGRAD,2022-08-19 20:00,21.5,79,0
_1828,LJUBLJANA - BEŽIGRAD,2022-08-19 20:10,21.4,80,
_1828,LJUBLJANA - BEŽIGRAD,2022-08-19 20:20,21.2,81,
_1828,LJUBLJANA - BEŽIGRAD,2022-08-19 20:30,21.2,82,0
_1828,LJUBLJANA - BEŽIGRAD,2022-08-19 20:40,21.2,81,
_1828,LJUBLJANA - BEŽIGRAD,2022-08-19 20:50,21.1,81,
_1828,LJUBLJANA - BEŽIGRAD,2022-08-19 21:00,21,81,0
_1828,LJUBLJANA - BEŽIGRAD,2022-08-19 21:10,20.9,82,
_1828,LJUBLJANA - BEŽIGRAD,2022-08-19 21:20,20.9,82,
_1828,LJUBLJANA - BEŽIGRAD,2022-08-19 21:30,20.9,84,0
_1828,LJUBLJANA - BEŽIGRAD,2022-08-19 21:40,20.7,85,
_1828,LJUBLJANA - BEŽIGRAD,2022-08-19 21:50,20.5,84,
_1828,LJUBLJANA - BEŽIGRAD,2022-08-19 22:00,20.4,85,0
_1828,LJUBLJANA - BEŽIGRAD,2022-08-19 22:10,20.4,86,
_1828,LJUBLJANA - BEŽIGRAD,2022-08-19 22:20,20.4,86,
_1828,LJUBLJANA - BEŽIGRAD,2022-08-19 22:30,20.4,87,0
_1828,LJUBLJANA - BEŽIGRAD,2022-08-19 22:40,20.4,87,
_1828,LJUBLJANA - BEŽIGRAD,2022-08-19 22:50,20.5,86,
_1828,LJUBLJANA - BEŽIGRAD,2022-08-19 23:00,20.6,85,0
_1828,LJUBLJANA - BEŽIGRAD,2022-08-19 23:10,20.6,85,
_1828,LJUBLJANA - BEŽIGRAD,2022-08-19 23:20,20.7,84,
_1828,LJUBLJANA - BEŽIGRAD,2022-08-19 23:30,20.6,82,0
_1828,LJUBLJANA - BEŽIGRAD,2022-08-19 23:40,20.4,84,
_1828,LJUBLJANA - BEŽIGRAD,2022-08-19 23:50,20.1,87,
_1828,LJUBLJANA - BEŽIGRAD,2022-08-20 00:00,19.9,88,0
_1828,LJUBLJANA - BEŽIGRAD,2022-08-20 00:10,19.7,89,
_1828,LJUBLJANA - BEŽIGRAD,2022-08-20 00:20,19.5,90,
_1828,LJUBLJANA - BEŽIGRAD,2022-08-20 00:30,19.3,90,0
_1828,LJUBLJANA - BEŽIGRAD,2022-08-20 00:40,19.3,91,
_1828,LJUBLJANA - BEŽIGRAD,2022-08-20 00:50,19.2,91,
_1828,LJUBLJANA - BEŽIGRAD,2022-08-20 01:00,19.1,91,0
_1828,LJUBLJANA - BEŽIGRAD,2022-08-20 01:10,18.9,91,
_1828,LJUBLJANA - BEŽIGRAD,2022-08-20 01:20,18.8,91,
_1828,LJUBLJANA - BEŽIGRAD,2022-08-20 01:30,18.7,92,0
_1828,LJUBLJANA - BEŽIGRAD,2022-08-20 01:40,18.5,93,
_1828,LJUBLJANA - BEŽIGRAD,2022-08-20 01:50,18.4,94,
_1828,LJUBLJANA - BEŽIGRAD,2022-08-20 02:00,18.3,94,0
_1828,LJUBLJANA - BEŽIGRAD,2022-08-20 02:10,18.2,94,
_1828,LJUBLJANA - BEŽIGRAD,2022-08-20 02:20,18.2,94,
_1828,LJUBLJANA - BEŽIGRAD,2022-08-20 02:30,18.1,94,0
_1828,LJUBLJANA - BEŽIGRAD,2022-08-20 02:40,18,94,
_1828,LJUBLJANA - BEŽIGRAD,2022-08-20 02:50,17.9,94,
_1828,LJUBLJANA - BEŽIGRAD,2022-08-20 03:00,17.8,94,0
_1828,LJUBLJANA - BEŽIGRAD,2022-08-20 03:10,17.7,94,
_1828,LJUBLJANA - BEŽIGRAD,2022-08-20 03:20,17.7,94,
_1828,LJUBLJANA - BEŽIGRAD,2022-08-20 03:30,17.6,95,0
_1828,LJUBLJANA - BEŽIGRAD,2022-08-20 03:40,17.7,95,
_1828,LJUBLJANA - BEŽIGRAD,2022-08-20 03:50,17.6,95,
_1828,LJUBLJANA - BEŽIGRAD,2022-08-20 04:00,17.6,95,0
_1828,LJUBLJANA - BEŽIGRAD,2022-08-20 04:10,17.5,95,
_1828,LJUBLJANA - BEŽIGRAD,2022-08-20 04:20,17.5,94,
_1828,LJUBLJANA - BEŽIGRAD,2022-08-20 04:30,17.5,94,0
_1828,LJUBLJANA - BEŽIGRAD,2022-08-20 04:40,17.4,95,
_1828,LJUBLJANA - BEŽIGRAD,2022-08-20 04:50,17.4,95,
_1828,LJUBLJANA - BEŽIGRAD,2022-08-20 05:00,17.5,95,0
_1828,LJUBLJANA - BEŽIGRAD,2022-08-20 05:10,17.4,95,
_1828,LJUBLJANA - BEŽIGRAD,2022-08-20 05:20,17.4,95,
_1828,LJUBLJANA - BEŽIGRAD,2022-08-20 05:30,17.4,94,0
_1828,LJUBLJANA - BEŽIGRAD,2022-08-20 05:40,17.4,94,
_1828,LJUBLJANA - BEŽIGRAD,2022-08-20 05:50,17.5,94,
_1828,LJUBLJANA - BEŽIGRAD,2022-08-20 06:00,17.5,94,0
_1828,LJUBLJANA - BEŽIGRAD,2022-08-20 06:10,17.6,93,
_1828,LJUBLJANA - BEŽIGRAD,2022-08-20 06:20,17.4,94,
_1828,LJUBLJANA - BEŽIGRAD,2022-08-20 06:30,17.3,94,0
_1828,LJUBLJANA - BEŽIGRAD,2022-08-20 06:40,17.5,94,
_1828,LJUBLJANA - BEŽIGRAD,2022-08-20 06:50,17.7,94,
_1828,LJUBLJANA - BEŽIGRAD,2022-08-20 07:00,18.1,91,0
_1828,LJUBLJANA - BEŽIGRAD,2022-08-20 07:10,18.3,89,
_1828,LJUBLJANA - BEŽIGRAD,2022-08-20 07:20,18.4,87,
_1828,LJUBLJANA - BEŽIGRAD,2022-08-20 07:30,18.7,87,0
_1828,LJUBLJANA - BEŽIGRAD,2022-08-20 07:40,19.1,86,
_1828,LJUBLJANA - BEŽIGRAD,2022-08-20 07:50,19.4,84,
_1828,LJUBLJANA - BEŽIGRAD,2022-08-20 08:00,20,83,0
_1828,LJUBLJANA - BEŽIGRAD,2022-08-20 08:10,20.3,78,
_1828,LJUBLJANA - BEŽIGRAD,2022-08-20 08:20,20.7,75,
_1828,LJUBLJANA - BEŽIGRAD,2022-08-20 08:30,21,75,0
_1828,LJUBLJANA - BEŽIGRAD,2022-08-20 08:40,21.4,73,
_1828,LJUBLJANA - BEŽIGRAD,2022-08-20 08:50,22.1,69,
_1828,LJUBLJANA - BEŽIGRAD,2022-08-20 09:00,22.4,67,0
_1828,LJUBLJANA - BEŽIGRAD,2022-08-20 09:10,23,66,
_1828,LJUBLJANA - BEŽIGRAD,2022-08-20 09:20,23.2,64,
_1828,LJUBLJANA - BEŽIGRAD,2022-08-20 09:30,23.6,64,0
_1828,LJUBLJANA - BEŽIGRAD,2022-08-20 09:40,23.9,62,
_1828,LJUBLJANA - BEŽIGRAD,2022-08-20 09:50,24.5,60,
_1828,LJUBLJANA - BEŽIGRAD,2022-08-20 10:00,25.1,57,0
_1828,LJUBLJANA - BEŽIGRAD,2022-08-20 10:10,25.4,56,
_1828,LJUBLJANA - BEŽIGRAD,2022-08-20 10:20,25.7,54,
_1828,LJUBLJANA - BEŽIGRAD,2022-08-20 10:30,26.1,53,0
_1828,LJUBLJANA - BEŽIGRAD,2022-08-20 10:40,25.9,53,
_1828,LJUBLJANA - BEŽIGRAD,2022-08-20 10:50,26.3,52,
_1828,LJUBLJANA - BEŽIGRAD,2022-08-20 11:00,26.7,49,0
_1828,LJUBLJANA - BEŽIGRAD,2022-08-20 11:10,27.5,47,
_1828,LJUBLJANA - BEŽIGRAD,2022-08-20 11:20,27.7,46,
_1828,LJUBLJANA - BEŽIGRAD,2022-08-20 11:30,28.1,44,0
_1828,LJUBLJANA - BEŽIGRAD,2022-08-20 11:40,28.1,43,
_1828,LJUBLJANA - BEŽIGRAD,2022-08-20 11:50,28,44,
_1828,LJUBLJANA - BEŽIGRAD,2022-08-20 12:00,26.6,47,0
_1828,LJUBLJANA - BEŽIGRAD,2022-08-20 12:10,26.6,47,
_1828,LJUBLJANA - BEŽIGRAD,2022-08-20 12:20,26.5,46,
_1828,LJUBLJANA - BEŽIGRAD,2022-08-20 12:30,26.1,49,0
_1828,LJUBLJANA - BEŽIGRAD,2022-08-20 12:40,25.1,56,
_1828,LJUBLJANA - BEŽIGRAD,2022-08-20 12:50,23.4,72,
_1828,LJUBLJANA - BEŽIGRAD,2022-08-20 13:00,23.1,74,3
_1828,LJUBLJANA - BEŽIGRAD,2022-08-20 13:10,23.5,72,
_1828,LJUBLJANA - BEŽIGRAD,2022-08-20 13:20,24.4,69,
_1828,LJUBLJANA - BEŽIGRAD,2022-08-20 13:30,25.5,63,0
_1828,LJUBLJANA - BEŽIGRAD,2022-08-20 13:40,25.9,60,
_1828,LJUBLJANA - BEŽIGRAD,2022-08-20 13:50,26.4,56,
_1828,LJUBLJANA - BEŽIGRAD,2022-08-20 14:00,26.5,54,0
_1828,LJUBLJANA - BEŽIGRAD,2022-08-20 14:10,27,50,
_1828,LJUBLJANA - BEŽIGRAD,2022-08-20 14:20,27.1,47,
_1828,LJUBLJANA - BEŽIGRAD,2022-08-20 14:30,27.4,46,0
_1828,LJUBLJANA - BEŽIGRAD,2022-08-20 14:40,27.6,50,
_1828,LJUBLJANA - BEŽIGRAD,2022-08-20 14:50,27,51,
_1828,LJUBLJANA - BEŽIGRAD,2022-08-20 15:00,26.7,51,0
_1828,LJUBLJANA - BEŽIGRAD,2022-08-20 15:10,26.3,51,
_1828,LJUBLJANA - BEŽIGRAD,2022-08-20 15:20,26.2,51,
_1828,LJUBLJANA - BEŽIGRAD,2022-08-20 15:30,26.3,50,0
_1828,LJUBLJANA - BEŽIGRAD,2022-08-20 15:40,26.8,49,
_1828,LJUBLJANA - BEŽIGRAD,2022-08-20 15:50,26.8,48,
_1828,LJUBLJANA - BEŽIGRAD,2022-08-20 16:00,27.1,48,0
_1828,LJUBLJANA - BEŽIGRAD,2022-08-20 16:10,26.9,47,
_1828,LJUBLJANA - BEŽIGRAD,2022-08-20 16:20,26.8,48,
_1828,LJUBLJANA - BEŽIGRAD,2022-08-20 16:30,26.7,49,0
_1828,LJUBLJANA - BEŽIGRAD,2022-08-20 16:40,25.9,48,
_1828,LJUBLJANA - BEŽIGRAD,2022-08-20 16:50,25.4,47,
_1828,LJUBLJANA - BEŽIGRAD,2022-08-20 17:00,24.9,50,0
_1828,LJUBLJANA - BEŽIGRAD,2022-08-20 17:10,24.6,51,
_1828,LJUBLJANA - BEŽIGRAD,2022-08-20 17:20,24.5,52,
_1828,LJUBLJANA - BEŽIGRAD,2022-08-20 17:30,24.4,53,0
_1828,LJUBLJANA - BEŽIGRAD,2022-08-20 17:40,24.4,53,
_1828,LJUBLJANA - BEŽIGRAD,2022-08-20 17:50,24.4,53,
_1828,LJUBLJANA - BEŽIGRAD,2022-08-20 18:00,24.2,54,0
_1828,LJUBLJANA - BEŽIGRAD,2022-08-20 18:10,24.1,56,
_1828,LJUBLJANA - BEŽIGRAD,2022-08-20 18:20,23.9,56,
_1828,LJUBLJANA - BEŽIGRAD,2022-08-20 18:30,23.6,57,0
_1828,LJUBLJANA - BEŽIGRAD,2022-08-20 18:40,23.4,57,
_1828,LJUBLJANA - BEŽIGRAD,2022-08-20 18:50,23.2,59,
_1828,LJUBLJANA - BEŽIGRAD,2022-08-20 19:00,22.9,60,0
_1828,LJUBLJANA - BEŽIGRAD,2022-08-20 19:10,22.7,63,
_1828,LJUBLJANA - BEŽIGRAD,2022-08-20 19:20,22.5,66,
_1828,LJUBLJANA - BEŽIGRAD,2022-08-20 19:30,22.4,67,0
_1828,LJUBLJANA - BEŽIGRAD,2022-08-20 19:40,22.2,68,
_1828,LJUBLJANA - BEŽIGRAD,2022-08-20 19:50,22.1,67,
_1828,LJUBLJANA - BEŽIGRAD,2022-08-20 20:00,22,68,0
_1828,LJUBLJANA - BEŽIGRAD,2022-08-20 20:10,21.9,67,
_1828,LJUBLJANA - BEŽIGRAD,2022-08-20 20:20,21.9,66,
_1828,LJUBLJANA - BEŽIGRAD,2022-08-20 20:30,21.8,66,0
_1828,LJUBLJANA - BEŽIGRAD,2022-08-20 20:40,21.8,66,
_1828,LJUBLJANA - BEŽIGRAD,2022-08-20 20:50,21.7,67,
_1828,LJUBLJANA - BEŽIGRAD,2022-08-20 21:00,21.5,68,0
_1828,LJUBLJANA - BEŽIGRAD,2022-08-20 21:10,21.4,69,
_1828,LJUBLJANA - BEŽIGRAD,2022-08-20 21:20,21.2,70,
_1828,LJUBLJANA - BEŽIGRAD,2022-08-20 21:30,21.1,72,0
_1828,LJUBLJANA - BEŽIGRAD,2022-08-20 21:40,21,75,
_1828,LJUBLJANA - BEŽIGRAD,2022-08-20 21:50,20.8,77,
_1828,LJUBLJANA - BEŽIGRAD,2022-08-20 22:00,20.7,78,0
_1828,LJUBLJANA - BEŽIGRAD,2022-08-20 22:10,20.6,78,
_1828,LJUBLJANA - BEŽIGRAD,2022-08-20 22:20,20.5,78,
_1828,LJUBLJANA - BEŽIGRAD,2022-08-20 22:30,20.4,78,0
_1828,LJUBLJANA - BEŽIGRAD,2022-08-20 22:40,20.4,78,
_1828,LJUBLJANA - BEŽIGRAD,2022-08-20 22:50,20.3,79,
_1828,LJUBLJANA - BEŽIGRAD,2022-08-20 23:00,20.2,81,0
_1828,LJUBLJANA - BEŽIGRAD,2022-08-20 23:10,20,82,
_1828,LJUBLJANA - BEŽIGRAD,2022-08-20 23:20,19.8,83,
_1828,LJUBLJANA - BEŽIGRAD,2022-08-20 23:30,19.6,83,0
_1828,LJUBLJANA - BEŽIGRAD,2022-08-20 23:40,19.4,84,
_1828,LJUBLJANA - BEŽIGRAD,2022-08-20 23:50,19.3,84,
_1828,LJUBLJANA - BEŽIGRAD,2022-08-21 00:00,19.2,84,0
_1828,LJUBLJANA - BEŽIGRAD,2022-08-21 00:10,19.2,85,
_1828,LJUBLJANA - BEŽIGRAD,2022-08-21 00:20,19.1,86,
_1828,LJUBLJANA - BEŽIGRAD,2022-08-21 00:30,19,86,0
_1828,LJUBLJANA - BEŽIGRAD,2022-08-21 00:40,18.9,86,
_1828,LJUBLJANA - BEŽIGRAD,2022-08-21 00:50,18.8,86,
_1828,LJUBLJANA - BEŽIGRAD,2022-08-21 01:00,18.7,86,0
_1828,LJUBLJANA - BEŽIGRAD,2022-08-21 01:10,18.6,86,
_1828,LJUBLJANA - BEŽIGRAD,2022-08-21 01:20,18.3,87,
_1828,LJUBLJANA - BEŽIGRAD,2022-08-21 01:30,18.1,88,0
_1828,LJUBLJANA - BEŽIGRAD,2022-08-21 01:40,18,88,
_1828,LJUBLJANA - BEŽIGRAD,2022-08-21 01:50,17.8,88,
_1828,LJUBLJANA - BEŽIGRAD,2022-08-21 02:00,17.7,88,0
_1828,LJUBLJANA - BEŽIGRAD,2022-08-21 02:10,17.7,89,
_1828,LJUBLJANA - BEŽIGRAD,2022-08-21 02:20,17.6,89,
_1828,LJUBLJANA - BEŽIGRAD,2022-08-21 02:30,17.6,89,0
_1828,LJUBLJANA - BEŽIGRAD,2022-08-21 02:40,17.6,89,
_1828,LJUBLJANA - BEŽIGRAD,2022-08-21 02:50,17.6,89,
_1828,LJUBLJANA - BEŽIGRAD,2022-08-21 03:00,17.4,89,0
_1828,LJUBLJANA - BEŽIGRAD,2022-08-21 03:10,17.3,90,
_1828,LJUBLJANA - BEŽIGRAD,2022-08-21 03:20,17.2,91,
_1828,LJUBLJANA - BEŽIGRAD,2022-08-21 03:30,17.1,91,0
_1828,LJUBLJANA - BEŽIGRAD,2022-08-21 03:40,17,91,
_1828,LJUBLJANA - BEŽIGRAD,2022-08-21 03:50,17.1,91,
_1828,LJUBLJANA - BEŽIGRAD,2022-08-21 04:00,17.1,91,0
_1828,LJUBLJANA - BEŽIGRAD,2022-08-21 04:10,17.2,91,
_1828,LJUBLJANA - BEŽIGRAD,2022-08-21 04:20,17.2,90,
_1828,LJUBLJANA - BEŽIGRAD,2022-08-21 04:30,17.2,90,0
_1828,LJUBLJANA - BEŽIGRAD,2022-08-21 04:40,17.1,90,
_1828,LJUBLJANA - BEŽIGRAD,2022-08-21 04:50,17,90,
_1828,LJUBLJANA - BEŽIGRAD,2022-08-21 05:00,17,90,0
_1828,LJUBLJANA - BEŽIGRAD,2022-08-21 05:10,17,90,
_1828,LJUBLJANA - BEŽIGRAD,2022-08-21 05:20,17,89,
_1828,LJUBLJANA - BEŽIGRAD,2022-08-21 05:30,17.1,89,0
_1828,LJUBLJANA - BEŽIGRAD,2022-08-21 05:40,17.2,88,
_1828,LJUBLJANA - BEŽIGRAD,2022-08-21 05:50,17.2,88,
_1828,LJUBLJANA - BEŽIGRAD,2022-08-21 06:00,17.2,88,0
_1828,LJUBLJANA - BEŽIGRAD,2022-08-21 06:10,17.3,88,
_1828,LJUBLJANA - BEŽIGRAD,2022-08-21 06:20,17.4,87,
_1828,LJUBLJANA - BEŽIGRAD,2022-08-21 06:30,17.4,87,0
_1828,LJUBLJANA - BEŽIGRAD,2022-08-21 06:40,17.5,86,
_1828,LJUBLJANA - BEŽIGRAD,2022-08-21 06:50,17.5,89,
_1828,LJUBLJANA - BEŽIGRAD,2022-08-21 07:00,17.6,88,0
_1828,LJUBLJANA - BEŽIGRAD,2022-08-21 07:10,17.7,87,
_1828,LJUBLJANA - BEŽIGRAD,2022-08-21 07:20,17.9,85,
_1828,LJUBLJANA - BEŽIGRAD,2022-08-21 07:30,18,83,0
_1828,LJUBLJANA - BEŽIGRAD,2022-08-21 07:40,18.1,83,
_1828,LJUBLJANA - BEŽIGRAD,2022-08-21 07:50,18.3,85,
_1828,LJUBLJANA - BEŽIGRAD,2022-08-21 08:00,18.4,84,0
_1828,LJUBLJANA - BEŽIGRAD,2022-08-21 08:10,18.6,84,
_1828,LJUBLJANA - BEŽIGRAD,2022-08-21 08:20,18.7,84,
_1828,LJUBLJANA - BEŽIGRAD,2022-08-21 08:30,19,79,0
_1828,LJUBLJANA - BEŽIGRAD,2022-08-21 08:40,19.3,76,
_1828,LJUBLJANA - BEŽIGRAD,2022-08-21 08:50,19.5,75,
_1828,LJUBLJANA - BEŽIGRAD,2022-08-21 09:00,19.8,74,0
_1828,LJUBLJANA - BEŽIGRAD,2022-08-21 09:10,20.1,72,
_1828,LJUBLJANA - BEŽIGRAD,2022-08-21 09:20,20.8,69,
_1828,LJUBLJANA - BEŽIGRAD,2022-08-21 09:30,21,68,0
_1828,LJUBLJANA - BEŽIGRAD,2022-08-21 09:40,21.2,68,
_1828,LJUBLJANA - BEŽIGRAD,2022-08-21 09:50,21.3,67,
_1828,LJUBLJANA - BEŽIGRAD,2022-08-21 10:00,21.4,67,0
_1828,LJUBLJANA - BEŽIGRAD,2022-08-21 10:10,21.7,63,
_1828,LJUBLJANA - BEŽIGRAD,2022-08-21 10:20,22.4,61,
_1828,LJUBLJANA - BEŽIGRAD,2022-08-21 10:30,23.6,56,0
_1828,LJUBLJANA - BEŽIGRAD,2022-08-21 10:40,23.7,53,
_1828,LJUBLJANA - BEŽIGRAD,2022-08-21 10:50,23.9,53,
_1828,LJUBLJANA - BEŽIGRAD,2022-08-21 11:00,24.8,49,0
_1828,LJUBLJANA - BEŽIGRAD,2022-08-21 11:10,25.2,47,
_1828,LJUBLJANA - BEŽIGRAD,2022-08-21 11:20,25.6,45,
_1828,LJUBLJANA - BEŽIGRAD,2022-08-21 11:30,25.8,44,0
_1828,LJUBLJANA - BEŽIGRAD,2022-08-21 11:40,25.6,45,
_1828,LJUBLJANA - BEŽIGRAD,2022-08-21 11:50,25.6,44,
_1828,LJUBLJANA - BEŽIGRAD,2022-08-21 12:00,25.9,42,0
_1828,LJUBLJANA - BEŽIGRAD,2022-08-21 12:10,25.8,42,
_1828,LJUBLJANA - BEŽIGRAD,2022-08-21 12:20,26.5,40,
_1828,LJUBLJANA - BEŽIGRAD,2022-08-21 12:30,27,39,0
_1828,LJUBLJANA - BEŽIGRAD,2022-08-21 12:40,27.1,39,
_1828,LJUBLJANA - BEŽIGRAD,2022-08-21 12:50,27.1,39,
_1828,LJUBLJANA - BEŽIGRAD,2022-08-21 13:00,27.8,35,0
_1828,LJUBLJANA - BEŽIGRAD,2022-08-21 13:10,27.3,35,
_1828,LJUBLJANA - BEŽIGRAD,2022-08-21 13:20,27,36,
_1828,LJUBLJANA - BEŽIGRAD,2022-08-21 13:30,26.8,37,0
_1828,LJUBLJANA - BEŽIGRAD,2022-08-21 13:40,26.4,36,
_1828,LJUBLJANA - BEŽIGRAD,2022-08-21 13:50,26.1,37,
_1828,LJUBLJANA - BEŽIGRAD,2022-08-21 14:00,25.8,37,0
_1828,LJUBLJANA - BEŽIGRAD,2022-08-21 14:10,25.7,37,
_1828,LJUBLJANA - BEŽIGRAD,2022-08-21 14:20,25.5,38,
_1828,LJUBLJANA - BEŽIGRAD,2022-08-21 14:30,25.3,38,0
_1828,LJUBLJANA - BEŽIGRAD,2022-08-21 14:40,25.1,39,
_1828,LJUBLJANA - BEŽIGRAD,2022-08-21 14:50,25,39,
_1828,LJUBLJANA - BEŽIGRAD,2022-08-21 15:00,25,40,0
_1828,LJUBLJANA - BEŽIGRAD,2022-08-21 15:10,25,39,
_1828,LJUBLJANA - BEŽIGRAD,2022-08-21 15:20,25,40,
_1828,LJUBLJANA - BEŽIGRAD,2022-08-21 15:30,24.8,42,0
_1828,LJUBLJANA - BEŽIGRAD,2022-08-21 15:40,24.4,44,
_1828,LJUBLJANA - BEŽIGRAD,2022-08-21 15:50,24.4,44,
_1828,LJUBLJANA - BEŽIGRAD,2022-08-21 16:00,24.5,44,0
_1828,LJUBLJANA - BEŽIGRAD,2022-08-21 16:10,24.6,43,
_1828,LJUBLJANA - BEŽIGRAD,2022-08-21 16:20,24.6,43,
_1828,LJUBLJANA - BEŽIGRAD,2022-08-21 16:30,24.7,41,0
_1828,LJUBLJANA - BEŽIGRAD,2022-08-21 16:40,24.8,41,
_1828,LJUBLJANA - BEŽIGRAD,2022-08-21 16:50,24.8,40,
_1828,LJUBLJANA - BEŽIGRAD,2022-08-21 17:00,24.8,40,0
_1828,LJUBLJANA - BEŽIGRAD,2022-08-21 17:10,24.8,40,
_1828,LJUBLJANA - BEŽIGRAD,2022-08-21 17:20,24.7,41,
_1828,LJUBLJANA - BEŽIGRAD,2022-08-21 17:30,24.6,42,0
_1828,LJUBLJANA - BEŽIGRAD,2022-08-21 17:40,24.6,42,
_1828,LJUBLJANA - BEŽIGRAD,2022-08-21 17:50,24.4,44,
_1828,LJUBLJANA - BEŽIGRAD,2022-08-21 18:00,24.3,45,0
_1828,LJUBLJANA - BEŽIGRAD,2022-08-21 18:10,24.1,45,
_1828,LJUBLJANA - BEŽIGRAD,2022-08-21 18:20,23.9,45,
_1828,LJUBLJANA - BEŽIGRAD,2022-08-21 18:30,23.7,46,0
_1828,LJUBLJANA - BEŽIGRAD,2022-08-21 18:40,23.6,45,
_1828,LJUBLJANA - BEŽIGRAD,2022-08-21 18:50,23.6,45,
_1828,LJUBLJANA - BEŽIGRAD,2022-08-21 19:00,23.6,45,0
_1828,LJUBLJANA - BEŽIGRAD,2022-08-21 19:10,23.4,45,
_1828,LJUBLJANA - BEŽIGRAD,2022-08-21 19:20,23.3,46,
_1828,LJUBLJANA - BEŽIGRAD,2022-08-21 19:30,23.2,45,0
_1828,LJUBLJANA - BEŽIGRAD,2022-08-21 19:40,23,48,
_1828,LJUBLJANA - BEŽIGRAD,2022-08-21 19:50,22.6,56,
_1828,LJUBLJANA - BEŽIGRAD,2022-08-21 20:00,22.2,61,0
_1828,LJUBLJANA - BEŽIGRAD,2022-08-21 20:10,21.9,63,
_1828,LJUBLJANA - BEŽIGRAD,2022-08-21 20:20,21.6,64,
_1828,LJUBLJANA - BEŽIGRAD,2022-08-21 20:30,21.4,65,0
_1828,LJUBLJANA - BEŽIGRAD,2022-08-21 20:40,21.3,66,
_1828,LJUBLJANA - BEŽIGRAD,2022-08-21 20:50,21.4,62,
_1828,LJUBLJANA - BEŽIGRAD,2022-08-21 21:00,21.3,63,0
_1828,LJUBLJANA - BEŽIGRAD,2022-08-21 21:10,21.1,64,
_1828,LJUBLJANA - BEŽIGRAD,2022-08-21 21:20,21,63,
_1828,LJUBLJANA - BEŽIGRAD,2022-08-21 21:30,21.1,60,0
_1828,LJUBLJANA - BEŽIGRAD,2022-08-21 21:40,21,61,
_1828,LJUBLJANA - BEŽIGRAD,2022-08-21 21:50,20.9,60,
_1828,LJUBLJANA - BEŽIGRAD,2022-08-21 22:00,20.8,60,0
_1828,LJUBLJANA - BEŽIGRAD,2022-08-21 22:10,20.6,60,
_1828,LJUBLJANA - BEŽIGRAD,2022-08-21 22:20,20.5,62,
_1828,LJUBLJANA - BEŽIGRAD,2022-08-21 22:30,20.3,64,0
_1828,LJUBLJANA - BEŽIGRAD,2022-08-21 22:40,20.2,65,
_1828,LJUBLJANA - BEŽIGRAD,2022-08-21 22:50,20,68,
_1828,LJUBLJANA - BEŽIGRAD,2022-08-21 23:00,19.8,69,0
_1828,LJUBLJANA - BEŽIGRAD,2022-08-21 23:10,19.5,71,
_1828,LJUBLJANA - BEŽIGRAD,2022-08-21 23:20,19.4,72,
_1828,LJUBLJANA - BEŽIGRAD,2022-08-21 23:30,19.2,73,0
_1828,LJUBLJANA - BEŽIGRAD,2022-08-21 23:40,18.9,74,
_1828,LJUBLJANA - BEŽIGRAD,2022-08-21 23:50,18.8,75,
_1828,LJUBLJANA - BEŽIGRAD,2022-08-22 00:00,18.7,74,0
_1828,LJUBLJANA - BEŽIGRAD,2022-08-22 00:10,18.6,72,
_1828,LJUBLJANA - BEŽIGRAD,2022-08-22 00:20,18.4,73,
_1828,LJUBLJANA - BEŽIGRAD,2022-08-22 00:30,18.5,72,0
_1828,LJUBLJANA - BEŽIGRAD,2022-08-22 00:40,18.5,71,
_1828,LJUBLJANA - BEŽIGRAD,2022-08-22 00:50,18.5,70,
_1828,LJUBLJANA - BEŽIGRAD,2022-08-22 01:00,18.5,70,0
_1828,LJUBLJANA - BEŽIGRAD,2022-08-22 01:10,18.5,70,
_1828,LJUBLJANA - BEŽIGRAD,2022-08-22 01:20,18.5,70,
_1828,LJUBLJANA - BEŽIGRAD,2022-08-22 01:30,18.4,70,0
_1828,LJUBLJANA - BEŽIGRAD,2022-08-22 01:40,18.4,71,
_1828,LJUBLJANA - BEŽIGRAD,2022-08-22 01:50,18.2,71,
_1828,LJUBLJANA - BEŽIGRAD,2022-08-22 02:00,18,76,0
_1828,LJUBLJANA - BEŽIGRAD,2022-08-22 02:10,17.8,81,
_1828,LJUBLJANA - BEŽIGRAD,2022-08-22 02:20,17.7,80,
_1828,LJUBLJANA - BEŽIGRAD,2022-08-22 02:30,17.7,76,0
_1828,LJUBLJANA - BEŽIGRAD,2022-08-22 02:40,17.7,73,
_1828,LJUBLJANA - BEŽIGRAD,2022-08-22 02:50,17.6,72,
_1828,LJUBLJANA - BEŽIGRAD,2022-08-22 03:00,17.6,72,0
_1828,LJUBLJANA - BEŽIGRAD,2022-08-22 03:10,17.5,72,
_1828,LJUBLJANA - BEŽIGRAD,2022-08-22 03:20,17.5,71,
_1828,LJUBLJANA - BEŽIGRAD,2022-08-22 03:30,17.4,71,0
_1828,LJUBLJANA - BEŽIGRAD,2022-08-22 03:40,17.3,71,
_1828,LJUBLJANA - BEŽIGRAD,2022-08-22 03:50,17.1,73,
_1828,LJUBLJANA - BEŽIGRAD,2022-08-22 04:00,17,79,0
_1828,LJUBLJANA - BEŽIGRAD,2022-08-22 04:10,16.8,83,
_1828,LJUBLJANA - BEŽIGRAD,2022-08-22 04:20,16.7,84,
_1828,LJUBLJANA - BEŽIGRAD,2022-08-22 04:30,16.6,84,0
_1828,LJUBLJANA - BEŽIGRAD,2022-08-22 04:40,16.5,85,
_1828,LJUBLJANA - BEŽIGRAD,2022-08-22 04:50,16.4,85,
_1828,LJUBLJANA - BEŽIGRAD,2022-08-22 05:00,16.4,85,0
_1828,LJUBLJANA - BEŽIGRAD,2022-08-22 05:10,16.3,85,
_1828,LJUBLJANA - BEŽIGRAD,2022-08-22 05:20,16.2,86,
_1828,LJUBLJANA - BEŽIGRAD,2022-08-22 05:30,16.2,87,0
_1828,LJUBLJANA - BEŽIGRAD,2022-08-22 05:40,16.2,87,
_1828,LJUBLJANA - BEŽIGRAD,2022-08-22 05:50,16.3,85,
_1828,LJUBLJANA - BEŽIGRAD,2022-08-22 06:00,16.3,85,0
_1828,LJUBLJANA - BEŽIGRAD,2022-08-22 06:10,16.4,84,
_1828,LJUBLJANA - BEŽIGRAD,2022-08-22 06:20,16.5,84,
_1828,LJUBLJANA - BEŽIGRAD,2022-08-22 06:30,16.8,83,0
_1828,LJUBLJANA - BEŽIGRAD,2022-08-22 06:40,16.9,82,
_1828,LJUBLJANA - BEŽIGRAD,2022-08-22 06:50,17.1,81,
_1828,LJUBLJANA - BEŽIGRAD,2022-08-22 07:00,17.2,80,0
_1828,LJUBLJANA - BEŽIGRAD,2022-08-22 07:10,17.4,80,
_1828,LJUBLJANA - BEŽIGRAD,2022-08-22 07:20,17.5,79,
_1828,LJUBLJANA - BEŽIGRAD,2022-08-22 07:30,17.7,78,0
_1828,LJUBLJANA - BEŽIGRAD,2022-08-22 07:40,18,75,
_1828,LJUBLJANA - BEŽIGRAD,2022-08-22 07:50,18.2,72,
_1828,LJUBLJANA - BEŽIGRAD,2022-08-22 08:00,18.6,71,0
_1828,LJUBLJANA - BEŽIGRAD,2022-08-22 08:10,18.7,70,
_1828,LJUBLJANA - BEŽIGRAD,2022-08-22 08:20,18.8,68,
_1828,LJUBLJANA - BEŽIGRAD,2022-08-22 08:30,19,69,0
_1828,LJUBLJANA - BEŽIGRAD,2022-08-22 08:40,19,71,
_1828,LJUBLJANA - BEŽIGRAD,2022-08-22 08:50,19,72,
_1828,LJUBLJANA - BEŽIGRAD,2022-08-22 09:00,19.1,72,0
_1828,LJUBLJANA - BEŽIGRAD,2022-08-22 09:10,19,71,
_1828,LJUBLJANA - BEŽIGRAD,2022-08-22 09:20,19,71,
_1828,LJUBLJANA - BEŽIGRAD,2022-08-22 09:30,18.9,70,0
_1828,LJUBLJANA - BEŽIGRAD,2022-08-22 09:40,19.2,69,
_1828,LJUBLJANA - BEŽIGRAD,2022-08-22 09:50,19.5,67,
_1828,LJUBLJANA - BEŽIGRAD,2022-08-22 10:00,19.6,68,0
_1828,LJUBLJANA - BEŽIGRAD,2022-08-22 10:10,19.7,69,
_1828,LJUBLJANA - BEŽIGRAD,2022-08-22 10:20,19.7,70,
_1828,LJUBLJANA - BEŽIGRAD,2022-08-22 10:30,19.6,71,0.1
_1828,LJUBLJANA - BEŽIGRAD,2022-08-22 10:40,19.8,71,
_1828,LJUBLJANA - BEŽIGRAD,2022-08-22 10:50,20.3,68,
_1828,LJUBLJANA - BEŽIGRAD,2022-08-22 11:00,20.7,66,0
_1828,LJUBLJANA - BEŽIGRAD,2022-08-22 11:10,21,63,
_1828,LJUBLJANA - BEŽIGRAD,2022-08-22 11:20,21.3,63,
_1828,LJUBLJANA - BEŽIGRAD,2022-08-22 11:30,21.6,62,0
_1828,LJUBLJANA - BEŽIGRAD,2022-08-22 11:40,22,61,
_1828,LJUBLJANA - BEŽIGRAD,2022-08-22 11:50,22.2,59,
_1828,LJUBLJANA - BEŽIGRAD,2022-08-22 12:00,22.5,55,0
_1828,LJUBLJANA - BEŽIGRAD,2022-08-22 12:10,22.5,55,
_1828,LJUBLJANA - BEŽIGRAD,2022-08-22 12:20,22.6,56,
_1828,LJUBLJANA - BEŽIGRAD,2022-08-22 12:30,22.5,55,0
_1828,LJUBLJANA - BEŽIGRAD,2022-08-22 12:40,22.5,56,
_1828,LJUBLJANA - BEŽIGRAD,2022-08-22 12:50,22.7,54,
_1828,LJUBLJANA - BEŽIGRAD,2022-08-22 13:00,22.9,54,0
_1828,LJUBLJANA - BEŽIGRAD,2022-08-22 13:10,23.2,53,
_1828,LJUBLJANA - BEŽIGRAD,2022-08-22 13:20,23.4,52,
_1828,LJUBLJANA - BEŽIGRAD,2022-08-22 13:30,23.4,49,0
_1828,LJUBLJANA - BEŽIGRAD,2022-08-22 13:40,23.4,49,
_1828,LJUBLJANA - BEŽIGRAD,2022-08-22 13:50,23.6,50,
_1828,LJUBLJANA - BEŽIGRAD,2022-08-22 14:00,23.7,50,0
_1828,LJUBLJANA - BEŽIGRAD,2022-08-22 14:10,23.6,51,
_1828,LJUBLJANA - BEŽIGRAD,2022-08-22 14:20,23.6,51,
_1828,LJUBLJANA - BEŽIGRAD,2022-08-22 14:30,23.7,52,0
_1828,LJUBLJANA - BEŽIGRAD,2022-08-22 14:40,23.9,52,
_1828,LJUBLJANA - BEŽIGRAD,2022-08-22 14:50,23.9,51,
_1828,LJUBLJANA - BEŽIGRAD,2022-08-22 15:00,23.7,51,0
_1828,LJUBLJANA - BEŽIGRAD,2022-08-22 15:10,23.7,53,
_1828,LJUBLJANA - BEŽIGRAD,2022-08-22 15:20,23.5,54,
_1828,LJUBLJANA - BEŽIGRAD,2022-08-22 15:30,23.3,56,0
_1828,LJUBLJANA - BEŽIGRAD,2022-08-22 15:40,22.9,58,
_1828,LJUBLJANA - BEŽIGRAD,2022-08-22 15:50,22.9,58,
_1828,LJUBLJANA - BEŽIGRAD,2022-08-22 16:00,22.9,58,0
_1828,LJUBLJANA - BEŽIGRAD,2022-08-22 16:10,22.8,57,
_1828,LJUBLJANA - BEŽIGRAD,2022-08-22 16:20,22.8,57,
_1828,LJUBLJANA - BEŽIGRAD,2022-08-22 16:30,22.7,56,0
_1828,LJUBLJANA - BEŽIGRAD,2022-08-22 16:40,22.6,56,
_1828,LJUBLJANA - BEŽIGRAD,2022-08-22 16:50,22.5,56,
_1828,LJUBLJANA - BEŽIGRAD,2022-08-22 17:00,22.4,55,0
_1828,LJUBLJANA - BEŽIGRAD,2022-08-22 17:10,22.1,56,
_1828,LJUBLJANA - BEŽIGRAD,2022-08-22 17:20,21.9,59,
_1828,LJUBLJANA - BEŽIGRAD,2022-08-22 17:30,21.6,62,0
_1828,LJUBLJANA - BEŽIGRAD,2022-08-22 17:40,21.3,63,
_1828,LJUBLJANA - BEŽIGRAD,2022-08-22 17:50,21,64,
_1828,LJUBLJANA - BEŽIGRAD,2022-08-22 18:00,20.7,66,0
_1828,LJUBLJANA - BEŽIGRAD,2022-08-22 18:10,20.6,66,
_1828,LJUBLJANA - BEŽIGRAD,2022-08-22 18:20,20.4,66,
_1828,LJUBLJANA - BEŽIGRAD,2022-08-22 18:30,20.2,67,0
_1828,LJUBLJANA - BEŽIGRAD,2022-08-22 18:40,19.9,68,
_1828,LJUBLJANA - BEŽIGRAD,2022-08-22 18:50,19.5,69,
_1828,LJUBLJANA - BEŽIGRAD,2022-08-22 19:00,19.3,68,0
_1828,LJUBLJANA - BEŽIGRAD,2022-08-22 19:10,19.2,68,
_1828,LJUBLJANA - BEŽIGRAD,2022-08-22 19:20,19.2,69,
_1828,LJUBLJANA - BEŽIGRAD,2022-08-22 19:30,19,71,0
_1828,LJUBLJANA - BEŽIGRAD,2022-08-22 19:40,18.8,73,
_1828,LJUBLJANA - BEŽIGRAD,2022-08-22 19:50,18.5,75,
_1828,LJUBLJANA - BEŽIGRAD,2022-08-22 20:00,18.5,74,0
_1828,LJUBLJANA - BEŽIGRAD,2022-08-22 20:10,18.4,75,
_1828,LJUBLJANA - BEŽIGRAD,2022-08-22 20:20,18.4,75,
_1828,LJUBLJANA - BEŽIGRAD,2022-08-22 20:30,18.4,74,0
_1828,LJUBLJANA - BEŽIGRAD,2022-08-22 20:40,18.4,74,
_1828,LJUBLJANA - BEŽIGRAD,2022-08-22 20:50,18.4,74,
_1828,LJUBLJANA - BEŽIGRAD,2022-08-22 21:00,18.4,74,0
_1828,LJUBLJANA - BEŽIGRAD,2022-08-22 21:10,18.4,74,
_1828,LJUBLJANA - BEŽIGRAD,2022-08-22 21:20,18.3,74,
_1828,LJUBLJANA - BEŽIGRAD,2022-08-22 21:30,18.3,74,0
_1828,LJUBLJANA - BEŽIGRAD,2022-08-22 21:40,18.2,74,
_1828,LJUBLJANA - BEŽIGRAD,2022-08-22 21:50,18.2,75,
_1828,LJUBLJANA - BEŽIGRAD,2022-08-22 22:00,18.2,75,0
_1828,LJUBLJANA - BEŽIGRAD,2022-08-22 22:10,18.2,75,
_1828,LJUBLJANA - BEŽIGRAD,2022-08-22 22:20,18.2,75,
_1828,LJUBLJANA - BEŽIGRAD,2022-08-22 22:30,18.2,75,0
_1828,LJUBLJANA - BEŽIGRAD,2022-08-22 22:40,18.1,78,
_1828,LJUBLJANA - BEŽIGRAD,2022-08-22 22:50,18,79,
_1828,LJUBLJANA - BEŽIGRAD,2022-08-22 23:00,18,80,0
_1828,LJUBLJANA - BEŽIGRAD,2022-08-22 23:10,17.9,81,
_1828,LJUBLJANA - BEŽIGRAD,2022-08-22 23:20,17.8,83,
_1828,LJUBLJANA - BEŽIGRAD,2022-08-22 23:30,17.6,86,0.2
_1828,LJUBLJANA - BEŽIGRAD,2022-08-22 23:40,17.5,88,
_1828,LJUBLJANA - BEŽIGRAD,2022-08-22 23:50,17.4,89,
_1828,LJUBLJANA - BEŽIGRAD,2022-08-23 00:00,17.3,89,0.2
_1828,LJUBLJANA - BEŽIGRAD,2022-08-23 00:10,17.2,89,
_1828,LJUBLJANA - BEŽIGRAD,2022-08-23 00:20,17.1,91,
_1828,LJUBLJANA - BEŽIGRAD,2022-08-23 00:30,16.9,91,0.1
_1828,LJUBLJANA - BEŽIGRAD,2022-08-23 00:40,16.8,92,
_1828,LJUBLJANA - BEŽIGRAD,2022-08-23 00:50,16.7,93,
_1828,LJUBLJANA - BEŽIGRAD,2022-08-23 01:00,16.6,93,0
_1828,LJUBLJANA - BEŽIGRAD,2022-08-23 01:10,16.5,93,
_1828,LJUBLJANA - BEŽIGRAD,2022-08-23 01:20,16.4,94,
_1828,LJUBLJANA - BEŽIGRAD,2022-08-23 01:30,16.3,94,0.1
_1828,LJUBLJANA - BEŽIGRAD,2022-08-23 01:40,16.3,94,
_1828,LJUBLJANA - BEŽIGRAD,2022-08-23 01:50,16.3,94,
_1828,LJUBLJANA - BEŽIGRAD,2022-08-23 02:00,16.3,94,0.2
_1828,LJUBLJANA - BEŽIGRAD,2022-08-23 02:10,16.3,94,
_1828,LJUBLJANA - BEŽIGRAD,2022-08-23 02:20,16.3,93,
_1828,LJUBLJANA - BEŽIGRAD,2022-08-23 02:30,16.2,93,0.2
_1828,LJUBLJANA - BEŽIGRAD,2022-08-23 02:40,16.2,94,
_1828,LJUBLJANA - BEŽIGRAD,2022-08-23 02:50,16.2,94,
_1828,LJUBLJANA - BEŽIGRAD,2022-08-23 03:00,16.2,94,0.1
_1828,LJUBLJANA - BEŽIGRAD,2022-08-23 03:10,16.1,94,
_1828,LJUBLJANA - BEŽIGRAD,2022-08-23 03:20,16.1,93,
_1828,LJUBLJANA - BEŽIGRAD,2022-08-23 03:30,16.1,94,0.1
_1828,LJUBLJANA - BEŽIGRAD,2022-08-23 03:40,16.1,94,
_1828,LJUBLJANA - BEŽIGRAD,2022-08-23 03:50,16.1,94,
_1828,LJUBLJANA - BEŽIGRAD,2022-08-23 04:00,16.1,94,0.1
_1828,LJUBLJANA - BEŽIGRAD,2022-08-23 04:10,16.1,95,
_1828,LJUBLJANA - BEŽIGRAD,2022-08-23 04:20,16.1,94,
_1828,LJUBLJANA - BEŽIGRAD,2022-08-23 04:30,16,94,0
_1828,LJUBLJANA - BEŽIGRAD,2022-08-23 04:40,16,94,
_1828,LJUBLJANA - BEŽIGRAD,2022-08-23 04:50,16,94,
_1828,LJUBLJANA - BEŽIGRAD,2022-08-23 05:00,16.1,94,0
_1828,LJUBLJANA - BEŽIGRAD,2022-08-23 05:10,16.2,95,
_1828,LJUBLJANA - BEŽIGRAD,2022-08-23 05:20,16.2,95,
_1828,LJUBLJANA - BEŽIGRAD,2022-08-23 05:30,16.2,95,0
_1828,LJUBLJANA - BEŽIGRAD,2022-08-23 05:40,16.1,95,
_1828,LJUBLJANA - BEŽIGRAD,2022-08-23 05:50,16.1,94,
_1828,LJUBLJANA - BEŽIGRAD,2022-08-23 06:00,16.2,94,0
_1828,LJUBLJANA - BEŽIGRAD,2022-08-23 06:10,16.3,93,
_1828,LJUBLJANA - BEŽIGRAD,2022-08-23 06:20,16.4,94,
_1828,LJUBLJANA - BEŽIGRAD,2022-08-23 06:30,16.5,94,0
_1828,LJUBLJANA - BEŽIGRAD,2022-08-23 06:40,16.5,93,
_1828,LJUBLJANA - BEŽIGRAD,2022-08-23 06:50,16.6,92,
_1828,LJUBLJANA - BEŽIGRAD,2022-08-23 07:00,16.7,91,0.3
_1828,LJUBLJANA - BEŽIGRAD,2022-08-23 07:10,16.8,92,
_1828,LJUBLJANA - BEŽIGRAD,2022-08-23 07:20,16.8,89,
_1828,LJUBLJANA - BEŽIGRAD,2022-08-23 07:30,16.9,87,0.2
_1828,LJUBLJANA - BEŽIGRAD,2022-08-23 07:40,17,85,
_1828,LJUBLJANA - BEŽIGRAD,2022-08-23 07:50,17.1,85,
_1828,LJUBLJANA - BEŽIGRAD,2022-08-23 08:00,17.2,83,0
_1828,LJUBLJANA - BEŽIGRAD,2022-08-23 08:10,17.2,83,
_1828,LJUBLJANA - BEŽIGRAD,2022-08-23 08:20,17.2,84,
_1828,LJUBLJANA - BEŽIGRAD,2022-08-23 08:30,17.2,85,0
_1828,LJUBLJANA - BEŽIGRAD,2022-08-23 08:40,17.3,85,
_1828,LJUBLJANA - BEŽIGRAD,2022-08-23 08:50,17.4,85,
_1828,LJUBLJANA - BEŽIGRAD,2022-08-23 09:00,17.5,85,0
_1828,LJUBLJANA - BEŽIGRAD,2022-08-23 09:10,17.5,85,
_1828,LJUBLJANA - BEŽIGRAD,2022-08-23 09:20,17.6,87,
_1828,LJUBLJANA - BEŽIGRAD,2022-08-23 09:30,17.8,86,0.1
_1828,LJUBLJANA - BEŽIGRAD,2022-08-23 09:40,18,84,
_1828,LJUBLJANA - BEŽIGRAD,2022-08-23 09:50,18.2,83,
_1828,LJUBLJANA - BEŽIGRAD,2022-08-23 10:00,18.4,81,0
_1828,LJUBLJANA - BEŽIGRAD,2022-08-23 10:10,18.7,80,
_1828,LJUBLJANA - BEŽIGRAD,2022-08-23 10:20,18.8,79,
_1828,LJUBLJANA - BEŽIGRAD,2022-08-23 10:30,18.7,79,0
_1828,LJUBLJANA - BEŽIGRAD,2022-08-23 10:40,19.1,79,
_1828,LJUBLJANA - BEŽIGRAD,2022-08-23 10:50,19.3,78,
_1828,LJUBLJANA - BEŽIGRAD,2022-08-23 11:00,19.5,78,0
_1828,LJUBLJANA - BEŽIGRAD,2022-08-23 11:10,19.4,77,
_1828,LJUBLJANA - BEŽIGRAD,2022-08-23 11:20,19.8,77,
_1828,LJUBLJANA - BEŽIGRAD,2022-08-23 11:30,20.1,75,0
_1828,LJUBLJANA - BEŽIGRAD,2022-08-23 11:40,20.1,75,
_1828,LJUBLJANA - BEŽIGRAD,2022-08-23 11:50,20.2,75,
_1828,LJUBLJANA - BEŽIGRAD,2022-08-23 12:00,20.2,75,0
_1828,LJUBLJANA - BEŽIGRAD,2022-08-23 12:10,20.1,74,
_1828,LJUBLJANA - BEŽIGRAD,2022-08-23 12:20,20,75,
_1828,LJUBLJANA - BEŽIGRAD,2022-08-23 12:30,20.2,74,0
_1828,LJUBLJANA - BEŽIGRAD,2022-08-23 12:40,20.4,74,
_1828,LJUBLJANA - BEŽIGRAD,2022-08-23 12:50,20.8,72,
_1828,LJUBLJANA - BEŽIGRAD,2022-08-23 13:00,21.3,70,0
_1828,LJUBLJANA - BEŽIGRAD,2022-08-23 13:10,21.6,67,
_1828,LJUBLJANA - BEŽIGRAD,2022-08-23 13:20,21.9,65,
_1828,LJUBLJANA - BEŽIGRAD,2022-08-23 13:30,22.3,65,0
_1828,LJUBLJANA - BEŽIGRAD,2022-08-23 13:40,22.5,63,
_1828,LJUBLJANA - BEŽIGRAD,2022-08-23 13:50,22.8,62,
_1828,LJUBLJANA - BEŽIGRAD,2022-08-23 14:00,23.4,59,0
_1828,LJUBLJANA - BEŽIGRAD,2022-08-23 14:10,23.4,59,
_1828,LJUBLJANA - BEŽIGRAD,2022-08-23 14:20,23.4,60,
_1828,LJUBLJANA - BEŽIGRAD,2022-08-23 14:30,23.4,58,0
_1828,LJUBLJANA - BEŽIGRAD,2022-08-23 14:40,23.5,57,
_1828,LJUBLJANA - BEŽIGRAD,2022-08-23 14:50,23.4,58,
_1828,LJUBLJANA - BEŽIGRAD,2022-08-23 15:00,23.4,58,0
_1828,LJUBLJANA - BEŽIGRAD,2022-08-23 15:10,23.5,57,
_1828,LJUBLJANA - BEŽIGRAD,2022-08-23 15:20,24,55,
_1828,LJUBLJANA - BEŽIGRAD,2022-08-23 15:30,24.6,53,0
_1828,LJUBLJANA - BEŽIGRAD,2022-08-23 15:40,24.9,52,
_1828,LJUBLJANA - BEŽIGRAD,2022-08-23 15:50,25,53,
_1828,LJUBLJANA - BEŽIGRAD,2022-08-23 16:00,24.5,55,0
_1828,LJUBLJANA - BEŽIGRAD,2022-08-23 16:10,24.3,53,
_1828,LJUBLJANA - BEŽIGRAD,2022-08-23 16:20,24.8,48,
_1828,LJUBLJANA - BEŽIGRAD,2022-08-23 16:30,25.4,50,0
_1828,LJUBLJANA - BEŽIGRAD,2022-08-23 16:40,25.4,50,
_1828,LJUBLJANA - BEŽIGRAD,2022-08-23 16:50,25.2,51,
_1828,LJUBLJANA - BEŽIGRAD,2022-08-23 17:00,24.5,51,0
_1828,LJUBLJANA - BEŽIGRAD,2022-08-23 17:10,24.1,53,
_1828,LJUBLJANA - BEŽIGRAD,2022-08-23 17:20,23.7,54,
_1828,LJUBLJANA - BEŽIGRAD,2022-08-23 17:30,23.6,55,0
_1828,LJUBLJANA - BEŽIGRAD,2022-08-23 17:40,23.9,56,
_1828,LJUBLJANA - BEŽIGRAD,2022-08-23 17:50,23.6,57,
_1828,LJUBLJANA - BEŽIGRAD,2022-08-23 18:00,23.5,57,0
_1828,LJUBLJANA - BEŽIGRAD,2022-08-23 18:10,23.3,56,
_1828,LJUBLJANA - BEŽIGRAD,2022-08-23 18:20,23,59,
_1828,LJUBLJANA - BEŽIGRAD,2022-08-23 18:30,22.7,62,0
_1828,LJUBLJANA - BEŽIGRAD,2022-08-23 18:40,22.4,64,
_1828,LJUBLJANA - BEŽIGRAD,2022-08-23 18:50,22.1,66,
_1828,LJUBLJANA - BEŽIGRAD,2022-08-23 19:00,21.7,67,0
_1828,LJUBLJANA - BEŽIGRAD,2022-08-23 19:10,21.5,68,
_1828,LJUBLJANA - BEŽIGRAD,2022-08-23 19:20,21.4,69,
_1828,LJUBLJANA - BEŽIGRAD,2022-08-23 19:30,21.2,70,0
_1828,LJUBLJANA - BEŽIGRAD,2022-08-23 19:40,21.1,71,
_1828,LJUBLJANA - BEŽIGRAD,2022-08-23 19:50,20.9,72,
_1828,LJUBLJANA - BEŽIGRAD,2022-08-23 20:00,20.7,73,0
_1828,LJUBLJANA - BEŽIGRAD,2022-08-23 20:10,20.5,74,
_1828,LJUBLJANA - BEŽIGRAD,2022-08-23 20:20,20.3,74,
_1828,LJUBLJANA - BEŽIGRAD,2022-08-23 20:30,20.1,75,0
_1828,LJUBLJANA - BEŽIGRAD,2022-08-23 20:40,20,76,
_1828,LJUBLJANA - BEŽIGRAD,2022-08-23 20:50,19.9,76,
_1828,LJUBLJANA - BEŽIGRAD,2022-08-23 21:00,19.9,76,0
_1828,LJUBLJANA - BEŽIGRAD,2022-08-23 21:10,19.9,76,
_1828,LJUBLJANA - BEŽIGRAD,2022-08-23 21:20,19.9,76,
_1828,LJUBLJANA - BEŽIGRAD,2022-08-23 21:30,19.9,77,0
_1828,LJUBLJANA - BEŽIGRAD,2022-08-23 21:40,19.9,77,
_1828,LJUBLJANA - BEŽIGRAD,2022-08-23 21:50,19.8,77,
_1828,LJUBLJANA - BEŽIGRAD,2022-08-23 22:00,19.8,77,0
_1828,LJUBLJANA - BEŽIGRAD,2022-08-23 22:10,19.8,77,
_1828,LJUBLJANA - BEŽIGRAD,2022-08-23 22:20,19.8,77,
_1828,LJUBLJANA - BEŽIGRAD,2022-08-23 22:30,19.8,77,0
_1828,LJUBLJANA - BEŽIGRAD,2022-08-23 22:40,19.8,77,
_1828,LJUBLJANA - BEŽIGRAD,2022-08-23 22:50,19.7,77,
_1828,LJUBLJANA - BEŽIGRAD,2022-08-23 23:00,19.8,77,0
_1828,LJUBLJANA - BEŽIGRAD,2022-08-23 23:10,19.7,77,
_1828,LJUBLJANA - BEŽIGRAD,2022-08-23 23:20,19.6,78,
_1828,LJUBLJANA - BEŽIGRAD,2022-08-23 23:30,19.5,78,0
_1828,LJUBLJANA - BEŽIGRAD,2022-08-23 23:40,19.5,78,
_1828,LJUBLJANA - BEŽIGRAD,2022-08-23 23:50,19.4,78,
_1828,LJUBLJANA - BEŽIGRAD,2022-08-24 00:00,19.1,79,0
_1828,LJUBLJANA - BEŽIGRAD,2022-08-24 00:10,18.8,80,
_1828,LJUBLJANA - BEŽIGRAD,2022-08-24 00:20,18.5,82,
_1828,LJUBLJANA - BEŽIGRAD,2022-08-24 00:30,18.2,83,0
_1828,LJUBLJANA - BEŽIGRAD,2022-08-24 00:40,17.8,85,
_1828,LJUBLJANA - BEŽIGRAD,2022-08-24 00:50,17.7,86,
_1828,LJUBLJANA - BEŽIGRAD,2022-08-24 01:00,17.6,87,0
_1828,LJUBLJANA - BEŽIGRAD,2022-08-24 01:10,17.5,87,
_1828,LJUBLJANA - BEŽIGRAD,2022-08-24 01:20,17.5,88,
_1828,LJUBLJANA - BEŽIGRAD,2022-08-24 01:30,17.5,88,0
_1828,LJUBLJANA - BEŽIGRAD,2022-08-24 01:40,17.3,89,
_1828,LJUBLJANA - BEŽIGRAD,2022-08-24 01:50,17.3,89,
_1828,LJUBLJANA - BEŽIGRAD,2022-08-24 02:00,17.3,89,0
_1828,LJUBLJANA - BEŽIGRAD,2022-08-24 02:10,17.2,90,
_1828,LJUBLJANA - BEŽIGRAD,2022-08-24 02:20,17.1,90,
_1828,LJUBLJANA - BEŽIGRAD,2022-08-24 02:30,17,91,0
_1828,LJUBLJANA - BEŽIGRAD,2022-08-24 02:40,16.9,91,
_1828,LJUBLJANA - BEŽIGRAD,2022-08-24 02:50,16.7,91,
_1828,LJUBLJANA - BEŽIGRAD,2022-08-24 03:00,16.7,92,0
_1828,LJUBLJANA - BEŽIGRAD,2022-08-24 03:10,16.5,92,
_1828,LJUBLJANA - BEŽIGRAD,2022-08-24 03:20,16.5,93,
_1828,LJUBLJANA - BEŽIGRAD,2022-08-24 03:30,16.4,93,0
_1828,LJUBLJANA - BEŽIGRAD,2022-08-24 03:40,16.2,93,
_1828,LJUBLJANA - BEŽIGRAD,2022-08-24 03:50,16.2,93,
_1828,LJUBLJANA - BEŽIGRAD,2022-08-24 04:00,16.1,93,0
_1828,LJUBLJANA - BEŽIGRAD,2022-08-24 04:10,16,93,
_1828,LJUBLJANA - BEŽIGRAD,2022-08-24 04:20,15.9,94,
_1828,LJUBLJANA - BEŽIGRAD,2022-08-24 04:30,15.8,94,0
_1828,LJUBLJANA - BEŽIGRAD,2022-08-24 04:40,15.7,94,
_1828,LJUBLJANA - BEŽIGRAD,2022-08-24 04:50,15.6,94,
_1828,LJUBLJANA - BEŽIGRAD,2022-08-24 05:00,15.6,94,0
_1828,LJUBLJANA - BEŽIGRAD,2022-08-24 05:10,15.6,94,
_1828,LJUBLJANA - BEŽIGRAD,2022-08-24 05:20,15.6,94,
_1828,LJUBLJANA - BEŽIGRAD,2022-08-24 05:30,15.6,94,0
_1828,LJUBLJANA - BEŽIGRAD,2022-08-24 05:40,15.6,94,
_1828,LJUBLJANA - BEŽIGRAD,2022-08-24 05:50,15.6,94,
_1828,LJUBLJANA - BEŽIGRAD,2022-08-24 06:00,15.5,94,0
_1828,LJUBLJANA - BEŽIGRAD,2022-08-24 06:10,15.5,94,
_1828,LJUBLJANA - BEŽIGRAD,2022-08-24 06:20,15.6,93,
_1828,LJUBLJANA - BEŽIGRAD,2022-08-24 06:30,15.8,93,0
_1828,LJUBLJANA - BEŽIGRAD,2022-08-24 06:40,15.9,92,
_1828,LJUBLJANA - BEŽIGRAD,2022-08-24 06:50,16.1,92,
_1828,LJUBLJANA - BEŽIGRAD,2022-08-24 07:00,16.3,90,0
_1828,LJUBLJANA - BEŽIGRAD,2022-08-24 07:10,16.4,90,
_1828,LJUBLJANA - BEŽIGRAD,2022-08-24 07:20,16.7,90,
_1828,LJUBLJANA - BEŽIGRAD,2022-08-24 07:30,16.9,88,0
_1828,LJUBLJANA - BEŽIGRAD,2022-08-24 07:40,17.2,87,
_1828,LJUBLJANA - BEŽIGRAD,2022-08-24 07:50,17.5,86,
_1828,LJUBLJANA - BEŽIGRAD,2022-08-24 08:00,17.7,85,0
_1828,LJUBLJANA - BEŽIGRAD,2022-08-24 08:10,17.9,83,
_1828,LJUBLJANA - BEŽIGRAD,2022-08-24 08:20,18.1,83,
_1828,LJUBLJANA - BEŽIGRAD,2022-08-24 08:30,18.2,82,0
_1828,LJUBLJANA - BEŽIGRAD,2022-08-24 08:40,18.4,81,
_1828,LJUBLJANA - BEŽIGRAD,2022-08-24 08:50,18.8,81,
_1828,LJUBLJANA - BEŽIGRAD,2022-08-24 09:00,19.1,79,0
_1828,LJUBLJANA - BEŽIGRAD,2022-08-24 09:10,19.6,77,
_1828,LJUBLJANA - BEŽIGRAD,2022-08-24 09:20,19.8,76,
_1828,LJUBLJANA - BEŽIGRAD,2022-08-24 09:30,20.1,75,0
_1828,LJUBLJANA - BEŽIGRAD,2022-08-24 09:40,20.2,74,
_1828,LJUBLJANA - BEŽIGRAD,2022-08-24 09:50,20.7,72,
_1828,LJUBLJANA - BEŽIGRAD,2022-08-24 10:00,21,69,0
_1828,LJUBLJANA - BEŽIGRAD,2022-08-24 10:10,21.4,68,
_1828,LJUBLJANA - BEŽIGRAD,2022-08-24 10:20,21.7,66,
_1828,LJUBLJANA - BEŽIGRAD,2022-08-24 10:30,22.6,62,0
_1828,LJUBLJANA - BEŽIGRAD,2022-08-24 10:40,23.1,60,
_1828,LJUBLJANA - BEŽIGRAD,2022-08-24 10:50,23.7,59,
_1828,LJUBLJANA - BEŽIGRAD,2022-08-24 11:00,24,56,0
_1828,LJUBLJANA - BEŽIGRAD,2022-08-24 11:10,24.7,54,
_1828,LJUBLJANA - BEŽIGRAD,2022-08-24 11:20,24.9,52,
_1828,LJUBLJANA - BEŽIGRAD,2022-08-24 11:30,25.3,51,0
_1828,LJUBLJANA - BEŽIGRAD,2022-08-24 11:40,25.7,50,
_1828,LJUBLJANA - BEŽIGRAD,2022-08-24 11:50,25.8,49,
_1828,LJUBLJANA - BEŽIGRAD,2022-08-24 12:00,26.2,47,0
_1828,LJUBLJANA - BEŽIGRAD,2022-08-24 12:10,26.7,47,
_1828,LJUBLJANA - BEŽIGRAD,2022-08-24 12:20,26.7,46,
_1828,LJUBLJANA - BEŽIGRAD,2022-08-24 12:30,27,48,0
_1828,LJUBLJANA - BEŽIGRAD,2022-08-24 12:40,27.1,48,
_1828,LJUBLJANA - BEŽIGRAD,2022-08-24 12:50,26.6,49,
_1828,LJUBLJANA - BEŽIGRAD,2022-08-24 13:00,26.4,50,0
_1828,LJUBLJANA - BEŽIGRAD,2022-08-24 13:10,26,51,
_1828,LJUBLJANA - BEŽIGRAD,2022-08-24 13:20,25.8,53,
_1828,LJUBLJANA - BEŽIGRAD,2022-08-24 13:30,26.5,50,0
_1828,LJUBLJANA - BEŽIGRAD,2022-08-24 13:40,26.6,50,
_1828,LJUBLJANA - BEŽIGRAD,2022-08-24 13:50,26.7,50,
_1828,LJUBLJANA - BEŽIGRAD,2022-08-24 14:00,26.9,48,0
_1828,LJUBLJANA - BEŽIGRAD,2022-08-24 14:10,27.2,47,
_1828,LJUBLJANA - BEŽIGRAD,2022-08-24 14:20,27.6,46,
_1828,LJUBLJANA - BEŽIGRAD,2022-08-24 14:30,27.9,44,0
_1828,LJUBLJANA - BEŽIGRAD,2022-08-24 14:40,27.5,45,
_1828,LJUBLJANA - BEŽIGRAD,2022-08-24 14:50,28,44,
_1828,LJUBLJANA - BEŽIGRAD,2022-08-24 15:00,27.9,44,0
_1828,LJUBLJANA - BEŽIGRAD,2022-08-24 15:10,27.8,44,
_1828,LJUBLJANA - BEŽIGRAD,2022-08-24 15:20,27.8,45,
_1828,LJUBLJANA - BEŽIGRAD,2022-08-24 15:30,27.8,45,0
_1828,LJUBLJANA - BEŽIGRAD,2022-08-24 15:40,27.6,45,
_1828,LJUBLJANA - BEŽIGRAD,2022-08-24 15:50,27.6,45,
_1828,LJUBLJANA - BEŽIGRAD,2022-08-24 16:00,28.1,44,0
_1828,LJUBLJANA - BEŽIGRAD,2022-08-24 16:10,27.9,45,
_1828,LJUBLJANA - BEŽIGRAD,2022-08-24 16:20,27.6,45,
_1828,LJUBLJANA - BEŽIGRAD,2022-08-24 16:30,27.1,46,0
_1828,LJUBLJANA - BEŽIGRAD,2022-08-24 16:40,27.1,46,
_1828,LJUBLJANA - BEŽIGRAD,2022-08-24 16:50,27.6,45,
_1828,LJUBLJANA - BEŽIGRAD,2022-08-24 17:00,27.5,45,0
_1828,LJUBLJANA - BEŽIGRAD,2022-08-24 17:10,27.3,46,
_1828,LJUBLJANA - BEŽIGRAD,2022-08-24 17:20,27.2,46,
_1828,LJUBLJANA - BEŽIGRAD,2022-08-24 17:30,27.5,45,0
_1828,LJUBLJANA - BEŽIGRAD,2022-08-24 17:40,27.5,45,
_1828,LJUBLJANA - BEŽIGRAD,2022-08-24 17:50,27.3,46,
_1828,LJUBLJANA - BEŽIGRAD,2022-08-24 18:00,26.9,47,0
_1828,LJUBLJANA - BEŽIGRAD,2022-08-24 18:10,26.7,47,
_1828,LJUBLJANA - BEŽIGRAD,2022-08-24 18:20,26.5,48,
_1828,LJUBLJANA - BEŽIGRAD,2022-08-24 18:30,26.1,51,0
_1828,LJUBLJANA - BEŽIGRAD,2022-08-24 18:40,25.8,52,
_1828,LJUBLJANA - BEŽIGRAD,2022-08-24 18:50,25.6,53,
_1828,LJUBLJANA - BEŽIGRAD,2022-08-24 19:00,25.3,55,0
_1828,LJUBLJANA - BEŽIGRAD,2022-08-24 19:10,25,56,
_1828,LJUBLJANA - BEŽIGRAD,2022-08-24 19:20,24.8,57,
_1828,LJUBLJANA - BEŽIGRAD,2022-08-24 19:30,24.6,57,0
_1828,LJUBLJANA - BEŽIGRAD,2022-08-24 19:40,24.3,58,
_1828,LJUBLJANA - BEŽIGRAD,2022-08-24 19:50,24,60,
_1828,LJUBLJANA - BEŽIGRAD,2022-08-24 20:00,23.9,60,0
_1828,LJUBLJANA - BEŽIGRAD,2022-08-24 20:10,23.7,61,
_1828,LJUBLJANA - BEŽIGRAD,2022-08-24 20:20,23.3,62,
_1828,LJUBLJANA - BEŽIGRAD,2022-08-24 20:30,23,63,0
_1828,LJUBLJANA - BEŽIGRAD,2022-08-24 20:40,22.8,64,
_1828,LJUBLJANA - BEŽIGRAD,2022-08-24 20:50,22.7,65,
_1828,LJUBLJANA - BEŽIGRAD,2022-08-24 21:00,22.5,66,0
_1828,LJUBLJANA - BEŽIGRAD,2022-08-24 21:10,22.3,67,
_1828,LJUBLJANA - BEŽIGRAD,2022-08-24 21:20,22.3,67,
_1828,LJUBLJANA - BEŽIGRAD,2022-08-24 21:30,22.3,68,0
_1828,LJUBLJANA - BEŽIGRAD,2022-08-24 21:40,22.4,67,
_1828,LJUBLJANA - BEŽIGRAD,2022-08-24 21:50,22.5,67,
_1828,LJUBLJANA - BEŽIGRAD,2022-08-24 22:00,22.5,67,0
_1828,LJUBLJANA - BEŽIGRAD,2022-08-24 22:10,22.4,68,
_1828,LJUBLJANA - BEŽIGRAD,2022-08-24 22:20,22.2,69,
_1828,LJUBLJANA - BEŽIGRAD,2022-08-24 22:30,22.1,69,0
_1828,LJUBLJANA - BEŽIGRAD,2022-08-24 22:40,22.1,70,
_1828,LJUBLJANA - BEŽIGRAD,2022-08-24 22:50,22.1,70,
_1828,LJUBLJANA - BEŽIGRAD,2022-08-24 23:00,22.1,70,0
_1828,LJUBLJANA - BEŽIGRAD,2022-08-24 23:10,22.1,70,
_1828,LJUBLJANA - BEŽIGRAD,2022-08-24 23:20,22,70,
_1828,LJUBLJANA - BEŽIGRAD,2022-08-24 23:30,22,71,0
_1828,LJUBLJANA - BEŽIGRAD,2022-08-24 23:40,21.9,71,
_1828,LJUBLJANA - BEŽIGRAD,2022-08-24 23:50,21.8,72,
_1828,LJUBLJANA - BEŽIGRAD,2022-08-25 00:00,21.6,73,0
_1828,LJUBLJANA - BEŽIGRAD,2022-08-25 00:10,21.5,73,
_1828,LJUBLJANA - BEŽIGRAD,2022-08-25 00:20,21.4,74,
_1828,LJUBLJANA - BEŽIGRAD,2022-08-25 00:30,21.4,74,0
_1828,LJUBLJANA - BEŽIGRAD,2022-08-25 00:40,21.4,74,
_1828,LJUBLJANA - BEŽIGRAD,2022-08-25 00:50,21.4,74,
_1828,LJUBLJANA - BEŽIGRAD,2022-08-25 01:00,21.3,75,0
_1828,LJUBLJANA - BEŽIGRAD,2022-08-25 01:10,21.2,75,
_1828,LJUBLJANA - BEŽIGRAD,2022-08-25 01:20,21.1,76,
_1828,LJUBLJANA - BEŽIGRAD,2022-08-25 01:30,21,76,0
_1828,LJUBLJANA - BEŽIGRAD,2022-08-25 01:40,20.8,77,
_1828,LJUBLJANA - BEŽIGRAD,2022-08-25 01:50,20.8,77,
_1828,LJUBLJANA - BEŽIGRAD,2022-08-25 02:00,20.6,77,0
_1828,LJUBLJANA - BEŽIGRAD,2022-08-25 02:10,20.5,77,
_1828,LJUBLJANA - BEŽIGRAD,2022-08-25 02:20,20.3,78,
_1828,LJUBLJANA - BEŽIGRAD,2022-08-25 02:30,20.1,79,0
_1828,LJUBLJANA - BEŽIGRAD,2022-08-25 02:40,19.9,80,
_1828,LJUBLJANA - BEŽIGRAD,2022-08-25 02:50,19.7,81,
_1828,LJUBLJANA - BEŽIGRAD,2022-08-25 03:00,19.6,82,0
_1828,LJUBLJANA - BEŽIGRAD,2022-08-25 03:10,19.5,83,
_1828,LJUBLJANA - BEŽIGRAD,2022-08-25 03:20,19.4,83,
_1828,LJUBLJANA - BEŽIGRAD,2022-08-25 03:30,19.3,84,0
_1828,LJUBLJANA - BEŽIGRAD,2022-08-25 03:40,19.2,84,
_1828,LJUBLJANA - BEŽIGRAD,2022-08-25 03:50,19.1,85,
_1828,LJUBLJANA - BEŽIGRAD,2022-08-25 04:00,19,85,0
_1828,LJUBLJANA - BEŽIGRAD,2022-08-25 04:10,18.9,86,
_1828,LJUBLJANA - BEŽIGRAD,2022-08-25 04:20,18.8,86,
_1828,LJUBLJANA - BEŽIGRAD,2022-08-25 04:30,18.7,86,0
_1828,LJUBLJANA - BEŽIGRAD,2022-08-25 04:40,18.8,86,
_1828,LJUBLJANA - BEŽIGRAD,2022-08-25 04:50,19.1,85,
_1828,LJUBLJANA - BEŽIGRAD,2022-08-25 05:00,19.1,84,0
_1828,LJUBLJANA - BEŽIGRAD,2022-08-25 05:10,19.1,84,
_1828,LJUBLJANA - BEŽIGRAD,2022-08-25 05:20,19.2,84,
_1828,LJUBLJANA - BEŽIGRAD,2022-08-25 05:30,19.2,84,0
_1828,LJUBLJANA - BEŽIGRAD,2022-08-25 05:40,19.2,84,
_1828,LJUBLJANA - BEŽIGRAD,2022-08-25 05:50,19.2,84,
_1828,LJUBLJANA - BEŽIGRAD,2022-08-25 06:00,19.2,84,0
_1828,LJUBLJANA - BEŽIGRAD,2022-08-25 06:10,19.3,84,
_1828,LJUBLJANA - BEŽIGRAD,2022-08-25 06:20,19.5,83,
_1828,LJUBLJANA - BEŽIGRAD,2022-08-25 06:30,19.6,83,0
_1828,LJUBLJANA - BEŽIGRAD,2022-08-25 06:40,19.7,82,
_1828,LJUBLJANA - BEŽIGRAD,2022-08-25 06:50,19.9,81,
_1828,LJUBLJANA - BEŽIGRAD,2022-08-25 07:00,20.2,80,0
_1828,LJUBLJANA - BEŽIGRAD,2022-08-25 07:10,20.6,79,
_1828,LJUBLJANA - BEŽIGRAD,2022-08-25 07:20,20.6,79,
_1828,LJUBLJANA - BEŽIGRAD,2022-08-25 07:30,20.7,79,0
_1828,LJUBLJANA - BEŽIGRAD,2022-08-25 07:40,20.9,79,
_1828,LJUBLJANA - BEŽIGRAD,2022-08-25 07:50,21.1,78,
_1828,LJUBLJANA - BEŽIGRAD,2022-08-25 08:00,21.3,75,0
_1828,LJUBLJANA - BEŽIGRAD,2022-08-25 08:10,21.5,75,
_1828,LJUBLJANA - BEŽIGRAD,2022-08-25 08:20,21.8,73,
_1828,LJUBLJANA - BEŽIGRAD,2022-08-25 08:30,22.3,71,0
_1828,LJUBLJANA - BEŽIGRAD,2022-08-25 08:40,22.3,71,
_1828,LJUBLJANA - BEŽIGRAD,2022-08-25 08:50,22.5,70,
_1828,LJUBLJANA - BEŽIGRAD,2022-08-25 09:00,23.1,69,0
_1828,LJUBLJANA - BEŽIGRAD,2022-08-25 09:10,23.5,66,
_1828,LJUBLJANA - BEŽIGRAD,2022-08-25 09:20,23.4,65,
_1828,LJUBLJANA - BEŽIGRAD,2022-08-25 09:30,23.7,65,0
_1828,LJUBLJANA - BEŽIGRAD,2022-08-25 09:40,24.3,63,
_1828,LJUBLJANA - BEŽIGRAD,2022-08-25 09:50,25.1,60,
_1828,LJUBLJANA - BEŽIGRAD,2022-08-25 10:00,25.4,59,0
_1828,LJUBLJANA - BEŽIGRAD,2022-08-25 10:10,25.4,59,
_1828,LJUBLJANA - BEŽIGRAD,2022-08-25 10:20,25.5,58,
_1828,LJUBLJANA - BEŽIGRAD,2022-08-25 10:30,25.3,59,0
_1828,LJUBLJANA - BEŽIGRAD,2022-08-25 10:40,25.9,57,
_1828,LJUBLJANA - BEŽIGRAD,2022-08-25 10:50,26,57,
_1828,LJUBLJANA - BEŽIGRAD,2022-08-25 11:00,26.2,56,0
_1828,LJUBLJANA - BEŽIGRAD,2022-08-25 11:10,26.9,54,
_1828,LJUBLJANA - BEŽIGRAD,2022-08-25 11:20,27,54,
_1828,LJUBLJANA - BEŽIGRAD,2022-08-25 11:30,26.8,54,0
_1828,LJUBLJANA - BEŽIGRAD,2022-08-25 11:40,26.8,53,
_1828,LJUBLJANA - BEŽIGRAD,2022-08-25 11:50,27,52,
_1828,LJUBLJANA - BEŽIGRAD,2022-08-25 12:00,27.9,50,0
_1828,LJUBLJANA - BEŽIGRAD,2022-08-25 12:10,28,49,
_1828,LJUBLJANA - BEŽIGRAD,2022-08-25 12:20,27.9,47,
_1828,LJUBLJANA - BEŽIGRAD,2022-08-25 12:30,28.3,46,0
_1828,LJUBLJANA - BEŽIGRAD,2022-08-25 12:40,28.6,45,
_1828,LJUBLJANA - BEŽIGRAD,2022-08-25 12:50,28.9,45,
_1828,LJUBLJANA - BEŽIGRAD,2022-08-25 13:00,28.7,45,0
_1828,LJUBLJANA - BEŽIGRAD,2022-08-25 13:10,29,43,
_1828,LJUBLJANA - BEŽIGRAD,2022-08-25 13:20,28.3,45,
_1828,LJUBLJANA - BEŽIGRAD,2022-08-25 13:30,29,43,0
_1828,LJUBLJANA - BEŽIGRAD,2022-08-25 13:40,29.1,44,
_1828,LJUBLJANA - BEŽIGRAD,2022-08-25 13:50,28.7,44,
_1828,LJUBLJANA - BEŽIGRAD,2022-08-25 14:00,28.4,46,0
_1828,LJUBLJANA - BEŽIGRAD,2022-08-25 14:10,28.5,47,
_1828,LJUBLJANA - BEŽIGRAD,2022-08-25 14:20,28.8,46,
_1828,LJUBLJANA - BEŽIGRAD,2022-08-25 14:30,29,47,0
_1828,LJUBLJANA - BEŽIGRAD,2022-08-25 14:40,29,45,
_1828,LJUBLJANA - BEŽIGRAD,2022-08-25 14:50,29.1,45,
_1828,LJUBLJANA - BEŽIGRAD,2022-08-25 15:00,29.3,45,0
_1828,LJUBLJANA - BEŽIGRAD,2022-08-25 15:10,28.7,45,
_1828,LJUBLJANA - BEŽIGRAD,2022-08-25 15:20,28.6,45,
_1828,LJUBLJANA - BEŽIGRAD,2022-08-25 15:30,29.1,43,0
_1828,LJUBLJANA - BEŽIGRAD,2022-08-25 15:40,29,43,
_1828,LJUBLJANA - BEŽIGRAD,2022-08-25 15:50,29.3,43,
_1828,LJUBLJANA - BEŽIGRAD,2022-08-25 16:00,29.5,43,0
_1828,LJUBLJANA - BEŽIGRAD,2022-08-25 16:10,29.3,43,
_1828,LJUBLJANA - BEŽIGRAD,2022-08-25 16:20,28.5,44,
_1828,LJUBLJANA - BEŽIGRAD,2022-08-25 16:30,28.1,47,0
_1828,LJUBLJANA - BEŽIGRAD,2022-08-25 16:40,28.2,48,
_1828,LJUBLJANA - BEŽIGRAD,2022-08-25 16:50,28.5,46,
_1828,LJUBLJANA - BEŽIGRAD,2022-08-25 17:00,28.3,46,0
_1828,LJUBLJANA - BEŽIGRAD,2022-08-25 17:10,28.2,47,
_1828,LJUBLJANA - BEŽIGRAD,2022-08-25 17:20,28.1,50,
_1828,LJUBLJANA - BEŽIGRAD,2022-08-25 17:30,27.9,51,0
_1828,LJUBLJANA - BEŽIGRAD,2022-08-25 17:40,27.6,51,
_1828,LJUBLJANA - BEŽIGRAD,2022-08-25 17:50,27.4,52,
_1828,LJUBLJANA - BEŽIGRAD,2022-08-25 18:00,27,53,0
_1828,LJUBLJANA - BEŽIGRAD,2022-08-25 18:10,26.6,54,
_1828,LJUBLJANA - BEŽIGRAD,2022-08-25 18:20,26.4,55,
_1828,LJUBLJANA - BEŽIGRAD,2022-08-25 18:30,26.2,56,0
_1828,LJUBLJANA - BEŽIGRAD,2022-08-25 18:40,26,57,
_1828,LJUBLJANA - BEŽIGRAD,2022-08-25 18:50,25.8,57,
_1828,LJUBLJANA - BEŽIGRAD,2022-08-25 19:00,25.6,58,0
_1828,LJUBLJANA - BEŽIGRAD,2022-08-25 19:10,25.4,59,
_1828,LJUBLJANA - BEŽIGRAD,2022-08-25 19:20,25.3,60,
_1828,LJUBLJANA - BEŽIGRAD,2022-08-25 19:30,25.1,60,0
_1828,LJUBLJANA - BEŽIGRAD,2022-08-25 19:40,24.8,61,
_1828,LJUBLJANA - BEŽIGRAD,2022-08-25 19:50,24.5,62,
_1828,LJUBLJANA - BEŽIGRAD,2022-08-25 20:00,24.3,62,0
_1828,LJUBLJANA - BEŽIGRAD,2022-08-25 20:10,24.3,63,
_1828,LJUBLJANA - BEŽIGRAD,2022-08-25 20:20,24.1,64,
_1828,LJUBLJANA - BEŽIGRAD,2022-08-25 20:30,24,64,0
_1828,LJUBLJANA - BEŽIGRAD,2022-08-25 20:40,23.7,67,
_1828,LJUBLJANA - BEŽIGRAD,2022-08-25 20:50,23.3,68,
_1828,LJUBLJANA - BEŽIGRAD,2022-08-25 21:00,23,70,0
_1828,LJUBLJANA - BEŽIGRAD,2022-08-25 21:10,22.7,71,
_1828,LJUBLJANA - BEŽIGRAD,2022-08-25 21:20,22.5,72,
_1828,LJUBLJANA - BEŽIGRAD,2022-08-25 21:30,22.3,73,0
_1828,LJUBLJANA - BEŽIGRAD,2022-08-25 21:40,22.1,74,
_1828,LJUBLJANA - BEŽIGRAD,2022-08-25 21:50,21.9,75,
_1828,LJUBLJANA - BEŽIGRAD,2022-08-25 22:00,21.7,75,0
_1828,LJUBLJANA - BEŽIGRAD,2022-08-25 22:10,21.6,76,
_1828,LJUBLJANA - BEŽIGRAD,2022-08-25 22:20,21.4,77,
_1828,LJUBLJANA - BEŽIGRAD,2022-08-25 22:30,21.2,78,0
_1828,LJUBLJANA - BEŽIGRAD,2022-08-25 22:40,21.1,79,
_1828,LJUBLJANA - BEŽIGRAD,2022-08-25 22:50,21,79,
_1828,LJUBLJANA - BEŽIGRAD,2022-08-25 23:00,20.9,80,0
_1828,LJUBLJANA - BEŽIGRAD,2022-08-25 23:10,20.8,81,
_1828,LJUBLJANA - BEŽIGRAD,2022-08-25 23:20,20.7,81,
_1828,LJUBLJANA - BEŽIGRAD,2022-08-25 23:30,20.6,82,0
_1828,LJUBLJANA - BEŽIGRAD,2022-08-25 23:40,20.5,82,
_1828,LJUBLJANA - BEŽIGRAD,2022-08-25 23:50,20.4,83,
_1828,LJUBLJANA - BEŽIGRAD,2022-08-26 00:00,20.3,83,0
_1828,LJUBLJANA - BEŽIGRAD,2022-08-26 00:10,20.2,84,
_1828,LJUBLJANA - BEŽIGRAD,2022-08-26 00:20,20.1,84,
_1828,LJUBLJANA - BEŽIGRAD,2022-08-26 00:30,20,85,0
_1828,LJUBLJANA - BEŽIGRAD,2022-08-26 00:40,20,85,
_1828,LJUBLJANA - BEŽIGRAD,2022-08-26 00:50,19.9,85,
_1828,LJUBLJANA - BEŽIGRAD,2022-08-26 01:00,19.8,85,0
_1828,LJUBLJANA - BEŽIGRAD,2022-08-26 01:10,19.7,86,
_1828,LJUBLJANA - BEŽIGRAD,2022-08-26 01:20,19.5,87,
_1828,LJUBLJANA - BEŽIGRAD,2022-08-26 01:30,19.4,87,0
_1828,LJUBLJANA - BEŽIGRAD,2022-08-26 01:40,19.3,88,
_1828,LJUBLJANA - BEŽIGRAD,2022-08-26 01:50,19.2,88,
_1828,LJUBLJANA - BEŽIGRAD,2022-08-26 02:00,19.2,88,0
_1828,LJUBLJANA - BEŽIGRAD,2022-08-26 02:10,19.3,88,
_1828,LJUBLJANA - BEŽIGRAD,2022-08-26 02:20,19.3,88,
_1828,LJUBLJANA - BEŽIGRAD,2022-08-26 02:30,19.4,87,0
_1828,LJUBLJANA - BEŽIGRAD,2022-08-26 02:40,19.4,87,
_1828,LJUBLJANA - BEŽIGRAD,2022-08-26 02:50,19.4,87,
_1828,LJUBLJANA - BEŽIGRAD,2022-08-26 03:00,19.4,86,0
_1828,LJUBLJANA - BEŽIGRAD,2022-08-26 03:10,19.4,86,
_1828,LJUBLJANA - BEŽIGRAD,2022-08-26 03:20,19.3,87,
_1828,LJUBLJANA - BEŽIGRAD,2022-08-26 03:30,19.1,88,0
_1828,LJUBLJANA - BEŽIGRAD,2022-08-26 03:40,19.1,88,
_1828,LJUBLJANA - BEŽIGRAD,2022-08-26 03:50,19.1,88,
_1828,LJUBLJANA - BEŽIGRAD,2022-08-26 04:00,19,88,0
_1828,LJUBLJANA - BEŽIGRAD,2022-08-26 04:10,18.9,89,
_1828,LJUBLJANA - BEŽIGRAD,2022-08-26 04:20,18.8,89,
_1828,LJUBLJANA - BEŽIGRAD,2022-08-26 04:30,18.8,89,0
_1828,LJUBLJANA - BEŽIGRAD,2022-08-26 04:40,18.8,89,
_1828,LJUBLJANA - BEŽIGRAD,2022-08-26 04:50,18.8,89,
_1828,LJUBLJANA - BEŽIGRAD,2022-08-26 05:00,18.7,89,0
_1828,LJUBLJANA - BEŽIGRAD,2022-08-26 05:10,18.7,89,
_1828,LJUBLJANA - BEŽIGRAD,2022-08-26 05:20,18.8,89,
_1828,LJUBLJANA - BEŽIGRAD,2022-08-26 05:30,18.8,89,0
_1828,LJUBLJANA - BEŽIGRAD,2022-08-26 05:40,18.9,88,
_1828,LJUBLJANA - BEŽIGRAD,2022-08-26 05:50,19,88,
_1828,LJUBLJANA - BEŽIGRAD,2022-08-26 06:00,19.1,88,0
_1828,LJUBLJANA - BEŽIGRAD,2022-08-26 06:10,19.2,87,
_1828,LJUBLJANA - BEŽIGRAD,2022-08-26 06:20,19.3,85,
_1828,LJUBLJANA - BEŽIGRAD,2022-08-26 06:30,19.4,85,0
_1828,LJUBLJANA - BEŽIGRAD,2022-08-26 06:40,19.5,84,
_1828,LJUBLJANA - BEŽIGRAD,2022-08-26 06:50,19.7,83,
_1828,LJUBLJANA - BEŽIGRAD,2022-08-26 07:00,19.9,83,0
_1828,LJUBLJANA - BEŽIGRAD,2022-08-26 07:10,20,82,
_1828,LJUBLJANA - BEŽIGRAD,2022-08-26 07:20,20.2,81,
_1828,LJUBLJANA - BEŽIGRAD,2022-08-26 07:30,20.4,80,0
_1828,LJUBLJANA - BEŽIGRAD,2022-08-26 07:40,20.7,79,
_1828,LJUBLJANA - BEŽIGRAD,2022-08-26 07:50,21,76,
_1828,LJUBLJANA - BEŽIGRAD,2022-08-26 08:00,21.1,75,0
_1828,LJUBLJANA - BEŽIGRAD,2022-08-26 08:10,21.4,74,
_1828,LJUBLJANA - BEŽIGRAD,2022-08-26 08:20,21.7,73,
_1828,LJUBLJANA - BEŽIGRAD,2022-08-26 08:30,22.1,71,0
_1828,LJUBLJANA - BEŽIGRAD,2022-08-26 08:40,22.6,69,
_1828,LJUBLJANA - BEŽIGRAD,2022-08-26 08:50,22.9,68,
_1828,LJUBLJANA - BEŽIGRAD,2022-08-26 09:00,23.3,67,0
_1828,LJUBLJANA - BEŽIGRAD,2022-08-26 09:10,23.8,65,
_1828,LJUBLJANA - BEŽIGRAD,2022-08-26 09:20,24.4,63,
_1828,LJUBLJANA - BEŽIGRAD,2022-08-26 09:30,24.7,62,0
_1828,LJUBLJANA - BEŽIGRAD,2022-08-26 09:40,24.9,61,
_1828,LJUBLJANA - BEŽIGRAD,2022-08-26 09:50,25,61,
_1828,LJUBLJANA - BEŽIGRAD,2022-08-26 10:00,25.4,60,0
_1828,LJUBLJANA - BEŽIGRAD,2022-08-26 10:10,25.8,58,
_1828,LJUBLJANA - BEŽIGRAD,2022-08-26 10:20,25.9,58,
_1828,LJUBLJANA - BEŽIGRAD,2022-08-26 10:30,26.6,56,0
_1828,LJUBLJANA - BEŽIGRAD,2022-08-26 10:40,27.1,55,
_1828,LJUBLJANA - BEŽIGRAD,2022-08-26 10:50,27.1,55,
_1828,LJUBLJANA - BEŽIGRAD,2022-08-26 11:00,27.8,53,0
_1828,LJUBLJANA - BEŽIGRAD,2022-08-26 11:10,27.8,53,
_1828,LJUBLJANA - BEŽIGRAD,2022-08-26 11:20,28.3,52,
_1828,LJUBLJANA - BEŽIGRAD,2022-08-26 11:30,28.2,52,0
_1828,LJUBLJANA - BEŽIGRAD,2022-08-26 11:40,28.1,52,
_1828,LJUBLJANA - BEŽIGRAD,2022-08-26 11:50,27.8,52,
_1828,LJUBLJANA - BEŽIGRAD,2022-08-26 12:00,28.2,52,0
_1828,LJUBLJANA - BEŽIGRAD,2022-08-26 12:10,28.1,52,
_1828,LJUBLJANA - BEŽIGRAD,2022-08-26 12:20,28.5,51,
_1828,LJUBLJANA - BEŽIGRAD,2022-08-26 12:30,29.1,50,0
_1828,LJUBLJANA - BEŽIGRAD,2022-08-26 12:40,29.3,49,
_1828,LJUBLJANA - BEŽIGRAD,2022-08-26 12:50,28.8,48,
_1828,LJUBLJANA - BEŽIGRAD,2022-08-26 13:00,29.4,48,0
_1828,LJUBLJANA - BEŽIGRAD,2022-08-26 13:10,30.1,46,
_1828,LJUBLJANA - BEŽIGRAD,2022-08-26 13:20,30.1,45,
_1828,LJUBLJANA - BEŽIGRAD,2022-08-26 13:30,30.7,43,0
_1828,LJUBLJANA - BEŽIGRAD,2022-08-26 13:40,30.4,43,
_1828,LJUBLJANA - BEŽIGRAD,2022-08-26 13:50,29.7,45,
_1828,LJUBLJANA - BEŽIGRAD,2022-08-26 14:00,29.5,45,0
_1828,LJUBLJANA - BEŽIGRAD,2022-08-26 14:10,29.4,46,
_1828,LJUBLJANA - BEŽIGRAD,2022-08-26 14:20,29.8,44,
_1828,LJUBLJANA - BEŽIGRAD,2022-08-26 14:30,29.6,44,0
_1828,LJUBLJANA - BEŽIGRAD,2022-08-26 14:40,30,43,
_1828,LJUBLJANA - BEŽIGRAD,2022-08-26 14:50,30.7,41,
_1828,LJUBLJANA - BEŽIGRAD,2022-08-26 15:00,31.3,40,0
_1828,LJUBLJANA - BEŽIGRAD,2022-08-26 15:10,31.2,40,
_1828,LJUBLJANA - BEŽIGRAD,2022-08-26 15:20,31.2,40,
_1828,LJUBLJANA - BEŽIGRAD,2022-08-26 15:30,31.1,39,0
_1828,LJUBLJANA - BEŽIGRAD,2022-08-26 15:40,31.1,38,
_1828,LJUBLJANA - BEŽIGRAD,2022-08-26 15:50,31.2,39,
_1828,LJUBLJANA - BEŽIGRAD,2022-08-26 16:00,31,40,0
_1828,LJUBLJANA - BEŽIGRAD,2022-08-26 16:10,30.3,41,
_1828,LJUBLJANA - BEŽIGRAD,2022-08-26 16:20,30.5,40,
_1828,LJUBLJANA - BEŽIGRAD,2022-08-26 16:30,30.2,41,0
_1828,LJUBLJANA - BEŽIGRAD,2022-08-26 16:40,30,43,
_1828,LJUBLJANA - BEŽIGRAD,2022-08-26 16:50,30.2,43,
_1828,LJUBLJANA - BEŽIGRAD,2022-08-26 17:00,30.2,42,0
_1828,LJUBLJANA - BEŽIGRAD,2022-08-26 17:10,30.3,43,
_1828,LJUBLJANA - BEŽIGRAD,2022-08-26 17:20,30.1,43,
_1828,LJUBLJANA - BEŽIGRAD,2022-08-26 17:30,29.8,44,0
_1828,LJUBLJANA - BEŽIGRAD,2022-08-26 17:40,29.6,45,
_1828,LJUBLJANA - BEŽIGRAD,2022-08-26 17:50,29.4,46,
_1828,LJUBLJANA - BEŽIGRAD,2022-08-26 18:00,29.1,47,0
_1828,LJUBLJANA - BEŽIGRAD,2022-08-26 18:10,28.9,47,
_1828,LJUBLJANA - BEŽIGRAD,2022-08-26 18:20,28.6,48,
_1828,LJUBLJANA - BEŽIGRAD,2022-08-26 18:30,28.4,49,0
_1828,LJUBLJANA - BEŽIGRAD,2022-08-26 18:40,28,51,
_1828,LJUBLJANA - BEŽIGRAD,2022-08-26 18:50,27.6,52,
_1828,LJUBLJANA - BEŽIGRAD,2022-08-26 19:00,27.2,53,0
_1828,LJUBLJANA - BEŽIGRAD,2022-08-26 19:10,26.9,54,
_1828,LJUBLJANA - BEŽIGRAD,2022-08-26 19:20,26.6,55,
_1828,LJUBLJANA - BEŽIGRAD,2022-08-26 19:30,26.1,56,0
_1828,LJUBLJANA - BEŽIGRAD,2022-08-26 19:40,25.7,57,
_1828,LJUBLJANA - BEŽIGRAD,2022-08-26 19:50,25.3,59,
_1828,LJUBLJANA - BEŽIGRAD,2022-08-26 20:00,24.9,61,0
_1828,LJUBLJANA - BEŽIGRAD,2022-08-26 20:10,24.6,62,
_1828,LJUBLJANA - BEŽIGRAD,2022-08-26 20:20,24.5,63,
_1828,LJUBLJANA - BEŽIGRAD,2022-08-26 20:30,24.3,63,0
_1828,LJUBLJANA - BEŽIGRAD,2022-08-26 20:40,24.4,63,
_1828,LJUBLJANA - BEŽIGRAD,2022-08-26 20:50,24.2,65,
_1828,LJUBLJANA - BEŽIGRAD,2022-08-26 21:00,24.1,66,0
_1828,LJUBLJANA - BEŽIGRAD,2022-08-26 21:10,23.8,67,
_1828,LJUBLJANA - BEŽIGRAD,2022-08-26 21:20,23.7,67,
_1828,LJUBLJANA - BEŽIGRAD,2022-08-26 21:30,23.5,68,0
_1828,LJUBLJANA - BEŽIGRAD,2022-08-26 21:40,23.5,67,
_1828,LJUBLJANA - BEŽIGRAD,2022-08-26 21:50,23.3,68,
_1828,LJUBLJANA - BEŽIGRAD,2022-08-26 22:00,23.1,69,0
_1828,LJUBLJANA - BEŽIGRAD,2022-08-26 22:10,22.9,70,
_1828,LJUBLJANA - BEŽIGRAD,2022-08-26 22:20,22.5,71,
_1828,LJUBLJANA - BEŽIGRAD,2022-08-26 22:30,22.3,73,0
_1828,LJUBLJANA - BEŽIGRAD,2022-08-26 22:40,22,73,
_1828,LJUBLJANA - BEŽIGRAD,2022-08-26 22:50,21.9,74,
_1828,LJUBLJANA - BEŽIGRAD,2022-08-26 23:00,22,73,0
_1828,LJUBLJANA - BEŽIGRAD,2022-08-26 23:10,22,73,
_1828,LJUBLJANA - BEŽIGRAD,2022-08-26 23:20,21.7,74,
_1828,LJUBLJANA - BEŽIGRAD,2022-08-26 23:30,21.5,75,0
_1828,LJUBLJANA - BEŽIGRAD,2022-08-26 23:40,21.4,76,
_1828,LJUBLJANA - BEŽIGRAD,2022-08-26 23:50,21.5,75,
_1828,LJUBLJANA - BEŽIGRAD,2022-08-27 00:00,21.3,76,0
_1828,LJUBLJANA - BEŽIGRAD,2022-08-27 00:10,21.2,77,
_1828,LJUBLJANA - BEŽIGRAD,2022-08-27 00:20,21,78,
_1828,LJUBLJANA - BEŽIGRAD,2022-08-27 00:30,20.7,79,0
_1828,LJUBLJANA - BEŽIGRAD,2022-08-27 00:40,20.6,79,
_1828,LJUBLJANA - BEŽIGRAD,2022-08-27 00:50,20.5,80,
_1828,LJUBLJANA - BEŽIGRAD,2022-08-27 01:00,20.4,80,0
_1828,LJUBLJANA - BEŽIGRAD,2022-08-27 01:10,20.4,80,
_1828,LJUBLJANA - BEŽIGRAD,2022-08-27 01:20,20.4,81,
_1828,LJUBLJANA - BEŽIGRAD,2022-08-27 01:30,20.3,81,0
_1828,LJUBLJANA - BEŽIGRAD,2022-08-27 01:40,20.2,81,
_1828,LJUBLJANA - BEŽIGRAD,2022-08-27 01:50,20.1,81,
_1828,LJUBLJANA - BEŽIGRAD,2022-08-27 02:00,20,82,0
_1828,LJUBLJANA - BEŽIGRAD,2022-08-27 02:10,19.9,82,
_1828,LJUBLJANA - BEŽIGRAD,2022-08-27 02:20,19.7,83,
_1828,LJUBLJANA - BEŽIGRAD,2022-08-27 02:30,19.4,84,0
_1828,LJUBLJANA - BEŽIGRAD,2022-08-27 02:40,19.2,85,
_1828,LJUBLJANA - BEŽIGRAD,2022-08-27 02:50,19,86,
_1828,LJUBLJANA - BEŽIGRAD,2022-08-27 03:00,19,86,0
_1828,LJUBLJANA - BEŽIGRAD,2022-08-27 03:10,19,87,
_1828,LJUBLJANA - BEŽIGRAD,2022-08-27 03:20,19,87,
_1828,LJUBLJANA - BEŽIGRAD,2022-08-27 03:30,19.1,87,0
_1828,LJUBLJANA - BEŽIGRAD,2022-08-27 03:40,18.9,88,
_1828,LJUBLJANA - BEŽIGRAD,2022-08-27 03:50,18.9,88,
_1828,LJUBLJANA - BEŽIGRAD,2022-08-27 04:00,18.7,89,0
_1828,LJUBLJANA - BEŽIGRAD,2022-08-27 04:10,18.5,89,
_1828,LJUBLJANA - BEŽIGRAD,2022-08-27 04:20,18.3,90,
_1828,LJUBLJANA - BEŽIGRAD,2022-08-27 04:30,18.2,90,0
_1828,LJUBLJANA - BEŽIGRAD,2022-08-27 04:40,18.1,91,
_1828,LJUBLJANA - BEŽIGRAD,2022-08-27 04:50,18,90,
_1828,LJUBLJANA - BEŽIGRAD,2022-08-27 05:00,18.1,90,0
_1828,LJUBLJANA - BEŽIGRAD,2022-08-27 05:10,18.2,89,
_1828,LJUBLJANA - BEŽIGRAD,2022-08-27 05:20,18.2,89,
_1828,LJUBLJANA - BEŽIGRAD,2022-08-27 05:30,18.1,90,0
_1828,LJUBLJANA - BEŽIGRAD,2022-08-27 05:40,18.2,89,
_1828,LJUBLJANA - BEŽIGRAD,2022-08-27 05:50,18.4,88,
_1828,LJUBLJANA - BEŽIGRAD,2022-08-27 06:00,18.6,87,0
_1828,LJUBLJANA - BEŽIGRAD,2022-08-27 06:10,18.8,85,
_1828,LJUBLJANA - BEŽIGRAD,2022-08-27 06:20,18.9,85,
_1828,LJUBLJANA - BEŽIGRAD,2022-08-27 06:30,18.9,85,0
_1828,LJUBLJANA - BEŽIGRAD,2022-08-27 06:40,18.9,85,
_1828,LJUBLJANA - BEŽIGRAD,2022-08-27 06:50,19,84,
_1828,LJUBLJANA - BEŽIGRAD,2022-08-27 07:00,19.1,84,0
_1828,LJUBLJANA - BEŽIGRAD,2022-08-27 07:10,19.3,83,
_1828,LJUBLJANA - BEŽIGRAD,2022-08-27 07:20,19.5,82,
_1828,LJUBLJANA - BEŽIGRAD,2022-08-27 07:30,19.7,81,0
_1828,LJUBLJANA - BEŽIGRAD,2022-08-27 07:40,19.9,80,
_1828,LJUBLJANA - BEŽIGRAD,2022-08-27 07:50,20.3,79,
_1828,LJUBLJANA - BEŽIGRAD,2022-08-27 08:00,20.7,77,0
_1828,LJUBLJANA - BEŽIGRAD,2022-08-27 08:10,21,75,
_1828,LJUBLJANA - BEŽIGRAD,2022-08-27 08:20,21.2,74,
_1828,LJUBLJANA - BEŽIGRAD,2022-08-27 08:30,21.6,73,0
_1828,LJUBLJANA - BEŽIGRAD,2022-08-27 08:40,22.2,71,
_1828,LJUBLJANA - BEŽIGRAD,2022-08-27 08:50,22.8,69,
_1828,LJUBLJANA - BEŽIGRAD,2022-08-27 09:00,23.4,67,0
_1828,LJUBLJANA - BEŽIGRAD,2022-08-27 09:10,24.1,64,
_1828,LJUBLJANA - BEŽIGRAD,2022-08-27 09:20,24.6,62,
_1828,LJUBLJANA - BEŽIGRAD,2022-08-27 09:30,24.8,62,0
_1828,LJUBLJANA - BEŽIGRAD,2022-08-27 09:40,25.2,60,
_1828,LJUBLJANA - BEŽIGRAD,2022-08-27 09:50,25.9,58,
_1828,LJUBLJANA - BEŽIGRAD,2022-08-27 10:00,26.4,57,0
_1828,LJUBLJANA - BEŽIGRAD,2022-08-27 10:10,26.9,55,
_1828,LJUBLJANA - BEŽIGRAD,2022-08-27 10:20,27.7,53,
_1828,LJUBLJANA - BEŽIGRAD,2022-08-27 10:30,28,52,0
_1828,LJUBLJANA - BEŽIGRAD,2022-08-27 10:40,28.7,50,
_1828,LJUBLJANA - BEŽIGRAD,2022-08-27 10:50,28.7,50,
_1828,LJUBLJANA - BEŽIGRAD,2022-08-27 11:00,28.8,49,0
_1828,LJUBLJANA - BEŽIGRAD,2022-08-27 11:10,28.5,50,
_1828,LJUBLJANA - BEŽIGRAD,2022-08-27 11:20,28.5,50,
_1828,LJUBLJANA - BEŽIGRAD,2022-08-27 11:30,28.4,51,0
_1828,LJUBLJANA - BEŽIGRAD,2022-08-27 11:40,28.4,51,
_1828,LJUBLJANA - BEŽIGRAD,2022-08-27 11:50,28.3,52,
_1828,LJUBLJANA - BEŽIGRAD,2022-08-27 12:00,28.2,52,0
_1828,LJUBLJANA - BEŽIGRAD,2022-08-27 12:10,28,52,
_1828,LJUBLJANA - BEŽIGRAD,2022-08-27 12:20,27.8,53,
_1828,LJUBLJANA - BEŽIGRAD,2022-08-27 12:30,27,59,0
_1828,LJUBLJANA - BEŽIGRAD,2022-08-27 12:40,26.7,63,
_1828,LJUBLJANA - BEŽIGRAD,2022-08-27 12:50,26.1,63,
_1828,LJUBLJANA - BEŽIGRAD,2022-08-27 13:00,25.1,68,0
_1828,LJUBLJANA - BEŽIGRAD,2022-08-27 13:10,24.7,69,
_1828,LJUBLJANA - BEŽIGRAD,2022-08-27 13:20,24.4,70,
_1828,LJUBLJANA - BEŽIGRAD,2022-08-27 13:30,24.6,69,0
_1828,LJUBLJANA - BEŽIGRAD,2022-08-27 13:40,24.7,68,
_1828,LJUBLJANA - BEŽIGRAD,2022-08-27 13:50,24.9,64,
_1828,LJUBLJANA - BEŽIGRAD,2022-08-27 14:00,25.7,58,0
_1828,LJUBLJANA - BEŽIGRAD,2022-08-27 14:10,26.4,55,
_1828,LJUBLJANA - BEŽIGRAD,2022-08-27 14:20,27.4,53,
_1828,LJUBLJANA - BEŽIGRAD,2022-08-27 14:30,28,49,0
_1828,LJUBLJANA - BEŽIGRAD,2022-08-27 14:40,27.9,47,
_1828,LJUBLJANA - BEŽIGRAD,2022-08-27 14:50,28.4,46,
_1828,LJUBLJANA - BEŽIGRAD,2022-08-27 15:00,28.2,46,0
_1828,LJUBLJANA - BEŽIGRAD,2022-08-27 15:10,28,47,
_1828,LJUBLJANA - BEŽIGRAD,2022-08-27 15:20,27.8,47,
_1828,LJUBLJANA - BEŽIGRAD,2022-08-27 15:30,26.8,53,0
_1828,LJUBLJANA - BEŽIGRAD,2022-08-27 15:40,25.6,63,
_1828,LJUBLJANA - BEŽIGRAD,2022-08-27 15:50,25.1,69,
_1828,LJUBLJANA - BEŽIGRAD,2022-08-27 16:00,24.6,73,0
_1828,LJUBLJANA - BEŽIGRAD,2022-08-27 16:10,24.4,74,
_1828,LJUBLJANA - BEŽIGRAD,2022-08-27 16:20,24.2,74,
_1828,LJUBLJANA - BEŽIGRAD,2022-08-27 16:30,24.3,74,0
_1828,LJUBLJANA - BEŽIGRAD,2022-08-27 16:40,24.5,71,
_1828,LJUBLJANA - BEŽIGRAD,2022-08-27 16:50,24.6,59,
_1828,LJUBLJANA - BEŽIGRAD,2022-08-27 17:00,24.4,60,0
_1828,LJUBLJANA - BEŽIGRAD,2022-08-27 17:10,24.3,61,
_1828,LJUBLJANA - BEŽIGRAD,2022-08-27 17:20,24.3,62,
_1828,LJUBLJANA - BEŽIGRAD,2022-08-27 17:30,24.2,62,0
_1828,LJUBLJANA - BEŽIGRAD,2022-08-27 17:40,24.1,64,
_1828,LJUBLJANA - BEŽIGRAD,2022-08-27 17:50,23.7,66,
_1828,LJUBLJANA - BEŽIGRAD,2022-08-27 18:00,23.6,67,0
_1828,LJUBLJANA - BEŽIGRAD,2022-08-27 18:10,23.4,69,
_1828,LJUBLJANA - BEŽIGRAD,2022-08-27 18:20,23.2,69,
_1828,LJUBLJANA - BEŽIGRAD,2022-08-27 18:30,23,70,0
_1828,LJUBLJANA - BEŽIGRAD,2022-08-27 18:40,22.8,71,
_1828,LJUBLJANA - BEŽIGRAD,2022-08-27 18:50,22.7,70,
_1828,LJUBLJANA - BEŽIGRAD,2022-08-27 19:00,22.6,71,0
_1828,LJUBLJANA - BEŽIGRAD,2022-08-27 19:10,22.4,71,
_1828,LJUBLJANA - BEŽIGRAD,2022-08-27 19:20,22.2,72,
_1828,LJUBLJANA - BEŽIGRAD,2022-08-27 19:30,22,73,0
_1828,LJUBLJANA - BEŽIGRAD,2022-08-27 19:40,22,74,
_1828,LJUBLJANA - BEŽIGRAD,2022-08-27 19:50,21.9,75,
_1828,LJUBLJANA - BEŽIGRAD,2022-08-27 20:00,21.7,76,0
_1828,LJUBLJANA - BEŽIGRAD,2022-08-27 20:10,21.6,75,
_1828,LJUBLJANA - BEŽIGRAD,2022-08-27 20:20,21.6,74,
_1828,LJUBLJANA - BEŽIGRAD,2022-08-27 20:30,21.4,74,0
_1828,LJUBLJANA - BEŽIGRAD,2022-08-27 20:40,21.4,73,
_1828,LJUBLJANA - BEŽIGRAD,2022-08-27 20:50,21.4,71,
_1828,LJUBLJANA - BEŽIGRAD,2022-08-27 21:00,21.4,70,0
_1828,LJUBLJANA - BEŽIGRAD,2022-08-27 21:10,21.5,70,
_1828,LJUBLJANA - BEŽIGRAD,2022-08-27 21:20,21.5,69,
_1828,LJUBLJANA - BEŽIGRAD,2022-08-27 21:30,21.5,67,0
_1828,LJUBLJANA - BEŽIGRAD,2022-08-27 21:40,21.4,66,
_1828,LJUBLJANA - BEŽIGRAD,2022-08-27 21:50,21.3,66,
_1828,LJUBLJANA - BEŽIGRAD,2022-08-27 22:00,21.2,67,0
_1828,LJUBLJANA - BEŽIGRAD,2022-08-27 22:10,21.1,69,
_1828,LJUBLJANA - BEŽIGRAD,2022-08-27 22:20,20.9,71,
_1828,LJUBLJANA - BEŽIGRAD,2022-08-27 22:30,20.9,73,0
_1828,LJUBLJANA - BEŽIGRAD,2022-08-27 22:40,20.7,75,
_1828,LJUBLJANA - BEŽIGRAD,2022-08-27 22:50,20.5,77,
_1828,LJUBLJANA - BEŽIGRAD,2022-08-27 23:00,20.3,78,0
_1828,LJUBLJANA - BEŽIGRAD,2022-08-27 23:10,20.2,79,
_1828,LJUBLJANA - BEŽIGRAD,2022-08-27 23:20,19.9,81,
_1828,LJUBLJANA - BEŽIGRAD,2022-08-27 23:30,19.7,83,0
_1828,LJUBLJANA - BEŽIGRAD,2022-08-27 23:40,19.6,84,
_1828,LJUBLJANA - BEŽIGRAD,2022-08-27 23:50,19.5,85,
_1828,LJUBLJANA - BEŽIGRAD,2022-08-28 00:00,19.3,85,0
_1828,LJUBLJANA - BEŽIGRAD,2022-08-28 00:10,19.2,84,
_1828,LJUBLJANA - BEŽIGRAD,2022-08-28 00:20,19.1,85,
_1828,LJUBLJANA - BEŽIGRAD,2022-08-28 00:30,18.9,87,0
_1828,LJUBLJANA - BEŽIGRAD,2022-08-28 00:40,18.7,88,
_1828,LJUBLJANA - BEŽIGRAD,2022-08-28 00:50,18.5,88,
_1828,LJUBLJANA - BEŽIGRAD,2022-08-28 01:00,18.5,88,0
_1828,LJUBLJANA - BEŽIGRAD,2022-08-28 01:10,18.3,89,
_1828,LJUBLJANA - BEŽIGRAD,2022-08-28 01:20,18.2,89,
_1828,LJUBLJANA - BEŽIGRAD,2022-08-28 01:30,18.2,87,0
_1828,LJUBLJANA - BEŽIGRAD,2022-08-28 01:40,18.3,83,
_1828,LJUBLJANA - BEŽIGRAD,2022-08-28 01:50,18.2,84,
_1828,LJUBLJANA - BEŽIGRAD,2022-08-28 02:00,18.1,84,0
_1828,LJUBLJANA - BEŽIGRAD,2022-08-28 02:10,18,84,
_1828,LJUBLJANA - BEŽIGRAD,2022-08-28 02:20,17.9,85,
_1828,LJUBLJANA - BEŽIGRAD,2022-08-28 02:30,17.8,86,0
_1828,LJUBLJANA - BEŽIGRAD,2022-08-28 02:40,17.8,86,
_1828,LJUBLJANA - BEŽIGRAD,2022-08-28 02:50,17.9,86,
_1828,LJUBLJANA - BEŽIGRAD,2022-08-28 03:00,17.9,86,0
_1828,LJUBLJANA - BEŽIGRAD,2022-08-28 03:10,17.9,86,
_1828,LJUBLJANA - BEŽIGRAD,2022-08-28 03:20,17.9,87,
_1828,LJUBLJANA - BEŽIGRAD,2022-08-28 03:30,17.8,88,0
_1828,LJUBLJANA - BEŽIGRAD,2022-08-28 03:40,17.8,88,
_1828,LJUBLJANA - BEŽIGRAD,2022-08-28 03:50,17.6,89,
_1828,LJUBLJANA - BEŽIGRAD,2022-08-28 04:00,17.6,89,0
_1828,LJUBLJANA - BEŽIGRAD,2022-08-28 04:10,17.6,90,
_1828,LJUBLJANA - BEŽIGRAD,2022-08-28 04:20,17.5,91,
_1828,LJUBLJANA - BEŽIGRAD,2022-08-28 04:30,17.5,92,0
_1828,LJUBLJANA - BEŽIGRAD,2022-08-28 04:40,17.4,92,
_1828,LJUBLJANA - BEŽIGRAD,2022-08-28 04:50,17.3,92,
_1828,LJUBLJANA - BEŽIGRAD,2022-08-28 05:00,17.2,92,0
_1828,LJUBLJANA - BEŽIGRAD,2022-08-28 05:10,17.1,93,
_1828,LJUBLJANA - BEŽIGRAD,2022-08-28 05:20,17.1,93,
_1828,LJUBLJANA - BEŽIGRAD,2022-08-28 05:30,17.2,93,0
_1828,LJUBLJANA - BEŽIGRAD,2022-08-28 05:40,17.3,93,
_1828,LJUBLJANA - BEŽIGRAD,2022-08-28 05:50,17.4,92,
_1828,LJUBLJANA - BEŽIGRAD,2022-08-28 06:00,17.5,92,0
_1828,LJUBLJANA - BEŽIGRAD,2022-08-28 06:10,17.7,91,
_1828,LJUBLJANA - BEŽIGRAD,2022-08-28 06:20,17.8,91,
_1828,LJUBLJANA - BEŽIGRAD,2022-08-28 06:30,17.8,90,0.1
_1828,LJUBLJANA - BEŽIGRAD,2022-08-28 06:40,17.8,89,
_1828,LJUBLJANA - BEŽIGRAD,2022-08-28 06:50,17.7,90,
_1828,LJUBLJANA - BEŽIGRAD,2022-08-28 07:00,17.8,90,0
_1828,LJUBLJANA - BEŽIGRAD,2022-08-28 07:10,18.1,89,
_1828,LJUBLJANA - BEŽIGRAD,2022-08-28 07:20,18.6,88,
_1828,LJUBLJANA - BEŽIGRAD,2022-08-28 07:30,18.9,87,0
_1828,LJUBLJANA - BEŽIGRAD,2022-08-28 07:40,19,87,
_1828,LJUBLJANA - BEŽIGRAD,2022-08-28 07:50,19.3,85,
_1828,LJUBLJANA - BEŽIGRAD,2022-08-28 08:00,19.4,85,0
_1828,LJUBLJANA - BEŽIGRAD,2022-08-28 08:10,19.4,86,
_1828,LJUBLJANA - BEŽIGRAD,2022-08-28 08:20,19.5,85,
_1828,LJUBLJANA - BEŽIGRAD,2022-08-28 08:30,19.6,87,0.3
_1828,LJUBLJANA - BEŽIGRAD,2022-08-28 08:40,19.8,87,
_1828,LJUBLJANA - BEŽIGRAD,2022-08-28 08:50,20.1,85,
_1828,LJUBLJANA - BEŽIGRAD,2022-08-28 09:00,20.6,81,0
_1828,LJUBLJANA - BEŽIGRAD,2022-08-28 09:10,21,79,
_1828,LJUBLJANA - BEŽIGRAD,2022-08-28 09:20,21.4,77,
_1828,LJUBLJANA - BEŽIGRAD,2022-08-28 09:30,21.4,76,0
_1828,LJUBLJANA - BEŽIGRAD,2022-08-28 09:40,21.7,75,
_1828,LJUBLJANA - BEŽIGRAD,2022-08-28 09:50,22.3,73,
_1828,LJUBLJANA - BEŽIGRAD,2022-08-28 10:00,22.7,69,0
_1828,LJUBLJANA - BEŽIGRAD,2022-08-28 10:10,23.4,67,
_1828,LJUBLJANA - BEŽIGRAD,2022-08-28 10:20,23.8,64,
_1828,LJUBLJANA - BEŽIGRAD,2022-08-28 10:30,24.1,64,0
_1828,LJUBLJANA - BEŽIGRAD,2022-08-28 10:40,24.4,61,
_1828,LJUBLJANA - BEŽIGRAD,2022-08-28 10:50,24.5,62,
_1828,LJUBLJANA - BEŽIGRAD,2022-08-28 11:00,24.8,61,0
_1828,LJUBLJANA - BEŽIGRAD,2022-08-28 11:10,25,59,
_1828,LJUBLJANA - BEŽIGRAD,2022-08-28 11:20,25.4,58,
_1828,LJUBLJANA - BEŽIGRAD,2022-08-28 11:30,26,56,0
_1828,LJUBLJANA - BEŽIGRAD,2022-08-28 11:40,26.4,55,
_1828,LJUBLJANA - BEŽIGRAD,2022-08-28 11:50,26.1,56,
_1828,LJUBLJANA - BEŽIGRAD,2022-08-28 12:00,26.7,54,0
_1828,LJUBLJANA - BEŽIGRAD,2022-08-28 12:10,25.8,55,
_1828,LJUBLJANA - BEŽIGRAD,2022-08-28 12:20,24.2,59,
_1828,LJUBLJANA - BEŽIGRAD,2022-08-28 12:30,23.3,67,0
_1828,LJUBLJANA - BEŽIGRAD,2022-08-28 12:40,21.7,76,
_1828,LJUBLJANA - BEŽIGRAD,2022-08-28 12:50,20.9,80,
_1828,LJUBLJANA - BEŽIGRAD,2022-08-28 13:00,20.6,83,3
_1828,LJUBLJANA - BEŽIGRAD,2022-08-28 13:10,20.7,84,
_1828,LJUBLJANA - BEŽIGRAD,2022-08-28 13:20,21,84,
_1828,LJUBLJANA - BEŽIGRAD,2022-08-28 13:30,21.9,82,0.7
_1828,LJUBLJANA - BEŽIGRAD,2022-08-28 13:40,22.2,78,
_1828,LJUBLJANA - BEŽIGRAD,2022-08-28 13:50,22.5,77,
_1828,LJUBLJANA - BEŽIGRAD,2022-08-28 14:00,22.8,75,0
_1828,LJUBLJANA - BEŽIGRAD,2022-08-28 14:10,23,73,
_1828,LJUBLJANA - BEŽIGRAD,2022-08-28 14:20,23.5,69,
_1828,LJUBLJANA - BEŽIGRAD,2022-08-28 14:30,23.8,65,0
_1828,LJUBLJANA - BEŽIGRAD,2022-08-28 14:40,24.4,60,
_1828,LJUBLJANA - BEŽIGRAD,2022-08-28 14:50,24.6,58,
_1828,LJUBLJANA - BEŽIGRAD,2022-08-28 15:00,24.8,58,0
_1828,LJUBLJANA - BEŽIGRAD,2022-08-28 15:10,25,58,
_1828,LJUBLJANA - BEŽIGRAD,2022-08-28 15:20,25.3,59,
_1828,LJUBLJANA - BEŽIGRAD,2022-08-28 15:30,25.2,64,0
_1828,LJUBLJANA - BEŽIGRAD,2022-08-28 15:40,25.4,64,
_1828,LJUBLJANA - BEŽIGRAD,2022-08-28 15:50,25.7,62,
_1828,LJUBLJANA - BEŽIGRAD,2022-08-28 16:00,26.1,59,0
_1828,LJUBLJANA - BEŽIGRAD,2022-08-28 16:10,26.3,57,
_1828,LJUBLJANA - BEŽIGRAD,2022-08-28 16:20,26.1,55,
_1828,LJUBLJANA - BEŽIGRAD,2022-08-28 16:30,26.5,54,0
_1828,LJUBLJANA - BEŽIGRAD,2022-08-28 16:40,26.5,52,
_1828,LJUBLJANA - BEŽIGRAD,2022-08-28 16:50,26.2,53,
_1828,LJUBLJANA - BEŽIGRAD,2022-08-28 17:00,26.1,55,0
_1828,LJUBLJANA - BEŽIGRAD,2022-08-28 17:10,25.8,56,
_1828,LJUBLJANA - BEŽIGRAD,2022-08-28 17:20,25.6,57,
_1828,LJUBLJANA - BEŽIGRAD,2022-08-28 17:30,25.3,60,0
_1828,LJUBLJANA - BEŽIGRAD,2022-08-28 17:40,24.6,67,
_1828,LJUBLJANA - BEŽIGRAD,2022-08-28 17:50,23.9,67,
_1828,LJUBLJANA - BEŽIGRAD,2022-08-28 18:00,23.2,67,0
_1828,LJUBLJANA - BEŽIGRAD,2022-08-28 18:10,22.7,69,
_1828,LJUBLJANA - BEŽIGRAD,2022-08-28 18:20,22.2,70,
_1828,LJUBLJANA - BEŽIGRAD,2022-08-28 18:30,21.9,72,0.1
_1828,LJUBLJANA - BEŽIGRAD,2022-08-28 18:40,21.7,74,
_1828,LJUBLJANA - BEŽIGRAD,2022-08-28 18:50,21.6,72,
_1828,LJUBLJANA - BEŽIGRAD,2022-08-28 19:00,21.6,72,0
_1828,LJUBLJANA - BEŽIGRAD,2022-08-28 19:10,21.5,74,
_1828,LJUBLJANA - BEŽIGRAD,2022-08-28 19:20,21.5,73,
_1828,LJUBLJANA - BEŽIGRAD,2022-08-28 19:30,21.4,75,0
_1828,LJUBLJANA - BEŽIGRAD,2022-08-28 19:40,21.2,77,
_1828,LJUBLJANA - BEŽIGRAD,2022-08-28 19:50,21.2,79,
_1828,LJUBLJANA - BEŽIGRAD,2022-08-28 20:00,21,80,0
_1828,LJUBLJANA - BEŽIGRAD,2022-08-28 20:10,20.8,81,
_1828,LJUBLJANA - BEŽIGRAD,2022-08-28 20:20,20.7,81,
_1828,LJUBLJANA - BEŽIGRAD,2022-08-28 20:30,20.6,80,0
_1828,LJUBLJANA - BEŽIGRAD,2022-08-28 20:40,20.5,82,
_1828,LJUBLJANA - BEŽIGRAD,2022-08-28 20:50,20.4,83,
_1828,LJUBLJANA - BEŽIGRAD,2022-08-28 21:00,20.4,83,0
_1828,LJUBLJANA - BEŽIGRAD,2022-08-28 21:10,20.4,84,
_1828,LJUBLJANA - BEŽIGRAD,2022-08-28 21:20,20.5,83,
_1828,LJUBLJANA - BEŽIGRAD,2022-08-28 21:30,20.5,84,0
_1828,LJUBLJANA - BEŽIGRAD,2022-08-28 21:40,20.4,85,
_1828,LJUBLJANA - BEŽIGRAD,2022-08-28 21:50,20.2,86,
_1828,LJUBLJANA - BEŽIGRAD,2022-08-28 22:00,20.2,87,0
_1828,LJUBLJANA - BEŽIGRAD,2022-08-28 22:10,20.2,87,
_1828,LJUBLJANA - BEŽIGRAD,2022-08-28 22:20,20.1,87,
_1828,LJUBLJANA - BEŽIGRAD,2022-08-28 22:30,20.1,87,0.1
_1828,LJUBLJANA - BEŽIGRAD,2022-08-28 22:40,20,88,
_1828,LJUBLJANA - BEŽIGRAD,2022-08-28 22:50,20,89,
_1828,LJUBLJANA - BEŽIGRAD,2022-08-28 23:00,20,89,0
_1828,LJUBLJANA - BEŽIGRAD,2022-08-28 23:10,20,89,
_1828,LJUBLJANA - BEŽIGRAD,2022-08-28 23:20,19.9,89,
_1828,LJUBLJANA - BEŽIGRAD,2022-08-28 23:30,19.9,91,0
_1828,LJUBLJANA - BEŽIGRAD,2022-08-28 23:40,19.8,91,
_1828,LJUBLJANA - BEŽIGRAD,2022-08-28 23:50,19.7,91,
_1828,LJUBLJANA - BEŽIGRAD,2022-08-29 00:00,19.7,91,0
_1828,LJUBLJANA - BEŽIGRAD,2022-08-29 00:10,19.6,91,
_1828,LJUBLJANA - BEŽIGRAD,2022-08-29 00:20,19.5,92,
_1828,LJUBLJANA - BEŽIGRAD,2022-08-29 00:30,19.4,92,0
_1828,LJUBLJANA - BEŽIGRAD,2022-08-29 00:40,19.5,92,
_1828,LJUBLJANA - BEŽIGRAD,2022-08-29 00:50,19.5,92,
_1828,LJUBLJANA - BEŽIGRAD,2022-08-29 01:00,19.4,92,0
_1828,LJUBLJANA - BEŽIGRAD,2022-08-29 01:10,19.5,93,
_1828,LJUBLJANA - BEŽIGRAD,2022-08-29 01:20,19.5,93,
_1828,LJUBLJANA - BEŽIGRAD,2022-08-29 01:30,19.4,93,0
_1828,LJUBLJANA - BEŽIGRAD,2022-08-29 01:40,19.4,93,
_1828,LJUBLJANA - BEŽIGRAD,2022-08-29 01:50,19.4,93,
_1828,LJUBLJANA - BEŽIGRAD,2022-08-29 02:00,19.3,93,0
_1828,LJUBLJANA - BEŽIGRAD,2022-08-29 02:10,19.2,93,
_1828,LJUBLJANA - BEŽIGRAD,2022-08-29 02:20,19.2,93,
_1828,LJUBLJANA - BEŽIGRAD,2022-08-29 02:30,19.2,93,0
_1828,LJUBLJANA - BEŽIGRAD,2022-08-29 02:40,19.1,93,
_1828,LJUBLJANA - BEŽIGRAD,2022-08-29 02:50,19,93,
_1828,LJUBLJANA - BEŽIGRAD,2022-08-29 03:00,19,94,0
_1828,LJUBLJANA - BEŽIGRAD,2022-08-29 03:10,18.9,94,
_1828,LJUBLJANA - BEŽIGRAD,2022-08-29 03:20,18.8,94,
_1828,LJUBLJANA - BEŽIGRAD,2022-08-29 03:30,18.8,94,0
_1828,LJUBLJANA - BEŽIGRAD,2022-08-29 03:40,18.8,94,
_1828,LJUBLJANA - BEŽIGRAD,2022-08-29 03:50,18.8,94,
_1828,LJUBLJANA - BEŽIGRAD,2022-08-29 04:00,18.8,94,0
_1828,LJUBLJANA - BEŽIGRAD,2022-08-29 04:10,18.8,94,
_1828,LJUBLJANA - BEŽIGRAD,2022-08-29 04:20,18.9,94,
_1828,LJUBLJANA - BEŽIGRAD,2022-08-29 04:30,19,93,0
_1828,LJUBLJANA - BEŽIGRAD,2022-08-29 04:40,19,93,
_1828,LJUBLJANA - BEŽIGRAD,2022-08-29 04:50,19,94,
_1828,LJUBLJANA - BEŽIGRAD,2022-08-29 05:00,19,95,2.1
_1828,LJUBLJANA - BEŽIGRAD,2022-08-29 05:10,19,95,
_1828,LJUBLJANA - BEŽIGRAD,2022-08-29 05:20,18.9,96,
_1828,LJUBLJANA - BEŽIGRAD,2022-08-29 05:30,18.9,96,0.3
_1828,LJUBLJANA - BEŽIGRAD,2022-08-29 05:40,18.8,96,
_1828,LJUBLJANA - BEŽIGRAD,2022-08-29 05:50,18.8,96,
_1828,LJUBLJANA - BEŽIGRAD,2022-08-29 06:00,18.9,96,0
_1828,LJUBLJANA - BEŽIGRAD,2022-08-29 06:10,18.9,96,
_1828,LJUBLJANA - BEŽIGRAD,2022-08-29 06:20,18.9,96,
_1828,LJUBLJANA - BEŽIGRAD,2022-08-29 06:30,19,96,0
_1828,LJUBLJANA - BEŽIGRAD,2022-08-29 06:40,19,95,
_1828,LJUBLJANA - BEŽIGRAD,2022-08-29 06:50,19.2,94,
_1828,LJUBLJANA - BEŽIGRAD,2022-08-29 07:00,19.3,94,0
_1828,LJUBLJANA - BEŽIGRAD,2022-08-29 07:10,19.4,94,
_1828,LJUBLJANA - BEŽIGRAD,2022-08-29 07:20,19.6,93,
_1828,LJUBLJANA - BEŽIGRAD,2022-08-29 07:30,19.7,92,0
_1828,LJUBLJANA - BEŽIGRAD,2022-08-29 07:40,19.9,92,
_1828,LJUBLJANA - BEŽIGRAD,2022-08-29 07:50,20.1,91,
_1828,LJUBLJANA - BEŽIGRAD,2022-08-29 08:00,20.2,90,0
_1828,LJUBLJANA - BEŽIGRAD,2022-08-29 08:10,20.4,89,
_1828,LJUBLJANA - BEŽIGRAD,2022-08-29 08:20,20.6,87,
_1828,LJUBLJANA - BEŽIGRAD,2022-08-29 08:30,20.9,83,0
_1828,LJUBLJANA - BEŽIGRAD,2022-08-29 08:40,21.2,80,
_1828,LJUBLJANA - BEŽIGRAD,2022-08-29 08:50,21.7,79,
_1828,LJUBLJANA - BEŽIGRAD,2022-08-29 09:00,21.9,77,0
_1828,LJUBLJANA - BEŽIGRAD,2022-08-29 09:10,22,77,
_1828,LJUBLJANA - BEŽIGRAD,2022-08-29 09:20,22,76,
_1828,LJUBLJANA - BEŽIGRAD,2022-08-29 09:30,22.2,75,0
_1828,LJUBLJANA - BEŽIGRAD,2022-08-29 09:40,22.6,73,
_1828,LJUBLJANA - BEŽIGRAD,2022-08-29 09:50,22.9,72,
_1828,LJUBLJANA - BEŽIGRAD,2022-08-29 10:00,23.3,71,0
_1828,LJUBLJANA - BEŽIGRAD,2022-08-29 10:10,23.7,68,
_1828,LJUBLJANA - BEŽIGRAD,2022-08-29 10:20,23.9,67,
_1828,LJUBLJANA - BEŽIGRAD,2022-08-29 10:30,24.3,65,0
_1828,LJUBLJANA - BEŽIGRAD,2022-08-29 10:40,24.8,63,
_1828,LJUBLJANA - BEŽIGRAD,2022-08-29 10:50,25.1,62,
_1828,LJUBLJANA - BEŽIGRAD,2022-08-29 11:00,24.8,62,0
_1828,LJUBLJANA - BEŽIGRAD,2022-08-29 11:10,25,62,
_1828,LJUBLJANA - BEŽIGRAD,2022-08-29 11:20,25.6,60,
_1828,LJUBLJANA - BEŽIGRAD,2022-08-29 11:30,25.9,58,0
_1828,LJUBLJANA - BEŽIGRAD,2022-08-29 11:40,26.2,57,
_1828,LJUBLJANA - BEŽIGRAD,2022-08-29 11:50,26,58,
_1828,LJUBLJANA - BEŽIGRAD,2022-08-29 12:00,26.1,57,0
_1828,LJUBLJANA - BEŽIGRAD,2022-08-29 12:10,26,57,
_1828,LJUBLJANA - BEŽIGRAD,2022-08-29 12:20,26.3,56,
_1828,LJUBLJANA - BEŽIGRAD,2022-08-29 12:30,26.4,54,0
_1828,LJUBLJANA - BEŽIGRAD,2022-08-29 12:40,26.9,53,
_1828,LJUBLJANA - BEŽIGRAD,2022-08-29 12:50,26.6,54,
_1828,LJUBLJANA - BEŽIGRAD,2022-08-29 13:00,25,58,0
_1828,LJUBLJANA - BEŽIGRAD,2022-08-29 13:10,24.7,57,
_1828,LJUBLJANA - BEŽIGRAD,2022-08-29 13:20,23.5,64,
_1828,LJUBLJANA - BEŽIGRAD,2022-08-29 13:30,23,69,0
_1828,LJUBLJANA - BEŽIGRAD,2022-08-29 13:40,22.7,71,
_1828,LJUBLJANA - BEŽIGRAD,2022-08-29 13:50,23.4,68,
_1828,LJUBLJANA - BEŽIGRAD,2022-08-29 14:00,24.4,64,0
_1828,LJUBLJANA - BEŽIGRAD,2022-08-29 14:10,24.8,61,
_1828,LJUBLJANA - BEŽIGRAD,2022-08-29 14:20,25.8,58,
_1828,LJUBLJANA - BEŽIGRAD,2022-08-29 14:30,26,56,0
_1828,LJUBLJANA - BEŽIGRAD,2022-08-29 14:40,26.1,54,
_1828,LJUBLJANA - BEŽIGRAD,2022-08-29 14:50,25.7,55,
_1828,LJUBLJANA - BEŽIGRAD,2022-08-29 15:00,25.3,56,0
_1828,LJUBLJANA - BEŽIGRAD,2022-08-29 15:10,25,57,
_1828,LJUBLJANA - BEŽIGRAD,2022-08-29 15:20,25.2,56,
_1828,LJUBLJANA - BEŽIGRAD,2022-08-29 15:30,25.3,55,0
_1828,LJUBLJANA - BEŽIGRAD,2022-08-29 15:40,25.6,55,
_1828,LJUBLJANA - BEŽIGRAD,2022-08-29 15:50,25.9,53,
_1828,LJUBLJANA - BEŽIGRAD,2022-08-29 16:00,25.8,53,0
_1828,LJUBLJANA - BEŽIGRAD,2022-08-29 16:10,25.4,53,
_1828,LJUBLJANA - BEŽIGRAD,2022-08-29 16:20,25.6,53,
_1828,LJUBLJANA - BEŽIGRAD,2022-08-29 16:30,25.6,53,0
_1828,LJUBLJANA - BEŽIGRAD,2022-08-29 16:40,25.4,52,
_1828,LJUBLJANA - BEŽIGRAD,2022-08-29 16:50,25.2,54,
_1828,LJUBLJANA - BEŽIGRAD,2022-08-29 17:00,25,58,0
_1828,LJUBLJANA - BEŽIGRAD,2022-08-29 17:10,24.7,59,
_1828,LJUBLJANA - BEŽIGRAD,2022-08-29 17:20,24.4,62,
_1828,LJUBLJANA - BEŽIGRAD,2022-08-29 17:30,24.2,63,0
_1828,LJUBLJANA - BEŽIGRAD,2022-08-29 17:40,24.1,64,
_1828,LJUBLJANA - BEŽIGRAD,2022-08-29 17:50,24.2,64,
_1828,LJUBLJANA - BEŽIGRAD,2022-08-29 18:00,24.1,64,0
_1828,LJUBLJANA - BEŽIGRAD,2022-08-29 18:10,23.9,64,
_1828,LJUBLJANA - BEŽIGRAD,2022-08-29 18:20,23.7,64,
_1828,LJUBLJANA - BEŽIGRAD,2022-08-29 18:30,23.5,64,0
_1828,LJUBLJANA - BEŽIGRAD,2022-08-29 18:40,23.3,65,
_1828,LJUBLJANA - BEŽIGRAD,2022-08-29 18:50,23.1,66,
_1828,LJUBLJANA - BEŽIGRAD,2022-08-29 19:00,22.9,67,0
_1828,LJUBLJANA - BEŽIGRAD,2022-08-29 19:10,22.7,69,
_1828,LJUBLJANA - BEŽIGRAD,2022-08-29 19:20,22.3,73,
_1828,LJUBLJANA - BEŽIGRAD,2022-08-29 19:30,22.1,74,0
_1828,LJUBLJANA - BEŽIGRAD,2022-08-29 19:40,21.9,76,
_1828,LJUBLJANA - BEŽIGRAD,2022-08-29 19:50,21.7,77,
_1828,LJUBLJANA - BEŽIGRAD,2022-08-29 20:00,21.5,77,0
_1828,LJUBLJANA - BEŽIGRAD,2022-08-29 20:10,21.4,78,
_1828,LJUBLJANA - BEŽIGRAD,2022-08-29 20:20,21.3,79,
_1828,LJUBLJANA - BEŽIGRAD,2022-08-29 20:30,21.2,79,0
_1828,LJUBLJANA - BEŽIGRAD,2022-08-29 20:40,21.1,80,
_1828,LJUBLJANA - BEŽIGRAD,2022-08-29 20:50,20.9,81,
_1828,LJUBLJANA - BEŽIGRAD,2022-08-29 21:00,20.8,82,0
_1828,LJUBLJANA - BEŽIGRAD,2022-08-29 21:10,20.7,83,
_1828,LJUBLJANA - BEŽIGRAD,2022-08-29 21:20,20.4,85,
_1828,LJUBLJANA - BEŽIGRAD,2022-08-29 21:30,20.1,87,0
_1828,LJUBLJANA - BEŽIGRAD,2022-08-29 21:40,19.9,88,
_1828,LJUBLJANA - BEŽIGRAD,2022-08-29 21:50,19.8,89,
_1828,LJUBLJANA - BEŽIGRAD,2022-08-29 22:00,19.8,89,0
_1828,LJUBLJANA - BEŽIGRAD,2022-08-29 22:10,19.8,88,
_1828,LJUBLJANA - BEŽIGRAD,2022-08-29 22:20,19.9,88,
_1828,LJUBLJANA - BEŽIGRAD,2022-08-29 22:30,19.9,88,0
_1828,LJUBLJANA - BEŽIGRAD,2022-08-29 22:40,19.9,89,
_1828,LJUBLJANA - BEŽIGRAD,2022-08-29 22:50,19.8,89,
_1828,LJUBLJANA - BEŽIGRAD,2022-08-29 23:00,19.7,89,0
_1828,LJUBLJANA - BEŽIGRAD,2022-08-29 23:10,19.6,89,
_1828,LJUBLJANA - BEŽIGRAD,2022-08-29 23:20,19.5,89,
_1828,LJUBLJANA - BEŽIGRAD,2022-08-29 23:30,19.5,89,0
_1828,LJUBLJANA - BEŽIGRAD,2022-08-29 23:40,19.5,89,
_1828,LJUBLJANA - BEŽIGRAD,2022-08-29 23:50,19.5,88,
_1828,LJUBLJANA - BEŽIGRAD,2022-08-30 00:00,19.4,90,0
_1828,LJUBLJANA - BEŽIGRAD,2022-08-30 00:10,19.4,90,
_1828,LJUBLJANA - BEŽIGRAD,2022-08-30 00:20,19.3,90,
_1828,LJUBLJANA - BEŽIGRAD,2022-08-30 00:30,19.4,90,0
_1828,LJUBLJANA - BEŽIGRAD,2022-08-30 00:40,19.4,89,
_1828,LJUBLJANA - BEŽIGRAD,2022-08-30 00:50,19.5,89,
_1828,LJUBLJANA - BEŽIGRAD,2022-08-30 01:00,19.6,89,0
_1828,LJUBLJANA - BEŽIGRAD,2022-08-30 01:10,19.3,90,
_1828,LJUBLJANA - BEŽIGRAD,2022-08-30 01:20,19,91,
_1828,LJUBLJANA - BEŽIGRAD,2022-08-30 01:30,18.8,92,0
_1828,LJUBLJANA - BEŽIGRAD,2022-08-30 01:40,18.8,92,
_1828,LJUBLJANA - BEŽIGRAD,2022-08-30 01:50,18.7,92,
_1828,LJUBLJANA - BEŽIGRAD,2022-08-30 02:00,18.7,92,0
_1828,LJUBLJANA - BEŽIGRAD,2022-08-30 02:10,18.5,93,
_1828,LJUBLJANA - BEŽIGRAD,2022-08-30 02:20,18.5,93,
_1828,LJUBLJANA - BEŽIGRAD,2022-08-30 02:30,18.3,93,0
_1828,LJUBLJANA - BEŽIGRAD,2022-08-30 02:40,18.2,93,
_1828,LJUBLJANA - BEŽIGRAD,2022-08-30 02:50,18,94,
_1828,LJUBLJANA - BEŽIGRAD,2022-08-30 03:00,17.9,94,0
_1828,LJUBLJANA - BEŽIGRAD,2022-08-30 03:10,18,95,
_1828,LJUBLJANA - BEŽIGRAD,2022-08-30 03:20,17.9,95,
_1828,LJUBLJANA - BEŽIGRAD,2022-08-30 03:30,17.8,95,0
_1828,LJUBLJANA - BEŽIGRAD,2022-08-30 03:40,17.8,95,
_1828,LJUBLJANA - BEŽIGRAD,2022-08-30 03:50,17.7,95,
_1828,LJUBLJANA - BEŽIGRAD,2022-08-30 04:00,17.7,95,0
_1828,LJUBLJANA - BEŽIGRAD,2022-08-30 04:10,17.6,96,
_1828,LJUBLJANA - BEŽIGRAD,2022-08-30 04:20,17.5,96,
_1828,LJUBLJANA - BEŽIGRAD,2022-08-30 04:30,17.4,96,0
_1828,LJUBLJANA - BEŽIGRAD,2022-08-30 04:40,17.4,97,
_1828,LJUBLJANA - BEŽIGRAD,2022-08-30 04:50,17.4,97,
_1828,LJUBLJANA - BEŽIGRAD,2022-08-30 05:00,17.4,97,0
_1828,LJUBLJANA - BEŽIGRAD,2022-08-30 05:10,17.4,96,
_1828,LJUBLJANA - BEŽIGRAD,2022-08-30 05:20,17.4,97,
_1828,LJUBLJANA - BEŽIGRAD,2022-08-30 05:30,17.4,96,0
_1828,LJUBLJANA - BEŽIGRAD,2022-08-30 05:40,17.5,96,
_1828,LJUBLJANA - BEŽIGRAD,2022-08-30 05:50,17.5,96,
_1828,LJUBLJANA - BEŽIGRAD,2022-08-30 06:00,17.5,95,0
_1828,LJUBLJANA - BEŽIGRAD,2022-08-30 06:10,17.4,95,
_1828,LJUBLJANA - BEŽIGRAD,2022-08-30 06:20,17.3,95,
_1828,LJUBLJANA - BEŽIGRAD,2022-08-30 06:30,17.2,96,0
_1828,LJUBLJANA - BEŽIGRAD,2022-08-30 06:40,17.1,96,
_1828,LJUBLJANA - BEŽIGRAD,2022-08-30 06:50,16.9,96,
_1828,LJUBLJANA - BEŽIGRAD,2022-08-30 07:00,16.9,97,0
_1828,LJUBLJANA - BEŽIGRAD,2022-08-30 07:10,17,97,
_1828,LJUBLJANA - BEŽIGRAD,2022-08-30 07:20,17.1,97,
_1828,LJUBLJANA - BEŽIGRAD,2022-08-30 07:30,17.3,96,0
_1828,LJUBLJANA - BEŽIGRAD,2022-08-30 07:40,17.5,95,
_1828,LJUBLJANA - BEŽIGRAD,2022-08-30 07:50,17.9,93,
_1828,LJUBLJANA - BEŽIGRAD,2022-08-30 08:00,18.2,91,0
_1828,LJUBLJANA - BEŽIGRAD,2022-08-30 08:10,18.8,88,
_1828,LJUBLJANA - BEŽIGRAD,2022-08-30 08:20,19.2,85,
_1828,LJUBLJANA - BEŽIGRAD,2022-08-30 08:30,19.4,83,0
_1828,LJUBLJANA - BEŽIGRAD,2022-08-30 08:40,19.9,80,
_1828,LJUBLJANA - BEŽIGRAD,2022-08-30 08:50,20.5,77,
_1828,LJUBLJANA - BEŽIGRAD,2022-08-30 09:00,20.8,76,0
_1828,LJUBLJANA - BEŽIGRAD,2022-08-30 09:10,21.3,74,
_1828,LJUBLJANA - BEŽIGRAD,2022-08-30 09:20,21.8,71,
_1828,LJUBLJANA - BEŽIGRAD,2022-08-30 09:30,22.5,69,0
_1828,LJUBLJANA - BEŽIGRAD,2022-08-30 09:40,22.9,67,
_1828,LJUBLJANA - BEŽIGRAD,2022-08-30 09:50,23.1,66,
_1828,LJUBLJANA - BEŽIGRAD,2022-08-30 10:00,23.6,64,0
_1828,LJUBLJANA - BEŽIGRAD,2022-08-30 10:10,24.1,63,
_1828,LJUBLJANA - BEŽIGRAD,2022-08-30 10:20,24.6,60,
_1828,LJUBLJANA - BEŽIGRAD,2022-08-30 10:30,25.2,57,0
_1828,LJUBLJANA - BEŽIGRAD,2022-08-30 10:40,25.5,57,
_1828,LJUBLJANA - BEŽIGRAD,2022-08-30 10:50,25.6,56,
_1828,LJUBLJANA - BEŽIGRAD,2022-08-30 11:00,26.1,55,0
_1828,LJUBLJANA - BEŽIGRAD,2022-08-30 11:10,26.5,54,
_1828,LJUBLJANA - BEŽIGRAD,2022-08-30 11:20,26.5,54,
_1828,LJUBLJANA - BEŽIGRAD,2022-08-30 11:30,26.6,52,0
_1828,LJUBLJANA - BEŽIGRAD,2022-08-30 11:40,26.8,51,
_1828,LJUBLJANA - BEŽIGRAD,2022-08-30 11:50,27.1,49,
_1828,LJUBLJANA - BEŽIGRAD,2022-08-30 12:00,27.3,49,0
_1828,LJUBLJANA - BEŽIGRAD,2022-08-30 12:10,27.7,46,
_1828,LJUBLJANA - BEŽIGRAD,2022-08-30 12:20,27.8,45,
_1828,LJUBLJANA - BEŽIGRAD,2022-08-30 12:30,27.8,45,0
_1828,LJUBLJANA - BEŽIGRAD,2022-08-30 12:40,27.8,44,
_1828,LJUBLJANA - BEŽIGRAD,2022-08-30 12:50,28.2,42,
_1828,LJUBLJANA - BEŽIGRAD,2022-08-30 13:00,28.4,42,0
_1828,LJUBLJANA - BEŽIGRAD,2022-08-30 13:10,28.4,43,
_1828,LJUBLJANA - BEŽIGRAD,2022-08-30 13:20,29.1,41,
_1828,LJUBLJANA - BEŽIGRAD,2022-08-30 13:30,29.3,41,0
_1828,LJUBLJANA - BEŽIGRAD,2022-08-30 13:40,28.8,42,
_1828,LJUBLJANA - BEŽIGRAD,2022-08-30 13:50,29,41,
_1828,LJUBLJANA - BEŽIGRAD,2022-08-30 14:00,29.3,40,0
_1828,LJUBLJANA - BEŽIGRAD,2022-08-30 14:10,29.4,40,
_1828,LJUBLJANA - BEŽIGRAD,2022-08-30 14:20,29.2,40,
_1828,LJUBLJANA - BEŽIGRAD,2022-08-30 14:30,29.5,39,0
_1828,LJUBLJANA - BEŽIGRAD,2022-08-30 14:40,29.6,39,
_1828,LJUBLJANA - BEŽIGRAD,2022-08-30 14:50,30,39,
_1828,LJUBLJANA - BEŽIGRAD,2022-08-30 15:00,29.6,38,0
_1828,LJUBLJANA - BEŽIGRAD,2022-08-30 15:10,29.8,39,
_1828,LJUBLJANA - BEŽIGRAD,2022-08-30 15:20,29.9,38,
_1828,LJUBLJANA - BEŽIGRAD,2022-08-30 15:30,30.3,38,0
_1828,LJUBLJANA - BEŽIGRAD,2022-08-30 15:40,30.6,37,
_1828,LJUBLJANA - BEŽIGRAD,2022-08-30 15:50,30.4,37,
_1828,LJUBLJANA - BEŽIGRAD,2022-08-30 16:00,30.2,37,0
_1828,LJUBLJANA - BEŽIGRAD,2022-08-30 16:10,29.6,37,
_1828,LJUBLJANA - BEŽIGRAD,2022-08-30 16:20,29.1,39,
_1828,LJUBLJANA - BEŽIGRAD,2022-08-30 16:30,28.8,39,0
_1828,LJUBLJANA - BEŽIGRAD,2022-08-30 16:40,28.5,41,
_1828,LJUBLJANA - BEŽIGRAD,2022-08-30 16:50,28.3,42,
_1828,LJUBLJANA - BEŽIGRAD,2022-08-30 17:00,28.1,43,0
_1828,LJUBLJANA - BEŽIGRAD,2022-08-30 17:10,27.9,43,
_1828,LJUBLJANA - BEŽIGRAD,2022-08-30 17:20,27.8,44,
_1828,LJUBLJANA - BEŽIGRAD,2022-08-30 17:30,27.5,45,0
_1828,LJUBLJANA - BEŽIGRAD,2022-08-30 17:40,27.3,46,
_1828,LJUBLJANA - BEŽIGRAD,2022-08-30 17:50,27,47,
_1828,LJUBLJANA - BEŽIGRAD,2022-08-30 18:00,26.8,47,0
_1828,LJUBLJANA - BEŽIGRAD,2022-08-30 18:10,26.7,48,
_1828,LJUBLJANA - BEŽIGRAD,2022-08-30 18:20,26.7,48,
_1828,LJUBLJANA - BEŽIGRAD,2022-08-30 18:30,26.6,48,0
_1828,LJUBLJANA - BEŽIGRAD,2022-08-30 18:40,26.5,49,
_1828,LJUBLJANA - BEŽIGRAD,2022-08-30 18:50,26.3,49,
_1828,LJUBLJANA - BEŽIGRAD,2022-08-30 19:00,26.1,50,0
_1828,LJUBLJANA - BEŽIGRAD,2022-08-30 19:10,26,50,
_1828,LJUBLJANA - BEŽIGRAD,2022-08-30 19:20,25.9,51,
_1828,LJUBLJANA - BEŽIGRAD,2022-08-30 19:30,25.6,55,0
_1828,LJUBLJANA - BEŽIGRAD,2022-08-30 19:40,24.6,64,
_1828,LJUBLJANA - BEŽIGRAD,2022-08-30 19:50,23.4,72,
_1828,LJUBLJANA - BEŽIGRAD,2022-08-30 20:00,22,74,1.4
_1828,LJUBLJANA - BEŽIGRAD,2022-08-30 20:10,21.6,79,
_1828,LJUBLJANA - BEŽIGRAD,2022-08-30 20:20,21.4,80,
_1828,LJUBLJANA - BEŽIGRAD,2022-08-30 20:30,21.2,83,0
_1828,LJUBLJANA - BEŽIGRAD,2022-08-30 20:40,21.2,85,
_1828,LJUBLJANA - BEŽIGRAD,2022-08-30 20:50,21.1,85,
_1828,LJUBLJANA - BEŽIGRAD,2022-08-30 21:00,20.9,87,0.3
_1828,LJUBLJANA - BEŽIGRAD,2022-08-30 21:10,21,89,
_1828,LJUBLJANA - BEŽIGRAD,2022-08-30 21:20,21,89,
_1828,LJUBLJANA - BEŽIGRAD,2022-08-30 21:30,21,90,0
_1828,LJUBLJANA - BEŽIGRAD,2022-08-30 21:40,20.9,90,
_1828,LJUBLJANA - BEŽIGRAD,2022-08-30 21:50,20.8,90,
_1828,LJUBLJANA - BEŽIGRAD,2022-08-30 22:00,20.8,90,0
_1828,LJUBLJANA - BEŽIGRAD,2022-08-30 22:10,20.7,90,
_1828,LJUBLJANA - BEŽIGRAD,2022-08-30 22:20,20.7,90,
_1828,LJUBLJANA - BEŽIGRAD,2022-08-30 22:30,20.6,90,0
_1828,LJUBLJANA - BEŽIGRAD,2022-08-30 22:40,20.4,89,
_1828,LJUBLJANA - BEŽIGRAD,2022-08-30 22:50,20.3,90,
_1828,LJUBLJANA - BEŽIGRAD,2022-08-30 23:00,20.2,92,0
_1828,LJUBLJANA - BEŽIGRAD,2022-08-30 23:10,20.1,92,
_1828,LJUBLJANA - BEŽIGRAD,2022-08-30 23:20,20,92,
_1828,LJUBLJANA - BEŽIGRAD,2022-08-30 23:30,19.8,93,0
_1828,LJUBLJANA - BEŽIGRAD,2022-08-30 23:40,19.7,93,
_1828,LJUBLJANA - BEŽIGRAD,2022-08-30 23:50,19.5,92,
_1828,LJUBLJANA - BEŽIGRAD,2022-08-31 00:00,19.4,91,0
_1828,LJUBLJANA - BEŽIGRAD,2022-08-31 00:10,19.4,92,
_1828,LJUBLJANA - BEŽIGRAD,2022-08-31 00:20,19.3,92,
_1828,LJUBLJANA - BEŽIGRAD,2022-08-31 00:30,19.2,92,0
_1828,LJUBLJANA - BEŽIGRAD,2022-08-31 00:40,19.2,92,
_1828,LJUBLJANA - BEŽIGRAD,2022-08-31 00:50,19.2,92,
_1828,LJUBLJANA - BEŽIGRAD,2022-08-31 01:00,19.2,91,0
_1828,LJUBLJANA - BEŽIGRAD,2022-08-31 01:10,19.2,92,
_1828,LJUBLJANA - BEŽIGRAD,2022-08-31 01:20,19.1,92,
_1828,LJUBLJANA - BEŽIGRAD,2022-08-31 01:30,19.2,89,0
_1828,LJUBLJANA - BEŽIGRAD,2022-08-31 01:40,19.2,87,
_1828,LJUBLJANA - BEŽIGRAD,2022-08-31 01:50,19.2,87,
_1828,LJUBLJANA - BEŽIGRAD,2022-08-31 02:00,19.1,88,0
_1828,LJUBLJANA - BEŽIGRAD,2022-08-31 02:10,18.9,88,
_1828,LJUBLJANA - BEŽIGRAD,2022-08-31 02:20,18.8,88,
_1828,LJUBLJANA - BEŽIGRAD,2022-08-31 02:30,18.9,89,0
_1828,LJUBLJANA - BEŽIGRAD,2022-08-31 02:40,19,90,
_1828,LJUBLJANA - BEŽIGRAD,2022-08-31 02:50,18.9,90,
_1828,LJUBLJANA - BEŽIGRAD,2022-08-31 03:00,18.9,90,0
_1828,LJUBLJANA - BEŽIGRAD,2022-08-31 03:10,18.7,90,
_1828,LJUBLJANA - BEŽIGRAD,2022-08-31 03:20,18.5,90,
_1828,LJUBLJANA - BEŽIGRAD,2022-08-31 03:30,18.3,91,0
_1828,LJUBLJANA - BEŽIGRAD,2022-08-31 03:40,18.2,91,
_1828,LJUBLJANA - BEŽIGRAD,2022-08-31 03:50,18.1,91,
_1828,LJUBLJANA - BEŽIGRAD,2022-08-31 04:00,18,91,0
_1828,LJUBLJANA - BEŽIGRAD,2022-08-31 04:10,17.9,91,
_1828,LJUBLJANA - BEŽIGRAD,2022-08-31 04:20,17.9,91,
_1828,LJUBLJANA - BEŽIGRAD,2022-08-31 04:30,17.9,89,0
_1828,LJUBLJANA - BEŽIGRAD,2022-08-31 04:40,17.8,89,
_1828,LJUBLJANA - BEŽIGRAD,2022-08-31 04:50,17.9,88,
_1828,LJUBLJANA - BEŽIGRAD,2022-08-31 05:00,17.9,88,0
_1828,LJUBLJANA - BEŽIGRAD,2022-08-31 05:10,17.9,88,
_1828,LJUBLJANA - BEŽIGRAD,2022-08-31 05:20,18.1,90,
_1828,LJUBLJANA - BEŽIGRAD,2022-08-31 05:30,18.1,90,0
_1828,LJUBLJANA - BEŽIGRAD,2022-08-31 05:40,18.1,90,
_1828,LJUBLJANA - BEŽIGRAD,2022-08-31 05:50,18.1,89,
_1828,LJUBLJANA - BEŽIGRAD,2022-08-31 06:00,18.2,89,0
_1828,LJUBLJANA - BEŽIGRAD,2022-08-31 06:10,18.2,88,
_1828,LJUBLJANA - BEŽIGRAD,2022-08-31 06:20,18.3,89,
_1828,LJUBLJANA - BEŽIGRAD,2022-08-31 06:30,18.4,89,0
_1828,LJUBLJANA - BEŽIGRAD,2022-08-31 06:40,18.5,88,
_1828,LJUBLJANA - BEŽIGRAD,2022-08-31 06:50,18.5,87,
_1828,LJUBLJANA - BEŽIGRAD,2022-08-31 07:00,18.5,86,0
_1828,LJUBLJANA - BEŽIGRAD,2022-08-31 07:10,18.6,84,
_1828,LJUBLJANA - BEŽIGRAD,2022-08-31 07:20,18.8,83,
_1828,LJUBLJANA - BEŽIGRAD,2022-08-31 07:30,19,82,0
_1828,LJUBLJANA - BEŽIGRAD,2022-08-31 07:40,19.1,81,
_1828,LJUBLJANA - BEŽIGRAD,2022-08-31 07:50,19.2,80,
_1828,LJUBLJANA - BEŽIGRAD,2022-08-31 08:00,19.7,80,0
_1828,LJUBLJANA - BEŽIGRAD,2022-08-31 08:10,20,78,
_1828,LJUBLJANA - BEŽIGRAD,2022-08-31 08:20,20.6,76,
_1828,LJUBLJANA - BEŽIGRAD,2022-08-31 08:30,21.1,71,0
_1828,LJUBLJANA - BEŽIGRAD,2022-08-31 08:40,21.1,69,
_1828,LJUBLJANA - BEŽIGRAD,2022-08-31 08:50,21.1,70,
_1828,LJUBLJANA - BEŽIGRAD,2022-08-31 09:00,21.2,66,0
_1828,LJUBLJANA - BEŽIGRAD,2022-08-31 09:10,21.4,67,
_1828,LJUBLJANA - BEŽIGRAD,2022-08-31 09:20,21.6,67,
_1828,LJUBLJANA - BEŽIGRAD,2022-08-31 09:30,21.7,65,0
_1828,LJUBLJANA - BEŽIGRAD,2022-08-31 09:40,21.9,64,
_1828,LJUBLJANA - BEŽIGRAD,2022-08-31 09:50,22.3,63,
_1828,LJUBLJANA - BEŽIGRAD,2022-08-31 10:00,22.3,60,0
_1828,LJUBLJANA - BEŽIGRAD,2022-08-31 10:10,22.4,61,
_1828,LJUBLJANA - BEŽIGRAD,2022-08-31 10:20,22.5,61,
_1828,LJUBLJANA - BEŽIGRAD,2022-08-31 10:30,22.4,67,0
_1828,LJUBLJANA - BEŽIGRAD,2022-08-31 10:40,22,70,
_1828,LJUBLJANA - BEŽIGRAD,2022-08-31 10:50,21.9,71,
_1828,LJUBLJANA - BEŽIGRAD,2022-08-31 11:00,21.8,70,0
_1828,LJUBLJANA - BEŽIGRAD,2022-08-31 11:10,21.9,69,
_1828,LJUBLJANA - BEŽIGRAD,2022-08-31 11:20,21.9,68,
_1828,LJUBLJANA - BEŽIGRAD,2022-08-31 11:30,22,68,0
_1828,LJUBLJANA - BEŽIGRAD,2022-08-31 11:40,22.1,67,
_1828,LJUBLJANA - BEŽIGRAD,2022-08-31 11:50,22.1,66,
_1828,LJUBLJANA - BEŽIGRAD,2022-08-31 12:00,22.2,65,0
_1828,LJUBLJANA - BEŽIGRAD,2022-08-31 12:10,22.2,65,
_1828,LJUBLJANA - BEŽIGRAD,2022-08-31 12:20,22.2,65,
_1828,LJUBLJANA - BEŽIGRAD,2022-08-31 12:30,21.9,70,0
_1828,LJUBLJANA - BEŽIGRAD,2022-08-31 12:40,21.7,72,
_1828,LJUBLJANA - BEŽIGRAD,2022-08-31 12:50,21.5,71,
_1828,LJUBLJANA - BEŽIGRAD,2022-08-31 13:00,21.3,74,0.2
_1828,LJUBLJANA - BEŽIGRAD,2022-08-31 13:10,21.3,74,
_1828,LJUBLJANA - BEŽIGRAD,2022-08-31 13:20,21.3,77,
_1828,LJUBLJANA - BEŽIGRAD,2022-08-31 13:30,21.3,75,0.3
_1828,LJUBLJANA - BEŽIGRAD,2022-08-31 13:40,21.6,75,
_1828,LJUBLJANA - BEŽIGRAD,2022-08-31 13:50,21.8,74,
_1828,LJUBLJANA - BEŽIGRAD,2022-08-31 14:00,22,70,0.1
_1828,LJUBLJANA - BEŽIGRAD,2022-08-31 14:10,22.3,67,
_1828,LJUBLJANA - BEŽIGRAD,2022-08-31 14:20,22.6,67,
_1828,LJUBLJANA - BEŽIGRAD,2022-08-31 14:30,22.8,62,0
_1828,LJUBLJANA - BEŽIGRAD,2022-08-31 14:40,22.7,59,
_1828,LJUBLJANA - BEŽIGRAD,2022-08-31 14:50,22.5,59,
_1828,LJUBLJANA - BEŽIGRAD,2022-08-31 15:00,22.4,59,0
_1828,LJUBLJANA - BEŽIGRAD,2022-08-31 15:10,22.3,60,
_1828,LJUBLJANA - BEŽIGRAD,2022-08-31 15:20,22.3,61,
_1828,LJUBLJANA - BEŽIGRAD,2022-08-31 15:30,22.1,62,0
_1828,LJUBLJANA - BEŽIGRAD,2022-08-31 15:40,21.9,61,
_1828,LJUBLJANA - BEŽIGRAD,2022-08-31 15:50,21.8,61,
_1828,LJUBLJANA - BEŽIGRAD,2022-08-31 16:00,21.9,62,0
_1828,LJUBLJANA - BEŽIGRAD,2022-08-31 16:10,21.9,63,
_1828,LJUBLJANA - BEŽIGRAD,2022-08-31 16:20,21.8,62,
_1828,LJUBLJANA - BEŽIGRAD,2022-08-31 16:30,21.8,60,0
_1828,LJUBLJANA - BEŽIGRAD,2022-08-31 16:40,21.9,60,
_1828,LJUBLJANA - BEŽIGRAD,2022-08-31 16:50,21.9,61,
_1828,LJUBLJANA - BEŽIGRAD,2022-08-31 17:00,21.8,62,0
_1828,LJUBLJANA - BEŽIGRAD,2022-08-31 17:10,21.5,64,
_1828,LJUBLJANA - BEŽIGRAD,2022-08-31 17:20,20.9,67,
_1828,LJUBLJANA - BEŽIGRAD,2022-08-31 17:30,20.7,68,0
_1828,LJUBLJANA - BEŽIGRAD,2022-08-31 17:40,20.5,68,
_1828,LJUBLJANA - BEŽIGRAD,2022-08-31 17:50,20.4,69,
_1828,LJUBLJANA - BEŽIGRAD,2022-08-31 18:00,20.3,69,0
_1828,LJUBLJANA - BEŽIGRAD,2022-08-31 18:10,20.2,69,
_1828,LJUBLJANA - BEŽIGRAD,2022-08-31 18:20,20,70,
_1828,LJUBLJANA - BEŽIGRAD,2022-08-31 18:30,19.9,71,0
_1828,LJUBLJANA - BEŽIGRAD,2022-08-31 18:40,19.9,70,
_1828,LJUBLJANA - BEŽIGRAD,2022-08-31 18:50,19.8,70,
_1828,LJUBLJANA - BEŽIGRAD,2022-08-31 19:00,19.8,70,0
_1828,LJUBLJANA - BEŽIGRAD,2022-08-31 19:10,19.8,70,
_1828,LJUBLJANA - BEŽIGRAD,2022-08-31 19:20,19.8,70,
_1828,LJUBLJANA - BEŽIGRAD,2022-08-31 19:30,19.7,71,0
_1828,LJUBLJANA - BEŽIGRAD,2022-08-31 19:40,19.6,71,
_1828,LJUBLJANA - BEŽIGRAD,2022-08-31 19:50,19.6,71,
_1828,LJUBLJANA - BEŽIGRAD,2022-08-31 20:00,19.6,71,0
_1828,LJUBLJANA - BEŽIGRAD,2022-08-31 20:10,19.5,72,
_1828,LJUBLJANA - BEŽIGRAD,2022-08-31 20:20,19.5,72,
_1828,LJUBLJANA - BEŽIGRAD,2022-08-31 20:30,19.5,72,0
_1828,LJUBLJANA - BEŽIGRAD,2022-08-31 20:40,19.5,72,
_1828,LJUBLJANA - BEŽIGRAD,2022-08-31 20:50,19.4,74,
_1828,LJUBLJANA - BEŽIGRAD,2022-08-31 21:00,19,78,0.1
_1828,LJUBLJANA - BEŽIGRAD,2022-08-31 21:10,18.2,85,
_1828,LJUBLJANA - BEŽIGRAD,2022-08-31 21:20,17.8,88,
_1828,LJUBLJANA - BEŽIGRAD,2022-08-31 21:30,17.6,90,1
_1828,LJUBLJANA - BEŽIGRAD,2022-08-31 21:40,17.5,91,
_1828,LJUBLJANA - BEŽIGRAD,2022-08-31 21:50,17.5,91,
_1828,LJUBLJANA - BEŽIGRAD,2022-08-31 22:00,17.4,92,0.8
_1828,LJUBLJANA - BEŽIGRAD,2022-08-31 22:10,17.4,93,
_1828,LJUBLJANA - BEŽIGRAD,2022-08-31 22:20,17.3,93,
_1828,LJUBLJANA - BEŽIGRAD,2022-08-31 22:30,17.3,94,0
_1828,LJUBLJANA - BEŽIGRAD,2022-08-31 22:40,17.3,93,
_1828,LJUBLJANA - BEŽIGRAD,2022-08-31 22:50,17.4,92,
_1828,LJUBLJANA - BEŽIGRAD,2022-08-31 23:00,17.3,93,0.5
_1828,LJUBLJANA - BEŽIGRAD,2022-08-31 23:10,17.1,93,
_1828,LJUBLJANA - BEŽIGRAD,2022-08-31 23:20,17,94,
_1828,LJUBLJANA - BEŽIGRAD,2022-08-31 23:30,17,94,3.5
_1828,LJUBLJANA - BEŽIGRAD,2022-08-31 23:40,16.9,94,
_1828,LJUBLJANA - BEŽIGRAD,2022-08-31 23:50,16.8,94,
_1828,LJUBLJANA - BEŽIGRAD,2022-09-01 00:00,16.8,95,1
_1828,LJUBLJANA - BEŽIGRAD,2022-09-01 00:10,16.8,95,
_1828,LJUBLJANA - BEŽIGRAD,2022-09-01 00:20,16.8,95,
_1828,LJUBLJANA - BEŽIGRAD,2022-09-01 00:30,16.8,94,0.1
_1828,LJUBLJANA - BEŽIGRAD,2022-09-01 00:40,16.8,94,
_1828,LJUBLJANA - BEŽIGRAD,2022-09-01 00:50,16.7,93,
_1828,LJUBLJANA - BEŽIGRAD,2022-09-01 01:00,16.7,94,0
_1828,LJUBLJANA - BEŽIGRAD,2022-09-01 01:10,16.7,92,
_1828,LJUBLJANA - BEŽIGRAD,2022-09-01 01:20,16.7,93,
_1828,LJUBLJANA - BEŽIGRAD,2022-09-01 01:30,16.7,93,0
_1828,LJUBLJANA - BEŽIGRAD,2022-09-01 01:40,16.7,94,
_1828,LJUBLJANA - BEŽIGRAD,2022-09-01 01:50,16.7,92,
_1828,LJUBLJANA - BEŽIGRAD,2022-09-01 02:00,16.6,91,0
_1828,LJUBLJANA - BEŽIGRAD,2022-09-01 02:10,16.6,91,
_1828,LJUBLJANA - BEŽIGRAD,2022-09-01 02:20,16.5,91,
_1828,LJUBLJANA - BEŽIGRAD,2022-09-01 02:30,16.5,91,0
_1828,LJUBLJANA - BEŽIGRAD,2022-09-01 02:40,16.4,91,
_1828,LJUBLJANA - BEŽIGRAD,2022-09-01 02:50,16.3,92,
_1828,LJUBLJANA - BEŽIGRAD,2022-09-01 03:00,16,93,0.2
_1828,LJUBLJANA - BEŽIGRAD,2022-09-01 03:10,15.9,93,
_1828,LJUBLJANA - BEŽIGRAD,2022-09-01 03:20,15.8,93,
_1828,LJUBLJANA - BEŽIGRAD,2022-09-01 03:30,15.7,91,0
_1828,LJUBLJANA - BEŽIGRAD,2022-09-01 03:40,15.7,91,
_1828,LJUBLJANA - BEŽIGRAD,2022-09-01 03:50,15.7,91,
_1828,LJUBLJANA - BEŽIGRAD,2022-09-01 04:00,15.6,90,0
_1828,LJUBLJANA - BEŽIGRAD,2022-09-01 04:10,15.5,89,
_1828,LJUBLJANA - BEŽIGRAD,2022-09-01 04:20,15.5,88,
_1828,LJUBLJANA - BEŽIGRAD,2022-09-01 04:30,15.4,89,0
_1828,LJUBLJANA - BEŽIGRAD,2022-09-01 04:40,15.3,91,
_1828,LJUBLJANA - BEŽIGRAD,2022-09-01 04:50,15,92,
_1828,LJUBLJANA - BEŽIGRAD,2022-09-01 05:00,14.9,92,0
_1828,LJUBLJANA - BEŽIGRAD,2022-09-01 05:10,14.9,91,
_1828,LJUBLJANA - BEŽIGRAD,2022-09-01 05:20,14.8,91,
_1828,LJUBLJANA - BEŽIGRAD,2022-09-01 05:30,14.7,91,0
_1828,LJUBLJANA - BEŽIGRAD,2022-09-01 05:40,14.6,91,
_1828,LJUBLJANA - BEŽIGRAD,2022-09-01 05:50,14.7,91,
_1828,LJUBLJANA - BEŽIGRAD,2022-09-01 06:00,14.7,91,0
_1828,LJUBLJANA - BEŽIGRAD,2022-09-01 06:10,14.7,90,
_1828,LJUBLJANA - BEŽIGRAD,2022-09-01 06:20,14.7,90,
_1828,LJUBLJANA - BEŽIGRAD,2022-09-01 06:30,14.6,89,0
_1828,LJUBLJANA - BEŽIGRAD,2022-09-01 06:40,14.6,89,
_1828,LJUBLJANA - BEŽIGRAD,2022-09-01 06:50,14.7,89,
_1828,LJUBLJANA - BEŽIGRAD,2022-09-01 07:00,14.7,88,0
_1828,LJUBLJANA - BEŽIGRAD,2022-09-01 07:10,14.8,88,
_1828,LJUBLJANA - BEŽIGRAD,2022-09-01 07:20,14.9,88,
_1828,LJUBLJANA - BEŽIGRAD,2022-09-01 07:30,15,87,0
_1828,LJUBLJANA - BEŽIGRAD,2022-09-01 07:40,15.1,86,
_1828,LJUBLJANA - BEŽIGRAD,2022-09-01 07:50,15.1,86,
_1828,LJUBLJANA - BEŽIGRAD,2022-09-01 08:00,15,86,0
_1828,LJUBLJANA - BEŽIGRAD,2022-09-01 08:10,15.1,86,
_1828,LJUBLJANA - BEŽIGRAD,2022-09-01 08:20,15.2,85,
_1828,LJUBLJANA - BEŽIGRAD,2022-09-01 08:30,15.3,85,0
_1828,LJUBLJANA - BEŽIGRAD,2022-09-01 08:40,15.3,84,
_1828,LJUBLJANA - BEŽIGRAD,2022-09-01 08:50,15.3,84,
_1828,LJUBLJANA - BEŽIGRAD,2022-09-01 09:00,15.4,83,0
_1828,LJUBLJANA - BEŽIGRAD,2022-09-01 09:10,15.6,82,
_1828,LJUBLJANA - BEŽIGRAD,2022-09-01 09:20,15.7,83,
_1828,LJUBLJANA - BEŽIGRAD,2022-09-01 09:30,15.9,81,0
_1828,LJUBLJANA - BEŽIGRAD,2022-09-01 09:40,16,81,
_1828,LJUBLJANA - BEŽIGRAD,2022-09-01 09:50,16.1,80,
_1828,LJUBLJANA - BEŽIGRAD,2022-09-01 10:00,16.3,80,0
_1828,LJUBLJANA - BEŽIGRAD,2022-09-01 10:10,16.4,79,
_1828,LJUBLJANA - BEŽIGRAD,2022-09-01 10:20,16.5,79,
_1828,LJUBLJANA - BEŽIGRAD,2022-09-01 10:30,16.5,79,0
_1828,LJUBLJANA - BEŽIGRAD,2022-09-01 10:40,16.5,78,
_1828,LJUBLJANA - BEŽIGRAD,2022-09-01 10:50,16.5,78,
_1828,LJUBLJANA - BEŽIGRAD,2022-09-01 11:00,16.5,78,0
_1828,LJUBLJANA - BEŽIGRAD,2022-09-01 11:10,16.5,79,
_1828,LJUBLJANA - BEŽIGRAD,2022-09-01 11:20,16.6,78,
_1828,LJUBLJANA - BEŽIGRAD,2022-09-01 11:30,16.7,77,0
_1828,LJUBLJANA - BEŽIGRAD,2022-09-01 11:40,16.6,77,
_1828,LJUBLJANA - BEŽIGRAD,2022-09-01 11:50,16.8,78,
_1828,LJUBLJANA - BEŽIGRAD,2022-09-01 12:00,16.8,77,0
_1828,LJUBLJANA - BEŽIGRAD,2022-09-01 12:10,16.7,78,
_1828,LJUBLJANA - BEŽIGRAD,2022-09-01 12:20,16.7,78,
_1828,LJUBLJANA - BEŽIGRAD,2022-09-01 12:30,16.8,77,0
_1828,LJUBLJANA - BEŽIGRAD,2022-09-01 12:40,16.9,77,
_1828,LJUBLJANA - BEŽIGRAD,2022-09-01 12:50,17.1,77,
_1828,LJUBLJANA - BEŽIGRAD,2022-09-01 13:00,17.1,76,0
_1828,LJUBLJANA - BEŽIGRAD,2022-09-01 13:10,17.1,76,
_1828,LJUBLJANA - BEŽIGRAD,2022-09-01 13:20,17.1,76,
_1828,LJUBLJANA - BEŽIGRAD,2022-09-01 13:30,17.3,75,0
_1828,LJUBLJANA - BEŽIGRAD,2022-09-01 13:40,17.6,74,
_1828,LJUBLJANA - BEŽIGRAD,2022-09-01 13:50,17.7,73,
_1828,LJUBLJANA - BEŽIGRAD,2022-09-01 14:00,17.7,73,0
_1828,LJUBLJANA - BEŽIGRAD,2022-09-01 14:10,17.6,73,
_1828,LJUBLJANA - BEŽIGRAD,2022-09-01 14:20,17.7,74,
_1828,LJUBLJANA - BEŽIGRAD,2022-09-01 14:30,17.7,74,0
_1828,LJUBLJANA - BEŽIGRAD,2022-09-01 14:40,17.7,74,
_1828,LJUBLJANA - BEŽIGRAD,2022-09-01 14:50,17.7,74,
_1828,LJUBLJANA - BEŽIGRAD,2022-09-01 15:00,17.6,75,0
_1828,LJUBLJANA - BEŽIGRAD,2022-09-01 15:10,17.6,75,
_1828,LJUBLJANA - BEŽIGRAD,2022-09-01 15:20,17.6,75,
_1828,LJUBLJANA - BEŽIGRAD,2022-09-01 15:30,17.4,75,0
_1828,LJUBLJANA - BEŽIGRAD,2022-09-01 15:40,17.5,76,
_1828,LJUBLJANA - BEŽIGRAD,2022-09-01 15:50,17.6,75,
_1828,LJUBLJANA - BEŽIGRAD,2022-09-01 16:00,17.6,74,0
_1828,LJUBLJANA - BEŽIGRAD,2022-09-01 16:10,17.7,74,
_1828,LJUBLJANA - BEŽIGRAD,2022-09-01 16:20,17.8,74,
_1828,LJUBLJANA - BEŽIGRAD,2022-09-01 16:30,17.7,74,0
_1828,LJUBLJANA - BEŽIGRAD,2022-09-01 16:40,17.7,74,
_1828,LJUBLJANA - BEŽIGRAD,2022-09-01 16:50,17.8,75,
_1828,LJUBLJANA - BEŽIGRAD,2022-09-01 17:00,17.7,75,0
_1828,LJUBLJANA - BEŽIGRAD,2022-09-01 17:10,17.7,75,
_1828,LJUBLJANA - BEŽIGRAD,2022-09-01 17:20,17.5,75,
_1828,LJUBLJANA - BEŽIGRAD,2022-09-01 17:30,17.5,75,0
_1828,LJUBLJANA - BEŽIGRAD,2022-09-01 17:40,17.4,75,
_1828,LJUBLJANA - BEŽIGRAD,2022-09-01 17:50,17.4,76,
_1828,LJUBLJANA - BEŽIGRAD,2022-09-01 18:00,17.3,75,0
_1828,LJUBLJANA - BEŽIGRAD,2022-09-01 18:10,17.3,75,
_1828,LJUBLJANA - BEŽIGRAD,2022-09-01 18:20,17.3,75,
_1828,LJUBLJANA - BEŽIGRAD,2022-09-01 18:30,17.2,76,0
_1828,LJUBLJANA - BEŽIGRAD,2022-09-01 18:40,17.2,76,
_1828,LJUBLJANA - BEŽIGRAD,2022-09-01 18:50,17.1,76,
_1828,LJUBLJANA - BEŽIGRAD,2022-09-01 19:00,17.1,77,0
_1828,LJUBLJANA - BEŽIGRAD,2022-09-01 19:10,17,77,
_1828,LJUBLJANA - BEŽIGRAD,2022-09-01 19:20,17,77,
_1828,LJUBLJANA - BEŽIGRAD,2022-09-01 19:30,17,77,0
_1828,LJUBLJANA - BEŽIGRAD,2022-09-01 19:40,16.9,77,
_1828,LJUBLJANA - BEŽIGRAD,2022-09-01 19:50,16.8,78,
_1828,LJUBLJANA - BEŽIGRAD,2022-09-01 20:00,16.8,78,0
_1828,LJUBLJANA - BEŽIGRAD,2022-09-01 20:10,16.7,78,
_1828,LJUBLJANA - BEŽIGRAD,2022-09-01 20:20,16.7,78,
_1828,LJUBLJANA - BEŽIGRAD,2022-09-01 20:30,16.7,78,0
_1828,LJUBLJANA - BEŽIGRAD,2022-09-01 20:40,16.6,79,
_1828,LJUBLJANA - BEŽIGRAD,2022-09-01 20:50,16.5,79,
_1828,LJUBLJANA - BEŽIGRAD,2022-09-01 21:00,16.4,80,0
_1828,LJUBLJANA - BEŽIGRAD,2022-09-01 21:10,16.2,80,
_1828,LJUBLJANA - BEŽIGRAD,2022-09-01 21:20,16.2,81,
_1828,LJUBLJANA - BEŽIGRAD,2022-09-01 21:30,16.1,81,0
_1828,LJUBLJANA - BEŽIGRAD,2022-09-01 21:40,15.8,83,
_1828,LJUBLJANA - BEŽIGRAD,2022-09-01 21:50,15.6,84,
_1828,LJUBLJANA - BEŽIGRAD,2022-09-01 22:00,15.5,85,0
_1828,LJUBLJANA - BEŽIGRAD,2022-09-01 22:10,15.3,87,
_1828,LJUBLJANA - BEŽIGRAD,2022-09-01 22:20,15.1,87,
_1828,LJUBLJANA - BEŽIGRAD,2022-09-01 22:30,14.9,89,0
_1828,LJUBLJANA - BEŽIGRAD,2022-09-01 22:40,14.8,90,
_1828,LJUBLJANA - BEŽIGRAD,2022-09-01 22:50,14.7,91,
_1828,LJUBLJANA - BEŽIGRAD,2022-09-01 23:00,14.6,91,0
_1828,LJUBLJANA - BEŽIGRAD,2022-09-01 23:10,14.5,91,
_1828,LJUBLJANA - BEŽIGRAD,2022-09-01 23:20,14.5,91,
_1828,LJUBLJANA - BEŽIGRAD,2022-09-01 23:30,14.7,91,0
_1828,LJUBLJANA - BEŽIGRAD,2022-09-01 23:40,14.8,90,
_1828,LJUBLJANA - BEŽIGRAD,2022-09-01 23:50,14.8,90,
_1828,LJUBLJANA - BEŽIGRAD,2022-09-02 00:00,14.7,91,0
_1828,LJUBLJANA - BEŽIGRAD,2022-09-02 00:10,14.6,91,
_1828,LJUBLJANA - BEŽIGRAD,2022-09-02 00:20,14.6,91,
_1828,LJUBLJANA - BEŽIGRAD,2022-09-02 00:30,14.5,92,0
_1828,LJUBLJANA - BEŽIGRAD,2022-09-02 00:40,14.2,93,
_1828,LJUBLJANA - BEŽIGRAD,2022-09-02 00:50,14.1,93,
_1828,LJUBLJANA - BEŽIGRAD,2022-09-02 01:00,13.9,94,0
_1828,LJUBLJANA - BEŽIGRAD,2022-09-02 01:10,13.9,93,
_1828,LJUBLJANA - BEŽIGRAD,2022-09-02 01:20,13.8,94,
_1828,LJUBLJANA - BEŽIGRAD,2022-09-02 01:30,13.8,94,0
_1828,LJUBLJANA - BEŽIGRAD,2022-09-02 01:40,13.8,93,
_1828,LJUBLJANA - BEŽIGRAD,2022-09-02 01:50,13.8,93,
_1828,LJUBLJANA - BEŽIGRAD,2022-09-02 02:00,13.9,93,0
_1828,LJUBLJANA - BEŽIGRAD,2022-09-02 02:10,13.8,93,
_1828,LJUBLJANA - BEŽIGRAD,2022-09-02 02:20,13.8,92,
_1828,LJUBLJANA - BEŽIGRAD,2022-09-02 02:30,13.7,92,0
_1828,LJUBLJANA - BEŽIGRAD,2022-09-02 02:40,13.6,92,
_1828,LJUBLJANA - BEŽIGRAD,2022-09-02 02:50,13.6,92,
_1828,LJUBLJANA - BEŽIGRAD,2022-09-02 03:00,13.5,92,0
_1828,LJUBLJANA - BEŽIGRAD,2022-09-02 03:10,13.4,93,
_1828,LJUBLJANA - BEŽIGRAD,2022-09-02 03:20,13.2,93,
_1828,LJUBLJANA - BEŽIGRAD,2022-09-02 03:30,13.1,93,0
_1828,LJUBLJANA - BEŽIGRAD,2022-09-02 03:40,13,94,
_1828,LJUBLJANA - BEŽIGRAD,2022-09-02 03:50,12.9,94,
_1828,LJUBLJANA - BEŽIGRAD,2022-09-02 04:00,12.8,94,0
_1828,LJUBLJANA - BEŽIGRAD,2022-09-02 04:10,12.8,94,
_1828,LJUBLJANA - BEŽIGRAD,2022-09-02 04:20,12.9,94,
_1828,LJUBLJANA - BEŽIGRAD,2022-09-02 04:30,13,94,0
_1828,LJUBLJANA - BEŽIGRAD,2022-09-02 04:40,13,94,
_1828,LJUBLJANA - BEŽIGRAD,2022-09-02 04:50,13,95,
_1828,LJUBLJANA - BEŽIGRAD,2022-09-02 05:00,13.1,95,0
_1828,LJUBLJANA - BEŽIGRAD,2022-09-02 05:10,13,95,
_1828,LJUBLJANA - BEŽIGRAD,2022-09-02 05:20,13,95,
_1828,LJUBLJANA - BEŽIGRAD,2022-09-02 05:30,13,95,0
_1828,LJUBLJANA - BEŽIGRAD,2022-09-02 05:40,13,95,
_1828,LJUBLJANA - BEŽIGRAD,2022-09-02 05:50,12.9,93,
_1828,LJUBLJANA - BEŽIGRAD,2022-09-02 06:00,12.9,93,0
_1828,LJUBLJANA - BEŽIGRAD,2022-09-02 06:10,12.9,92,
_1828,LJUBLJANA - BEŽIGRAD,2022-09-02 06:20,12.8,93,
_1828,LJUBLJANA - BEŽIGRAD,2022-09-02 06:30,12.9,93,0
_1828,LJUBLJANA - BEŽIGRAD,2022-09-02 06:40,12.9,94,
_1828,LJUBLJANA - BEŽIGRAD,2022-09-02 06:50,12.8,94,
_1828,LJUBLJANA - BEŽIGRAD,2022-09-02 07:00,12.9,93,0
_1828,LJUBLJANA - BEŽIGRAD,2022-09-02 07:10,13,93,
_1828,LJUBLJANA - BEŽIGRAD,2022-09-02 07:20,13.1,92,
_1828,LJUBLJANA - BEŽIGRAD,2022-09-02 07:30,13.2,91,0
_1828,LJUBLJANA - BEŽIGRAD,2022-09-02 07:40,13.5,90,
_1828,LJUBLJANA - BEŽIGRAD,2022-09-02 07:50,13.7,88,
_1828,LJUBLJANA - BEŽIGRAD,2022-09-02 08:00,14,86,0
_1828,LJUBLJANA - BEŽIGRAD,2022-09-02 08:10,14,85,
_1828,LJUBLJANA - BEŽIGRAD,2022-09-02 08:20,14.2,82,
_1828,LJUBLJANA - BEŽIGRAD,2022-09-02 08:30,14.6,80,0
_1828,LJUBLJANA - BEŽIGRAD,2022-09-02 08:40,14.9,78,
_1828,LJUBLJANA - BEŽIGRAD,2022-09-02 08:50,15.4,76,
_1828,LJUBLJANA - BEŽIGRAD,2022-09-02 09:00,15.8,74,0
_1828,LJUBLJANA - BEŽIGRAD,2022-09-02 09:10,16.5,72,
_1828,LJUBLJANA - BEŽIGRAD,2022-09-02 09:20,17,70,
_1828,LJUBLJANA - BEŽIGRAD,2022-09-02 09:30,17.3,69,0
_1828,LJUBLJANA - BEŽIGRAD,2022-09-02 09:40,17.5,68,
_1828,LJUBLJANA - BEŽIGRAD,2022-09-02 09:50,18.3,66,
_1828,LJUBLJANA - BEŽIGRAD,2022-09-02 10:00,19.1,62,0
_1828,LJUBLJANA - BEŽIGRAD,2022-09-02 10:10,19.2,60,
_1828,LJUBLJANA - BEŽIGRAD,2022-09-02 10:20,19.9,55,
_1828,LJUBLJANA - BEŽIGRAD,2022-09-02 10:30,20.1,54,0
_1828,LJUBLJANA - BEŽIGRAD,2022-09-02 10:40,20.6,52,
_1828,LJUBLJANA - BEŽIGRAD,2022-09-02 10:50,20.7,51,
_1828,LJUBLJANA - BEŽIGRAD,2022-09-02 11:00,20.7,50,0
_1828,LJUBLJANA - BEŽIGRAD,2022-09-02 11:10,21.1,50,
_1828,LJUBLJANA - BEŽIGRAD,2022-09-02 11:20,21.4,49,
_1828,LJUBLJANA - BEŽIGRAD,2022-09-02 11:30,21.5,50,0
_1828,LJUBLJANA - BEŽIGRAD,2022-09-02 11:40,21,51,
_1828,LJUBLJANA - BEŽIGRAD,2022-09-02 11:50,21.2,50,
_1828,LJUBLJANA - BEŽIGRAD,2022-09-02 12:00,21.8,48,0
_1828,LJUBLJANA - BEŽIGRAD,2022-09-02 12:10,22,47,
_1828,LJUBLJANA - BEŽIGRAD,2022-09-02 12:20,22.5,47,
_1828,LJUBLJANA - BEŽIGRAD,2022-09-02 12:30,22.1,46,0
_1828,LJUBLJANA - BEŽIGRAD,2022-09-02 12:40,21.9,47,
_1828,LJUBLJANA - BEŽIGRAD,2022-09-02 12:50,21.9,47,
_1828,LJUBLJANA - BEŽIGRAD,2022-09-02 13:00,21.5,48,0
_1828,LJUBLJANA - BEŽIGRAD,2022-09-02 13:10,21.2,48,
_1828,LJUBLJANA - BEŽIGRAD,2022-09-02 13:20,21.6,48,
_1828,LJUBLJANA - BEŽIGRAD,2022-09-02 13:30,22.6,46,0
_1828,LJUBLJANA - BEŽIGRAD,2022-09-02 13:40,23,44,
_1828,LJUBLJANA - BEŽIGRAD,2022-09-02 13:50,22.3,45,
_1828,LJUBLJANA - BEŽIGRAD,2022-09-02 14:00,21.9,47,0
_1828,LJUBLJANA - BEŽIGRAD,2022-09-02 14:10,21.8,47,
_1828,LJUBLJANA - BEŽIGRAD,2022-09-02 14:20,21.9,46,
_1828,LJUBLJANA - BEŽIGRAD,2022-09-02 14:30,22,45,0
_1828,LJUBLJANA - BEŽIGRAD,2022-09-02 14:40,22.7,44,
_1828,LJUBLJANA - BEŽIGRAD,2022-09-02 14:50,22.9,45,
_1828,LJUBLJANA - BEŽIGRAD,2022-09-02 15:00,22.4,46,0
_1828,LJUBLJANA - BEŽIGRAD,2022-09-02 15:10,22.5,46,
_1828,LJUBLJANA - BEŽIGRAD,2022-09-02 15:20,22.4,45,
_1828,LJUBLJANA - BEŽIGRAD,2022-09-02 15:30,22.5,45,0
_1828,LJUBLJANA - BEŽIGRAD,2022-09-02 15:40,23,45,
_1828,LJUBLJANA - BEŽIGRAD,2022-09-02 15:50,23.2,45,
_1828,LJUBLJANA - BEŽIGRAD,2022-09-02 16:00,22.9,44,0
_1828,LJUBLJANA - BEŽIGRAD,2022-09-02 16:10,22.3,46,
_1828,LJUBLJANA - BEŽIGRAD,2022-09-02 16:20,22.4,47,
_1828,LJUBLJANA - BEŽIGRAD,2022-09-02 16:30,23,46,0
_1828,LJUBLJANA - BEŽIGRAD,2022-09-02 16:40,22.4,46,
_1828,LJUBLJANA - BEŽIGRAD,2022-09-02 16:50,21.7,48,
_1828,LJUBLJANA - BEŽIGRAD,2022-09-02 17:00,22.1,46,0
_1828,LJUBLJANA - BEŽIGRAD,2022-09-02 17:10,22.2,46,
_1828,LJUBLJANA - BEŽIGRAD,2022-09-02 17:20,22.1,47,
_1828,LJUBLJANA - BEŽIGRAD,2022-09-02 17:30,21.6,47,0
_1828,LJUBLJANA - BEŽIGRAD,2022-09-02 17:40,21.2,49,
_1828,LJUBLJANA - BEŽIGRAD,2022-09-02 17:50,20.9,50,
_1828,LJUBLJANA - BEŽIGRAD,2022-09-02 18:00,20.7,50,0
_1828,LJUBLJANA - BEŽIGRAD,2022-09-02 18:10,20.5,52,
_1828,LJUBLJANA - BEŽIGRAD,2022-09-02 18:20,20.4,53,
_1828,LJUBLJANA - BEŽIGRAD,2022-09-02 18:30,20.2,54,0
_1828,LJUBLJANA - BEŽIGRAD,2022-09-02 18:40,20,55,
_1828,LJUBLJANA - BEŽIGRAD,2022-09-02 18:50,19.8,57,
_1828,LJUBLJANA - BEŽIGRAD,2022-09-02 19:00,19.7,58,0
_1828,LJUBLJANA - BEŽIGRAD,2022-09-02 19:10,19.5,59,
_1828,LJUBLJANA - BEŽIGRAD,2022-09-02 19:20,19.3,60,
_1828,LJUBLJANA - BEŽIGRAD,2022-09-02 19:30,19.1,61,0
_1828,LJUBLJANA - BEŽIGRAD,2022-09-02 19:40,19,62,
_1828,LJUBLJANA - BEŽIGRAD,2022-09-02 19:50,18.9,62,
_1828,LJUBLJANA - BEŽIGRAD,2022-09-02 20:00,18.9,62,0
_1828,LJUBLJANA - BEŽIGRAD,2022-09-02 20:10,18.8,62,
_1828,LJUBLJANA - BEŽIGRAD,2022-09-02 20:20,18.7,63,
_1828,LJUBLJANA - BEŽIGRAD,2022-09-02 20:30,18.4,64,0
_1828,LJUBLJANA - BEŽIGRAD,2022-09-02 20:40,18.2,65,
_1828,LJUBLJANA - BEŽIGRAD,2022-09-02 20:50,17.9,67,
_1828,LJUBLJANA - BEŽIGRAD,2022-09-02 21:00,17.5,68,0
_1828,LJUBLJANA - BEŽIGRAD,2022-09-02 21:10,17.1,70,
_1828,LJUBLJANA - BEŽIGRAD,2022-09-02 21:20,16.8,71,
_1828,LJUBLJANA - BEŽIGRAD,2022-09-02 21:30,16.6,72,0
_1828,LJUBLJANA - BEŽIGRAD,2022-09-02 21:40,16.7,72,
_1828,LJUBLJANA - BEŽIGRAD,2022-09-02 21:50,16.4,74,
_1828,LJUBLJANA - BEŽIGRAD,2022-09-02 22:00,16.3,75,0
_1828,LJUBLJANA - BEŽIGRAD,2022-09-02 22:10,16.1,76,
_1828,LJUBLJANA - BEŽIGRAD,2022-09-02 22:20,15.9,77,
_1828,LJUBLJANA - BEŽIGRAD,2022-09-02 22:30,15.9,78,0
_1828,LJUBLJANA - BEŽIGRAD,2022-09-02 22:40,15.7,78,
_1828,LJUBLJANA - BEŽIGRAD,2022-09-02 22:50,15.4,80,
_1828,LJUBLJANA - BEŽIGRAD,2022-09-02 23:00,15.2,81,0
_1828,LJUBLJANA - BEŽIGRAD,2022-09-02 23:10,15,81,
_1828,LJUBLJANA - BEŽIGRAD,2022-09-02 23:20,14.9,81,
_1828,LJUBLJANA - BEŽIGRAD,2022-09-02 23:30,14.6,82,0
_1828,LJUBLJANA - BEŽIGRAD,2022-09-02 23:40,14.3,83,
_1828,LJUBLJANA - BEŽIGRAD,2022-09-02 23:50,14.2,85,
_1828,LJUBLJANA - BEŽIGRAD,2022-09-03 00:00,14.1,86,0
_1828,LJUBLJANA - BEŽIGRAD,2022-09-03 00:10,13.9,87,
_1828,LJUBLJANA - BEŽIGRAD,2022-09-03 00:20,13.8,87,
_1828,LJUBLJANA - BEŽIGRAD,2022-09-03 00:30,13.8,87,0
_1828,LJUBLJANA - BEŽIGRAD,2022-09-03 00:40,13.7,88,
_1828,LJUBLJANA - BEŽIGRAD,2022-09-03 00:50,13.5,88,
_1828,LJUBLJANA - BEŽIGRAD,2022-09-03 01:00,13.3,89,0
_1828,LJUBLJANA - BEŽIGRAD,2022-09-03 01:10,13.3,89,
_1828,LJUBLJANA - BEŽIGRAD,2022-09-03 01:20,13.3,88,
_1828,LJUBLJANA - BEŽIGRAD,2022-09-03 01:30,13.3,89,0
_1828,LJUBLJANA - BEŽIGRAD,2022-09-03 01:40,13.2,89,
_1828,LJUBLJANA - BEŽIGRAD,2022-09-03 01:50,13,88,
_1828,LJUBLJANA - BEŽIGRAD,2022-09-03 02:00,12.9,88,0
_1828,LJUBLJANA - BEŽIGRAD,2022-09-03 02:10,12.7,89,
_1828,LJUBLJANA - BEŽIGRAD,2022-09-03 02:20,12.6,89,
_1828,LJUBLJANA - BEŽIGRAD,2022-09-03 02:30,12.6,89,0
_1828,LJUBLJANA - BEŽIGRAD,2022-09-03 02:40,12.5,89,
_1828,LJUBLJANA - BEŽIGRAD,2022-09-03 02:50,12.4,90,
_1828,LJUBLJANA - BEŽIGRAD,2022-09-03 03:00,12.5,90,0
_1828,LJUBLJANA - BEŽIGRAD,2022-09-03 03:10,12.4,91,
_1828,LJUBLJANA - BEŽIGRAD,2022-09-03 03:20,12.3,91,
_1828,LJUBLJANA - BEŽIGRAD,2022-09-03 03:30,12.3,92,0
_1828,LJUBLJANA - BEŽIGRAD,2022-09-03 03:40,12.2,92,
_1828,LJUBLJANA - BEŽIGRAD,2022-09-03 03:50,12.1,92,
_1828,LJUBLJANA - BEŽIGRAD,2022-09-03 04:00,12,92,0
_1828,LJUBLJANA - BEŽIGRAD,2022-09-03 04:10,11.8,93,
_1828,LJUBLJANA - BEŽIGRAD,2022-09-03 04:20,11.7,93,
_1828,LJUBLJANA - BEŽIGRAD,2022-09-03 04:30,11.5,93,0
_1828,LJUBLJANA - BEŽIGRAD,2022-09-03 04:40,11.5,94,
_1828,LJUBLJANA - BEŽIGRAD,2022-09-03 04:50,11.5,94,
_1828,LJUBLJANA - BEŽIGRAD,2022-09-03 05:00,11.6,94,0
_1828,LJUBLJANA - BEŽIGRAD,2022-09-03 05:10,11.7,93,
_1828,LJUBLJANA - BEŽIGRAD,2022-09-03 05:20,11.6,93,
_1828,LJUBLJANA - BEŽIGRAD,2022-09-03 05:30,11.6,93,0
_1828,LJUBLJANA - BEŽIGRAD,2022-09-03 05:40,11.6,93,
_1828,LJUBLJANA - BEŽIGRAD,2022-09-03 05:50,11.4,93,
_1828,LJUBLJANA - BEŽIGRAD,2022-09-03 06:00,11.4,94,0
_1828,LJUBLJANA - BEŽIGRAD,2022-09-03 06:10,11.5,93,
_1828,LJUBLJANA - BEŽIGRAD,2022-09-03 06:20,11.7,92,
_1828,LJUBLJANA - BEŽIGRAD,2022-09-03 06:30,11.9,91,0
_1828,LJUBLJANA - BEŽIGRAD,2022-09-03 06:40,12.1,90,
_1828,LJUBLJANA - BEŽIGRAD,2022-09-03 06:50,12.3,89,
_1828,LJUBLJANA - BEŽIGRAD,2022-09-03 07:00,12.4,89,0
_1828,LJUBLJANA - BEŽIGRAD,2022-09-03 07:10,12.6,88,
_1828,LJUBLJANA - BEŽIGRAD,2022-09-03 07:20,12.8,87,
_1828,LJUBLJANA - BEŽIGRAD,2022-09-03 07:30,13,86,0
_1828,LJUBLJANA - BEŽIGRAD,2022-09-03 07:40,13.2,86,
_1828,LJUBLJANA - BEŽIGRAD,2022-09-03 07:50,13.5,85,
_1828,LJUBLJANA - BEŽIGRAD,2022-09-03 08:00,13.9,84,0
_1828,LJUBLJANA - BEŽIGRAD,2022-09-03 08:10,14.4,83,
_1828,LJUBLJANA - BEŽIGRAD,2022-09-03 08:20,14.7,81,
_1828,LJUBLJANA - BEŽIGRAD,2022-09-03 08:30,15,80,0
_1828,LJUBLJANA - BEŽIGRAD,2022-09-03 08:40,15.6,78,
_1828,LJUBLJANA - BEŽIGRAD,2022-09-03 08:50,15.9,76,
_1828,LJUBLJANA - BEŽIGRAD,2022-09-03 09:00,16.4,75,0
_1828,LJUBLJANA - BEŽIGRAD,2022-09-03 09:10,16.8,73,
_1828,LJUBLJANA - BEŽIGRAD,2022-09-03 09:20,17.4,71,
_1828,LJUBLJANA - BEŽIGRAD,2022-09-03 09:30,18,68,0
_1828,LJUBLJANA - BEŽIGRAD,2022-09-03 09:40,18.6,66,
_1828,LJUBLJANA - BEŽIGRAD,2022-09-03 09:50,19.2,63,
_1828,LJUBLJANA - BEŽIGRAD,2022-09-03 10:00,19.5,62,0
_1828,LJUBLJANA - BEŽIGRAD,2022-09-03 10:10,20.4,59,
_1828,LJUBLJANA - BEŽIGRAD,2022-09-03 10:20,20.2,58,
_1828,LJUBLJANA - BEŽIGRAD,2022-09-03 10:30,20.7,55,0
_1828,LJUBLJANA - BEŽIGRAD,2022-09-03 10:40,20.9,55,
_1828,LJUBLJANA - BEŽIGRAD,2022-09-03 10:50,21.2,54,
_1828,LJUBLJANA - BEŽIGRAD,2022-09-03 11:00,21.6,54,0
_1828,LJUBLJANA - BEŽIGRAD,2022-09-03 11:10,21.9,53,
_1828,LJUBLJANA - BEŽIGRAD,2022-09-03 11:20,22.1,53,
_1828,LJUBLJANA - BEŽIGRAD,2022-09-03 11:30,22.2,53,0
_1828,LJUBLJANA - BEŽIGRAD,2022-09-03 11:40,22.5,52,
_1828,LJUBLJANA - BEŽIGRAD,2022-09-03 11:50,22.6,52,
_1828,LJUBLJANA - BEŽIGRAD,2022-09-03 12:00,23.1,49,0
_1828,LJUBLJANA - BEŽIGRAD,2022-09-03 12:10,23.4,48,
_1828,LJUBLJANA - BEŽIGRAD,2022-09-03 12:20,23.7,48,
_1828,LJUBLJANA - BEŽIGRAD,2022-09-03 12:30,23.8,47,0
_1828,LJUBLJANA - BEŽIGRAD,2022-09-03 12:40,24.2,45,
_1828,LJUBLJANA - BEŽIGRAD,2022-09-03 12:50,24.1,44,
_1828,LJUBLJANA - BEŽIGRAD,2022-09-03 13:00,24.7,43,0
_1828,LJUBLJANA - BEŽIGRAD,2022-09-03 13:10,24.6,42,
_1828,LJUBLJANA - BEŽIGRAD,2022-09-03 13:20,24.7,43,
_1828,LJUBLJANA - BEŽIGRAD,2022-09-03 13:30,25.1,42,0
_1828,LJUBLJANA - BEŽIGRAD,2022-09-03 13:40,25.3,42,
_1828,LJUBLJANA - BEŽIGRAD,2022-09-03 13:50,25.4,41,
_1828,LJUBLJANA - BEŽIGRAD,2022-09-03 14:00,25.6,40,0
_1828,LJUBLJANA - BEŽIGRAD,2022-09-03 14:10,25.6,40,
_1828,LJUBLJANA - BEŽIGRAD,2022-09-03 14:20,25.9,40,
_1828,LJUBLJANA - BEŽIGRAD,2022-09-03 14:30,26.2,40,0
_1828,LJUBLJANA - BEŽIGRAD,2022-09-03 14:40,26.7,41,
_1828,LJUBLJANA - BEŽIGRAD,2022-09-03 14:50,26.5,41,
_1828,LJUBLJANA - BEŽIGRAD,2022-09-03 15:00,26.6,41,0
_1828,LJUBLJANA - BEŽIGRAD,2022-09-03 15:10,26.6,41,
_1828,LJUBLJANA - BEŽIGRAD,2022-09-03 15:20,26.2,42,
_1828,LJUBLJANA - BEŽIGRAD,2022-09-03 15:30,25.9,43,0
_1828,LJUBLJANA - BEŽIGRAD,2022-09-03 15:40,25.9,43,
_1828,LJUBLJANA - BEŽIGRAD,2022-09-03 15:50,25.5,44,
_1828,LJUBLJANA - BEŽIGRAD,2022-09-03 16:00,25,46,0
_1828,LJUBLJANA - BEŽIGRAD,2022-09-03 16:10,24.8,48,
_1828,LJUBLJANA - BEŽIGRAD,2022-09-03 16:20,24.9,48,
_1828,LJUBLJANA - BEŽIGRAD,2022-09-03 16:30,25.2,47,0
_1828,LJUBLJANA - BEŽIGRAD,2022-09-03 16:40,25,47,
_1828,LJUBLJANA - BEŽIGRAD,2022-09-03 16:50,24.9,47,
_1828,LJUBLJANA - BEŽIGRAD,2022-09-03 17:00,25.1,46,0
_1828,LJUBLJANA - BEŽIGRAD,2022-09-03 17:10,24.9,47,
_1828,LJUBLJANA - BEŽIGRAD,2022-09-03 17:20,24.8,48,
_1828,LJUBLJANA - BEŽIGRAD,2022-09-03 17:30,24.5,48,0
_1828,LJUBLJANA - BEŽIGRAD,2022-09-03 17:40,24.2,50,
_1828,LJUBLJANA - BEŽIGRAD,2022-09-03 17:50,23.9,49,
_1828,LJUBLJANA - BEŽIGRAD,2022-09-03 18:00,23.7,51,0
_1828,LJUBLJANA - BEŽIGRAD,2022-09-03 18:10,23.5,51,
_1828,LJUBLJANA - BEŽIGRAD,2022-09-03 18:20,23.4,50,
_1828,LJUBLJANA - BEŽIGRAD,2022-09-03 18:30,23.1,53,0
_1828,LJUBLJANA - BEŽIGRAD,2022-09-03 18:40,22.7,54,
_1828,LJUBLJANA - BEŽIGRAD,2022-09-03 18:50,22.5,56,
_1828,LJUBLJANA - BEŽIGRAD,2022-09-03 19:00,22.2,55,0
_1828,LJUBLJANA - BEŽIGRAD,2022-09-03 19:10,22,55,
_1828,LJUBLJANA - BEŽIGRAD,2022-09-03 19:20,21.8,56,
_1828,LJUBLJANA - BEŽIGRAD,2022-09-03 19:30,21.5,58,0
_1828,LJUBLJANA - BEŽIGRAD,2022-09-03 19:40,21.3,60,
_1828,LJUBLJANA - BEŽIGRAD,2022-09-03 19:50,21,60,
_1828,LJUBLJANA - BEŽIGRAD,2022-09-03 20:00,21.1,58,0
_1828,LJUBLJANA - BEŽIGRAD,2022-09-03 20:10,20.9,58,
_1828,LJUBLJANA - BEŽIGRAD,2022-09-03 20:20,20.6,57,
_1828,LJUBLJANA - BEŽIGRAD,2022-09-03 20:30,20.5,57,0
_1828,LJUBLJANA - BEŽIGRAD,2022-09-03 20:40,20.4,56,
_1828,LJUBLJANA - BEŽIGRAD,2022-09-03 20:50,20.3,57,
_1828,LJUBLJANA - BEŽIGRAD,2022-09-03 21:00,20.3,57,0
_1828,LJUBLJANA - BEŽIGRAD,2022-09-03 21:10,20.3,57,
_1828,LJUBLJANA - BEŽIGRAD,2022-09-03 21:20,20.2,57,
_1828,LJUBLJANA - BEŽIGRAD,2022-09-03 21:30,20.1,58,0
_1828,LJUBLJANA - BEŽIGRAD,2022-09-03 21:40,19.9,59,
_1828,LJUBLJANA - BEŽIGRAD,2022-09-03 21:50,19.8,60,
_1828,LJUBLJANA - BEŽIGRAD,2022-09-03 22:00,19.6,60,0
_1828,LJUBLJANA - BEŽIGRAD,2022-09-03 22:10,19.3,62,
_1828,LJUBLJANA - BEŽIGRAD,2022-09-03 22:20,18.9,63,
_1828,LJUBLJANA - BEŽIGRAD,2022-09-03 22:30,19,63,0
_1828,LJUBLJANA - BEŽIGRAD,2022-09-03 22:40,18.7,64,
_1828,LJUBLJANA - BEŽIGRAD,2022-09-03 22:50,18.5,65,
_1828,LJUBLJANA - BEŽIGRAD,2022-09-03 23:00,18.7,64,0
_1828,LJUBLJANA - BEŽIGRAD,2022-09-03 23:10,18.8,64,
_1828,LJUBLJANA - BEŽIGRAD,2022-09-03 23:20,18.5,66,
_1828,LJUBLJANA - BEŽIGRAD,2022-09-03 23:30,18.3,68,0
_1828,LJUBLJANA - BEŽIGRAD,2022-09-03 23:40,17.9,74,
_1828,LJUBLJANA - BEŽIGRAD,2022-09-03 23:50,17.5,78,
_1828,LJUBLJANA - BEŽIGRAD,2022-09-04 00:00,17,81,0
_1828,LJUBLJANA - BEŽIGRAD,2022-09-04 00:10,16.8,82,
_1828,LJUBLJANA - BEŽIGRAD,2022-09-04 00:20,16.6,81,
_1828,LJUBLJANA - BEŽIGRAD,2022-09-04 00:30,16.5,81,0
_1828,LJUBLJANA - BEŽIGRAD,2022-09-04 00:40,16.3,81,
_1828,LJUBLJANA - BEŽIGRAD,2022-09-04 00:50,16.1,82,
_1828,LJUBLJANA - BEŽIGRAD,2022-09-04 01:00,16,83,0
_1828,LJUBLJANA - BEŽIGRAD,2022-09-04 01:10,15.9,83,
_1828,LJUBLJANA - BEŽIGRAD,2022-09-04 01:20,15.9,84,
_1828,LJUBLJANA - BEŽIGRAD,2022-09-04 01:30,15.9,84,0
_1828,LJUBLJANA - BEŽIGRAD,2022-09-04 01:40,15.7,84,
_1828,LJUBLJANA - BEŽIGRAD,2022-09-04 01:50,15.5,84,
_1828,LJUBLJANA - BEŽIGRAD,2022-09-04 02:00,15.3,85,0
_1828,LJUBLJANA - BEŽIGRAD,2022-09-04 02:10,15.3,85,
_1828,LJUBLJANA - BEŽIGRAD,2022-09-04 02:20,15.2,87,
_1828,LJUBLJANA - BEŽIGRAD,2022-09-04 02:30,15,87,0
_1828,LJUBLJANA - BEŽIGRAD,2022-09-04 02:40,14.9,87,
_1828,LJUBLJANA - BEŽIGRAD,2022-09-04 02:50,14.9,87,
_1828,LJUBLJANA - BEŽIGRAD,2022-09-04 03:00,14.7,88,0
_1828,LJUBLJANA - BEŽIGRAD,2022-09-04 03:10,14.5,89,
_1828,LJUBLJANA - BEŽIGRAD,2022-09-04 03:20,14.5,90,
_1828,LJUBLJANA - BEŽIGRAD,2022-09-04 03:30,14.4,91,0
_1828,LJUBLJANA - BEŽIGRAD,2022-09-04 03:40,14.5,91,
_1828,LJUBLJANA - BEŽIGRAD,2022-09-04 03:50,14.6,90,
_1828,LJUBLJANA - BEŽIGRAD,2022-09-04 04:00,14.5,89,0
_1828,LJUBLJANA - BEŽIGRAD,2022-09-04 04:10,14.3,90,
_1828,LJUBLJANA - BEŽIGRAD,2022-09-04 04:20,14.2,91,
_1828,LJUBLJANA - BEŽIGRAD,2022-09-04 04:30,14.1,91,0
_1828,LJUBLJANA - BEŽIGRAD,2022-09-04 04:40,14,91,
_1828,LJUBLJANA - BEŽIGRAD,2022-09-04 04:50,13.9,92,
_1828,LJUBLJANA - BEŽIGRAD,2022-09-04 05:00,13.8,91,0
_1828,LJUBLJANA - BEŽIGRAD,2022-09-04 05:10,13.7,91,
_1828,LJUBLJANA - BEŽIGRAD,2022-09-04 05:20,13.7,92,
_1828,LJUBLJANA - BEŽIGRAD,2022-09-04 05:30,13.7,92,0
_1828,LJUBLJANA - BEŽIGRAD,2022-09-04 05:40,13.7,92,
_1828,LJUBLJANA - BEŽIGRAD,2022-09-04 05:50,13.9,91,
_1828,LJUBLJANA - BEŽIGRAD,2022-09-04 06:00,14.1,90,0
_1828,LJUBLJANA - BEŽIGRAD,2022-09-04 06:10,14.2,90,
_1828,LJUBLJANA - BEŽIGRAD,2022-09-04 06:20,14.3,90,
_1828,LJUBLJANA - BEŽIGRAD,2022-09-04 06:30,14.5,89,0
_1828,LJUBLJANA - BEŽIGRAD,2022-09-04 06:40,14.6,89,
_1828,LJUBLJANA - BEŽIGRAD,2022-09-04 06:50,14.7,89,
_1828,LJUBLJANA - BEŽIGRAD,2022-09-04 07:00,14.9,88,0
_1828,LJUBLJANA - BEŽIGRAD,2022-09-04 07:10,15.2,87,
_1828,LJUBLJANA - BEŽIGRAD,2022-09-04 07:20,15.7,85,
_1828,LJUBLJANA - BEŽIGRAD,2022-09-04 07:30,16,83,0
_1828,LJUBLJANA - BEŽIGRAD,2022-09-04 07:40,16.4,81,
_1828,LJUBLJANA - BEŽIGRAD,2022-09-04 07:50,16.6,80,
_1828,LJUBLJANA - BEŽIGRAD,2022-09-04 08:00,17.1,77,0
_1828,LJUBLJANA - BEŽIGRAD,2022-09-04 08:10,17.5,75,
_1828,LJUBLJANA - BEŽIGRAD,2022-09-04 08:20,17.8,73,
_1828,LJUBLJANA - BEŽIGRAD,2022-09-04 08:30,18.1,73,0
_1828,LJUBLJANA - BEŽIGRAD,2022-09-04 08:40,18.6,72,
_1828,LJUBLJANA - BEŽIGRAD,2022-09-04 08:50,18.7,69,
_1828,LJUBLJANA - BEŽIGRAD,2022-09-04 09:00,18.8,68,0
_1828,LJUBLJANA - BEŽIGRAD,2022-09-04 09:10,18.9,68,
_1828,LJUBLJANA - BEŽIGRAD,2022-09-04 09:20,19.3,67,
_1828,LJUBLJANA - BEŽIGRAD,2022-09-04 09:30,20,64,0
_1828,LJUBLJANA - BEŽIGRAD,2022-09-04 09:40,20.5,61,
_1828,LJUBLJANA - BEŽIGRAD,2022-09-04 09:50,21.2,59,
_1828,LJUBLJANA - BEŽIGRAD,2022-09-04 10:00,21.8,58,0
_1828,LJUBLJANA - BEŽIGRAD,2022-09-04 10:10,22,57,
_1828,LJUBLJANA - BEŽIGRAD,2022-09-04 10:20,22.1,57,
_1828,LJUBLJANA - BEŽIGRAD,2022-09-04 10:30,22.2,58,0
_1828,LJUBLJANA - BEŽIGRAD,2022-09-04 10:40,22.7,57,
_1828,LJUBLJANA - BEŽIGRAD,2022-09-04 10:50,23.2,55,
_1828,LJUBLJANA - BEŽIGRAD,2022-09-04 11:00,23.9,53,0
_1828,LJUBLJANA - BEŽIGRAD,2022-09-04 11:10,23.8,52,
_1828,LJUBLJANA - BEŽIGRAD,2022-09-04 11:20,24.3,51,
_1828,LJUBLJANA - BEŽIGRAD,2022-09-04 11:30,24.7,49,0
_1828,LJUBLJANA - BEŽIGRAD,2022-09-04 11:40,24.8,49,
_1828,LJUBLJANA - BEŽIGRAD,2022-09-04 11:50,24.9,49,
_1828,LJUBLJANA - BEŽIGRAD,2022-09-04 12:00,24.7,48,0
_1828,LJUBLJANA - BEŽIGRAD,2022-09-04 12:10,25.1,48,
_1828,LJUBLJANA - BEŽIGRAD,2022-09-04 12:20,25.3,47,
_1828,LJUBLJANA - BEŽIGRAD,2022-09-04 12:30,25.6,45,0
_1828,LJUBLJANA - BEŽIGRAD,2022-09-04 12:40,26.4,43,
_1828,LJUBLJANA - BEŽIGRAD,2022-09-04 12:50,26.3,43,
_1828,LJUBLJANA - BEŽIGRAD,2022-09-04 13:00,26.4,43,0
_1828,LJUBLJANA - BEŽIGRAD,2022-09-04 13:10,26.9,42,
_1828,LJUBLJANA - BEŽIGRAD,2022-09-04 13:20,26.9,41,
_1828,LJUBLJANA - BEŽIGRAD,2022-09-04 13:30,27.1,41,0
_1828,LJUBLJANA - BEŽIGRAD,2022-09-04 13:40,27.4,40,
_1828,LJUBLJANA - BEŽIGRAD,2022-09-04 13:50,27.9,38,
_1828,LJUBLJANA - BEŽIGRAD,2022-09-04 14:00,27.8,38,0
_1828,LJUBLJANA - BEŽIGRAD,2022-09-04 14:10,28,36,
_1828,LJUBLJANA - BEŽIGRAD,2022-09-04 14:20,28.2,35,
_1828,LJUBLJANA - BEŽIGRAD,2022-09-04 14:30,28.3,35,0
_1828,LJUBLJANA - BEŽIGRAD,2022-09-04 14:40,28,36,
_1828,LJUBLJANA - BEŽIGRAD,2022-09-04 14:50,28.4,35,
_1828,LJUBLJANA - BEŽIGRAD,2022-09-04 15:00,28.6,34,0
_1828,LJUBLJANA - BEŽIGRAD,2022-09-04 15:10,28.4,34,
_1828,LJUBLJANA - BEŽIGRAD,2022-09-04 15:20,28,35,
_1828,LJUBLJANA - BEŽIGRAD,2022-09-04 15:30,28.2,35,0
_1828,LJUBLJANA - BEŽIGRAD,2022-09-04 15:40,28.6,34,
_1828,LJUBLJANA - BEŽIGRAD,2022-09-04 15:50,28.7,34,
_1828,LJUBLJANA - BEŽIGRAD,2022-09-04 16:00,28.1,36,0
_1828,LJUBLJANA - BEŽIGRAD,2022-09-04 16:10,28.4,36,
_1828,LJUBLJANA - BEŽIGRAD,2022-09-04 16:20,28.5,36,
_1828,LJUBLJANA - BEŽIGRAD,2022-09-04 16:30,28.6,36,0
_1828,LJUBLJANA - BEŽIGRAD,2022-09-04 16:40,28.6,37,
_1828,LJUBLJANA - BEŽIGRAD,2022-09-04 16:50,27.9,42,
_1828,LJUBLJANA - BEŽIGRAD,2022-09-04 17:00,26.6,47,0
_1828,LJUBLJANA - BEŽIGRAD,2022-09-04 17:10,25.4,52,
_1828,LJUBLJANA - BEŽIGRAD,2022-09-04 17:20,24.9,54,
_1828,LJUBLJANA - BEŽIGRAD,2022-09-04 17:30,24.5,57,0
_1828,LJUBLJANA - BEŽIGRAD,2022-09-04 17:40,24,58,
_1828,LJUBLJANA - BEŽIGRAD,2022-09-04 17:50,23.3,54,
_1828,LJUBLJANA - BEŽIGRAD,2022-09-04 18:00,22.5,56,0
_1828,LJUBLJANA - BEŽIGRAD,2022-09-04 18:10,22.1,57,
_1828,LJUBLJANA - BEŽIGRAD,2022-09-04 18:20,21.9,57,
_1828,LJUBLJANA - BEŽIGRAD,2022-09-04 18:30,21.8,59,0
_1828,LJUBLJANA - BEŽIGRAD,2022-09-04 18:40,21.6,61,
_1828,LJUBLJANA - BEŽIGRAD,2022-09-04 18:50,21.4,61,
_1828,LJUBLJANA - BEŽIGRAD,2022-09-04 19:00,21.3,60,0
_1828,LJUBLJANA - BEŽIGRAD,2022-09-04 19:10,21.2,60,
_1828,LJUBLJANA - BEŽIGRAD,2022-09-04 19:20,21,62,
_1828,LJUBLJANA - BEŽIGRAD,2022-09-04 19:30,21,62,0
_1828,LJUBLJANA - BEŽIGRAD,2022-09-04 19:40,20.9,64,
_1828,LJUBLJANA - BEŽIGRAD,2022-09-04 19:50,20.9,64,
_1828,LJUBLJANA - BEŽIGRAD,2022-09-04 20:00,20.8,66,0
_1828,LJUBLJANA - BEŽIGRAD,2022-09-04 20:10,20.3,70,
_1828,LJUBLJANA - BEŽIGRAD,2022-09-04 20:20,20,72,
_1828,LJUBLJANA - BEŽIGRAD,2022-09-04 20:30,19.6,76,0
_1828,LJUBLJANA - BEŽIGRAD,2022-09-04 20:40,19.4,77,
_1828,LJUBLJANA - BEŽIGRAD,2022-09-04 20:50,19.3,77,
_1828,LJUBLJANA - BEŽIGRAD,2022-09-04 21:00,19.3,77,0
_1828,LJUBLJANA - BEŽIGRAD,2022-09-04 21:10,19.2,77,
_1828,LJUBLJANA - BEŽIGRAD,2022-09-04 21:20,19.1,79,
_1828,LJUBLJANA - BEŽIGRAD,2022-09-04 21:30,19,80,0
_1828,LJUBLJANA - BEŽIGRAD,2022-09-04 21:40,18.9,80,
_1828,LJUBLJANA - BEŽIGRAD,2022-09-04 21:50,18.7,81,
_1828,LJUBLJANA - BEŽIGRAD,2022-09-04 22:00,18.5,82,0
_1828,LJUBLJANA - BEŽIGRAD,2022-09-04 22:10,18.4,83,
_1828,LJUBLJANA - BEŽIGRAD,2022-09-04 22:20,18.3,84,
_1828,LJUBLJANA - BEŽIGRAD,2022-09-04 22:30,18.1,85,0
_1828,LJUBLJANA - BEŽIGRAD,2022-09-04 22:40,17.9,86,
_1828,LJUBLJANA - BEŽIGRAD,2022-09-04 22:50,17.8,86,
_1828,LJUBLJANA - BEŽIGRAD,2022-09-04 23:00,17.6,88,0
_1828,LJUBLJANA - BEŽIGRAD,2022-09-04 23:10,17.4,89,
_1828,LJUBLJANA - BEŽIGRAD,2022-09-04 23:20,17.3,89,
_1828,LJUBLJANA - BEŽIGRAD,2022-09-04 23:30,17.2,90,0
_1828,LJUBLJANA - BEŽIGRAD,2022-09-04 23:40,17.1,91,
_1828,LJUBLJANA - BEŽIGRAD,2022-09-04 23:50,17,91,
_1828,LJUBLJANA - BEŽIGRAD,2022-09-05 00:00,16.9,91,0
_1828,LJUBLJANA - BEŽIGRAD,2022-09-05 00:10,16.7,92,
_1828,LJUBLJANA - BEŽIGRAD,2022-09-05 00:20,16.7,92,
_1828,LJUBLJANA - BEŽIGRAD,2022-09-05 00:30,16.6,92,0
_1828,LJUBLJANA - BEŽIGRAD,2022-09-05 00:40,16.6,92,
_1828,LJUBLJANA - BEŽIGRAD,2022-09-05 00:50,16.5,92,
_1828,LJUBLJANA - BEŽIGRAD,2022-09-05 01:00,16.4,93,0
_1828,LJUBLJANA - BEŽIGRAD,2022-09-05 01:10,16.2,93,
_1828,LJUBLJANA - BEŽIGRAD,2022-09-05 01:20,16.1,94,
_1828,LJUBLJANA - BEŽIGRAD,2022-09-05 01:30,15.9,94,0
_1828,LJUBLJANA - BEŽIGRAD,2022-09-05 01:40,15.9,94,
_1828,LJUBLJANA - BEŽIGRAD,2022-09-05 01:50,15.8,94,
_1828,LJUBLJANA - BEŽIGRAD,2022-09-05 02:00,15.8,94,0
_1828,LJUBLJANA - BEŽIGRAD,2022-09-05 02:10,15.7,94,
_1828,LJUBLJANA - BEŽIGRAD,2022-09-05 02:20,15.6,95,
_1828,LJUBLJANA - BEŽIGRAD,2022-09-05 02:30,15.5,95,0
_1828,LJUBLJANA - BEŽIGRAD,2022-09-05 02:40,15.4,95,
_1828,LJUBLJANA - BEŽIGRAD,2022-09-05 02:50,15.3,95,
_1828,LJUBLJANA - BEŽIGRAD,2022-09-05 03:00,15.3,94,0
_1828,LJUBLJANA - BEŽIGRAD,2022-09-05 03:10,15.1,95,
_1828,LJUBLJANA - BEŽIGRAD,2022-09-05 03:20,15,95,
_1828,LJUBLJANA - BEŽIGRAD,2022-09-05 03:30,14.9,95,0
_1828,LJUBLJANA - BEŽIGRAD,2022-09-05 03:40,14.7,96,
_1828,LJUBLJANA - BEŽIGRAD,2022-09-05 03:50,14.5,96,
_1828,LJUBLJANA - BEŽIGRAD,2022-09-05 04:00,14.6,97,0
_1828,LJUBLJANA - BEŽIGRAD,2022-09-05 04:10,14.6,97,
_1828,LJUBLJANA - BEŽIGRAD,2022-09-05 04:20,14.6,97,
_1828,LJUBLJANA - BEŽIGRAD,2022-09-05 04:30,14.7,97,0
_1828,LJUBLJANA - BEŽIGRAD,2022-09-05 04:40,14.8,97,
_1828,LJUBLJANA - BEŽIGRAD,2022-09-05 04:50,14.8,97,
_1828,LJUBLJANA - BEŽIGRAD,2022-09-05 05:00,14.8,97,0
_1828,LJUBLJANA - BEŽIGRAD,2022-09-05 05:10,14.9,97,
_1828,LJUBLJANA - BEŽIGRAD,2022-09-05 05:20,14.9,97,
_1828,LJUBLJANA - BEŽIGRAD,2022-09-05 05:30,14.9,97,0
_1828,LJUBLJANA - BEŽIGRAD,2022-09-05 05:40,14.9,97,
_1828,LJUBLJANA - BEŽIGRAD,2022-09-05 05:50,14.9,97,
_1828,LJUBLJANA - BEŽIGRAD,2022-09-05 06:00,14.9,97,0
_1828,LJUBLJANA - BEŽIGRAD,2022-09-05 06:10,14.8,96,
_1828,LJUBLJANA - BEŽIGRAD,2022-09-05 06:20,14.9,96,
_1828,LJUBLJANA - BEŽIGRAD,2022-09-05 06:30,14.9,96,0
_1828,LJUBLJANA - BEŽIGRAD,2022-09-05 06:40,15,95,
_1828,LJUBLJANA - BEŽIGRAD,2022-09-05 06:50,15.1,96,
_1828,LJUBLJANA - BEŽIGRAD,2022-09-05 07:00,15.1,96,0
_1828,LJUBLJANA - BEŽIGRAD,2022-09-05 07:10,15.3,96,
_1828,LJUBLJANA - BEŽIGRAD,2022-09-05 07:20,15.3,95,
_1828,LJUBLJANA - BEŽIGRAD,2022-09-05 07:30,15.4,95,0
_1828,LJUBLJANA - BEŽIGRAD,2022-09-05 07:40,15.5,96,
_1828,LJUBLJANA - BEŽIGRAD,2022-09-05 07:50,15.6,95,
_1828,LJUBLJANA - BEŽIGRAD,2022-09-05 08:00,15.6,95,0
_1828,LJUBLJANA - BEŽIGRAD,2022-09-05 08:10,15.7,94,
_1828,LJUBLJANA - BEŽIGRAD,2022-09-05 08:20,16,93,
_1828,LJUBLJANA - BEŽIGRAD,2022-09-05 08:30,16.3,90,0
_1828,LJUBLJANA - BEŽIGRAD,2022-09-05 08:40,16.9,87,
_1828,LJUBLJANA - BEŽIGRAD,2022-09-05 08:50,17.1,85,
_1828,LJUBLJANA - BEŽIGRAD,2022-09-05 09:00,17.7,83,0
_1828,LJUBLJANA - BEŽIGRAD,2022-09-05 09:10,18.2,80,
_1828,LJUBLJANA - BEŽIGRAD,2022-09-05 09:20,18.8,77,
_1828,LJUBLJANA - BEŽIGRAD,2022-09-05 09:30,19.2,75,0
_1828,LJUBLJANA - BEŽIGRAD,2022-09-05 09:40,19.6,73,
_1828,LJUBLJANA - BEŽIGRAD,2022-09-05 09:50,20.1,71,
_1828,LJUBLJANA - BEŽIGRAD,2022-09-05 10:00,20.5,70,0
_1828,LJUBLJANA - BEŽIGRAD,2022-09-05 10:10,21,68,
_1828,LJUBLJANA - BEŽIGRAD,2022-09-05 10:20,20.9,67,
_1828,LJUBLJANA - BEŽIGRAD,2022-09-05 10:30,21.2,66,0
_1828,LJUBLJANA - BEŽIGRAD,2022-09-05 10:40,21.5,65,
_1828,LJUBLJANA - BEŽIGRAD,2022-09-05 10:50,21.7,66,
_1828,LJUBLJANA - BEŽIGRAD,2022-09-05 11:00,22.7,63,0
_1828,LJUBLJANA - BEŽIGRAD,2022-09-05 11:10,23.3,61,
_1828,LJUBLJANA - BEŽIGRAD,2022-09-05 11:20,23.3,61,
_1828,LJUBLJANA - BEŽIGRAD,2022-09-05 11:30,23.4,61,0
_1828,LJUBLJANA - BEŽIGRAD,2022-09-05 11:40,23.6,60,
_1828,LJUBLJANA - BEŽIGRAD,2022-09-05 11:50,24.4,58,
_1828,LJUBLJANA - BEŽIGRAD,2022-09-05 12:00,24.5,57,0
_1828,LJUBLJANA - BEŽIGRAD,2022-09-05 12:10,24.5,57,
_1828,LJUBLJANA - BEŽIGRAD,2022-09-05 12:20,24.3,58,
_1828,LJUBLJANA - BEŽIGRAD,2022-09-05 12:30,24.6,57,0
_1828,LJUBLJANA - BEŽIGRAD,2022-09-05 12:40,24.8,57,
_1828,LJUBLJANA - BEŽIGRAD,2022-09-05 12:50,25.3,56,
_1828,LJUBLJANA - BEŽIGRAD,2022-09-05 13:00,25.3,54,0
_1828,LJUBLJANA - BEŽIGRAD,2022-09-05 13:10,25.8,54,
_1828,LJUBLJANA - BEŽIGRAD,2022-09-05 13:20,25.9,54,
_1828,LJUBLJANA - BEŽIGRAD,2022-09-05 13:30,25.9,53,0
_1828,LJUBLJANA - BEŽIGRAD,2022-09-05 13:40,25.8,52,
_1828,LJUBLJANA - BEŽIGRAD,2022-09-05 13:50,26.6,50,
_1828,LJUBLJANA - BEŽIGRAD,2022-09-05 14:00,27.2,49,0
_1828,LJUBLJANA - BEŽIGRAD,2022-09-05 14:10,27.2,49,
_1828,LJUBLJANA - BEŽIGRAD,2022-09-05 14:20,27,50,
_1828,LJUBLJANA - BEŽIGRAD,2022-09-05 14:30,27.4,48,0
_1828,LJUBLJANA - BEŽIGRAD,2022-09-05 14:40,27.7,46,
_1828,LJUBLJANA - BEŽIGRAD,2022-09-05 14:50,28,45,
_1828,LJUBLJANA - BEŽIGRAD,2022-09-05 15:00,28,44,0
_1828,LJUBLJANA - BEŽIGRAD,2022-09-05 15:10,28.2,44,
_1828,LJUBLJANA - BEŽIGRAD,2022-09-05 15:20,28.3,43,
_1828,LJUBLJANA - BEŽIGRAD,2022-09-05 15:30,28.3,42,0
_1828,LJUBLJANA - BEŽIGRAD,2022-09-05 15:40,28.3,41,
_1828,LJUBLJANA - BEŽIGRAD,2022-09-05 15:50,28.4,41,
_1828,LJUBLJANA - BEŽIGRAD,2022-09-05 16:00,28.7,41,0
_1828,LJUBLJANA - BEŽIGRAD,2022-09-05 16:10,28.5,41,
_1828,LJUBLJANA - BEŽIGRAD,2022-09-05 16:20,28.8,41,
_1828,LJUBLJANA - BEŽIGRAD,2022-09-05 16:30,28.3,43,0
_1828,LJUBLJANA - BEŽIGRAD,2022-09-05 16:40,28.2,44,
_1828,LJUBLJANA - BEŽIGRAD,2022-09-05 16:50,28.2,45,
_1828,LJUBLJANA - BEŽIGRAD,2022-09-05 17:00,27.8,48,0
_1828,LJUBLJANA - BEŽIGRAD,2022-09-05 17:10,27.7,48,
_1828,LJUBLJANA - BEŽIGRAD,2022-09-05 17:20,27.4,50,
_1828,LJUBLJANA - BEŽIGRAD,2022-09-05 17:30,26.9,51,0
_1828,LJUBLJANA - BEŽIGRAD,2022-09-05 17:40,26.5,52,
_1828,LJUBLJANA - BEŽIGRAD,2022-09-05 17:50,26.1,53,
_1828,LJUBLJANA - BEŽIGRAD,2022-09-05 18:00,25.9,53,0
_1828,LJUBLJANA - BEŽIGRAD,2022-09-05 18:10,25.5,54,
_1828,LJUBLJANA - BEŽIGRAD,2022-09-05 18:20,25.2,55,
_1828,LJUBLJANA - BEŽIGRAD,2022-09-05 18:30,24.9,56,0
_1828,LJUBLJANA - BEŽIGRAD,2022-09-05 18:40,24.6,57,
_1828,LJUBLJANA - BEŽIGRAD,2022-09-05 18:50,24.4,58,
_1828,LJUBLJANA - BEŽIGRAD,2022-09-05 19:00,24.1,58,0
_1828,LJUBLJANA - BEŽIGRAD,2022-09-05 19:10,23.8,60,
_1828,LJUBLJANA - BEŽIGRAD,2022-09-05 19:20,23.6,60,
_1828,LJUBLJANA - BEŽIGRAD,2022-09-05 19:30,23.3,61,0
_1828,LJUBLJANA - BEŽIGRAD,2022-09-05 19:40,22.9,62,
_1828,LJUBLJANA - BEŽIGRAD,2022-09-05 19:50,22.6,63,
_1828,LJUBLJANA - BEŽIGRAD,2022-09-05 20:00,22.5,63,0
_1828,LJUBLJANA - BEŽIGRAD,2022-09-05 20:10,22.5,63,
_1828,LJUBLJANA - BEŽIGRAD,2022-09-05 20:20,22.4,63,
_1828,LJUBLJANA - BEŽIGRAD,2022-09-05 20:30,22.2,64,0
_1828,LJUBLJANA - BEŽIGRAD,2022-09-05 20:40,21.9,66,
_1828,LJUBLJANA - BEŽIGRAD,2022-09-05 20:50,21.5,68,
_1828,LJUBLJANA - BEŽIGRAD,2022-09-05 21:00,21.1,69,0
_1828,LJUBLJANA - BEŽIGRAD,2022-09-05 21:10,20.8,71,
_1828,LJUBLJANA - BEŽIGRAD,2022-09-05 21:20,20.8,71,
_1828,LJUBLJANA - BEŽIGRAD,2022-09-05 21:30,20.7,72,0
_1828,LJUBLJANA - BEŽIGRAD,2022-09-05 21:40,20.7,73,
_1828,LJUBLJANA - BEŽIGRAD,2022-09-05 21:50,20.5,74,
_1828,LJUBLJANA - BEŽIGRAD,2022-09-05 22:00,20.2,75,0
_1828,LJUBLJANA - BEŽIGRAD,2022-09-05 22:10,19.9,76,
_1828,LJUBLJANA - BEŽIGRAD,2022-09-05 22:20,19.5,78,
_1828,LJUBLJANA - BEŽIGRAD,2022-09-05 22:30,19.3,79,0
_1828,LJUBLJANA - BEŽIGRAD,2022-09-05 22:40,19.3,80,
_1828,LJUBLJANA - BEŽIGRAD,2022-09-05 22:50,19.4,79,
_1828,LJUBLJANA - BEŽIGRAD,2022-09-05 23:00,19.3,80,0
_1828,LJUBLJANA - BEŽIGRAD,2022-09-05 23:10,19.1,80,
_1828,LJUBLJANA - BEŽIGRAD,2022-09-05 23:20,18.9,81,
_1828,LJUBLJANA - BEŽIGRAD,2022-09-05 23:30,18.9,82,0
_1828,LJUBLJANA - BEŽIGRAD,2022-09-05 23:40,18.9,81,
_1828,LJUBLJANA - BEŽIGRAD,2022-09-05 23:50,19,80,
_1828,LJUBLJANA - BEŽIGRAD,2022-09-06 00:00,18.9,80,0
_1828,LJUBLJANA - BEŽIGRAD,2022-09-06 00:10,18.9,81,
_1828,LJUBLJANA - BEŽIGRAD,2022-09-06 00:20,18.9,80,
_1828,LJUBLJANA - BEŽIGRAD,2022-09-06 00:30,18.8,81,0
_1828,LJUBLJANA - BEŽIGRAD,2022-09-06 00:40,18.8,81,
_1828,LJUBLJANA - BEŽIGRAD,2022-09-06 00:50,18.7,81,
_1828,LJUBLJANA - BEŽIGRAD,2022-09-06 01:00,18.6,81,0
_1828,LJUBLJANA - BEŽIGRAD,2022-09-06 01:10,18.4,80,
_1828,LJUBLJANA - BEŽIGRAD,2022-09-06 01:20,18.3,81,
_1828,LJUBLJANA - BEŽIGRAD,2022-09-06 01:30,18.2,82,0
_1828,LJUBLJANA - BEŽIGRAD,2022-09-06 01:40,18.2,83,
_1828,LJUBLJANA - BEŽIGRAD,2022-09-06 01:50,18.2,83,
_1828,LJUBLJANA - BEŽIGRAD,2022-09-06 02:00,18.1,83,0
_1828,LJUBLJANA - BEŽIGRAD,2022-09-06 02:10,18.1,82,
_1828,LJUBLJANA - BEŽIGRAD,2022-09-06 02:20,18,82,
_1828,LJUBLJANA - BEŽIGRAD,2022-09-06 02:30,17.9,82,0
_1828,LJUBLJANA - BEŽIGRAD,2022-09-06 02:40,17.9,83,
_1828,LJUBLJANA - BEŽIGRAD,2022-09-06 02:50,17.7,84,
_1828,LJUBLJANA - BEŽIGRAD,2022-09-06 03:00,17.5,84,0
_1828,LJUBLJANA - BEŽIGRAD,2022-09-06 03:10,17.3,85,
_1828,LJUBLJANA - BEŽIGRAD,2022-09-06 03:20,17.1,86,
_1828,LJUBLJANA - BEŽIGRAD,2022-09-06 03:30,16.9,87,0
_1828,LJUBLJANA - BEŽIGRAD,2022-09-06 03:40,16.9,87,
_1828,LJUBLJANA - BEŽIGRAD,2022-09-06 03:50,16.7,88,
_1828,LJUBLJANA - BEŽIGRAD,2022-09-06 04:00,16.5,88,0
_1828,LJUBLJANA - BEŽIGRAD,2022-09-06 04:10,16.5,88,
_1828,LJUBLJANA - BEŽIGRAD,2022-09-06 04:20,16.4,88,
_1828,LJUBLJANA - BEŽIGRAD,2022-09-06 04:30,16.4,88,0
_1828,LJUBLJANA - BEŽIGRAD,2022-09-06 04:40,16.3,89,
_1828,LJUBLJANA - BEŽIGRAD,2022-09-06 04:50,16.2,89,
_1828,LJUBLJANA - BEŽIGRAD,2022-09-06 05:00,16.1,89,0
_1828,LJUBLJANA - BEŽIGRAD,2022-09-06 05:10,16.1,89,
_1828,LJUBLJANA - BEŽIGRAD,2022-09-06 05:20,15.9,89,
_1828,LJUBLJANA - BEŽIGRAD,2022-09-06 05:30,15.8,90,0
_1828,LJUBLJANA - BEŽIGRAD,2022-09-06 05:40,15.9,90,
_1828,LJUBLJANA - BEŽIGRAD,2022-09-06 05:50,15.9,89,
_1828,LJUBLJANA - BEŽIGRAD,2022-09-06 06:00,15.8,88,0
_1828,LJUBLJANA - BEŽIGRAD,2022-09-06 06:10,15.8,89,
_1828,LJUBLJANA - BEŽIGRAD,2022-09-06 06:20,15.8,89,
_1828,LJUBLJANA - BEŽIGRAD,2022-09-06 06:30,16,88,0
_1828,LJUBLJANA - BEŽIGRAD,2022-09-06 06:40,16.1,88,
_1828,LJUBLJANA - BEŽIGRAD,2022-09-06 06:50,16.3,86,
_1828,LJUBLJANA - BEŽIGRAD,2022-09-06 07:00,16.5,84,0
_1828,LJUBLJANA - BEŽIGRAD,2022-09-06 07:10,16.6,82,
_1828,LJUBLJANA - BEŽIGRAD,2022-09-06 07:20,16.8,82,
_1828,LJUBLJANA - BEŽIGRAD,2022-09-06 07:30,16.9,81,0
_1828,LJUBLJANA - BEŽIGRAD,2022-09-06 07:40,17.2,80,
_1828,LJUBLJANA - BEŽIGRAD,2022-09-06 07:50,17.5,79,
_1828,LJUBLJANA - BEŽIGRAD,2022-09-06 08:00,17.7,78,0
_1828,LJUBLJANA - BEŽIGRAD,2022-09-06 08:10,18,77,
_1828,LJUBLJANA - BEŽIGRAD,2022-09-06 08:20,18.4,76,
_1828,LJUBLJANA - BEŽIGRAD,2022-09-06 08:30,18.8,74,0
_1828,LJUBLJANA - BEŽIGRAD,2022-09-06 08:40,19.2,73,
_1828,LJUBLJANA - BEŽIGRAD,2022-09-06 08:50,19.7,71,
_1828,LJUBLJANA - BEŽIGRAD,2022-09-06 09:00,20.5,68,0
_1828,LJUBLJANA - BEŽIGRAD,2022-09-06 09:10,21,67,
_1828,LJUBLJANA - BEŽIGRAD,2022-09-06 09:20,21.5,65,
_1828,LJUBLJANA - BEŽIGRAD,2022-09-06 09:30,22,63,0
_1828,LJUBLJANA - BEŽIGRAD,2022-09-06 09:40,22.5,62,
_1828,LJUBLJANA - BEŽIGRAD,2022-09-06 09:50,23.1,60,
_1828,LJUBLJANA - BEŽIGRAD,2022-09-06 10:00,23.7,58,0
_1828,LJUBLJANA - BEŽIGRAD,2022-09-06 10:10,24,57,
_1828,LJUBLJANA - BEŽIGRAD,2022-09-06 10:20,24.3,55,
_1828,LJUBLJANA - BEŽIGRAD,2022-09-06 10:30,24.6,55,0
_1828,LJUBLJANA - BEŽIGRAD,2022-09-06 10:40,25.3,53,
_1828,LJUBLJANA - BEŽIGRAD,2022-09-06 10:50,26,50,
_1828,LJUBLJANA - BEŽIGRAD,2022-09-06 11:00,26.4,49,0
_1828,LJUBLJANA - BEŽIGRAD,2022-09-06 11:10,26.7,48,
_1828,LJUBLJANA - BEŽIGRAD,2022-09-06 11:20,26.9,48,
_1828,LJUBLJANA - BEŽIGRAD,2022-09-06 11:30,27,47,0
_1828,LJUBLJANA - BEŽIGRAD,2022-09-06 11:40,27.6,46,
_1828,LJUBLJANA - BEŽIGRAD,2022-09-06 11:50,28,45,
_1828,LJUBLJANA - BEŽIGRAD,2022-09-06 12:00,28.2,44,0
_1828,LJUBLJANA - BEŽIGRAD,2022-09-06 12:10,28.4,44,
_1828,LJUBLJANA - BEŽIGRAD,2022-09-06 12:20,29.3,42,
_1828,LJUBLJANA - BEŽIGRAD,2022-09-06 12:30,29.3,42,0
_1828,LJUBLJANA - BEŽIGRAD,2022-09-06 12:40,29.2,42,
_1828,LJUBLJANA - BEŽIGRAD,2022-09-06 12:50,29.3,42,
_1828,LJUBLJANA - BEŽIGRAD,2022-09-06 13:00,29.9,41,0
_1828,LJUBLJANA - BEŽIGRAD,2022-09-06 13:10,30.1,39,
_1828,LJUBLJANA - BEŽIGRAD,2022-09-06 13:20,30.1,38,
_1828,LJUBLJANA - BEŽIGRAD,2022-09-06 13:30,30.4,37,0
_1828,LJUBLJANA - BEŽIGRAD,2022-09-06 13:40,30.5,37,
_1828,LJUBLJANA - BEŽIGRAD,2022-09-06 13:50,30.4,38,
_1828,LJUBLJANA - BEŽIGRAD,2022-09-06 14:00,30.3,38,0
_1828,LJUBLJANA - BEŽIGRAD,2022-09-06 14:10,30.5,37,
_1828,LJUBLJANA - BEŽIGRAD,2022-09-06 14:20,30.9,36,
_1828,LJUBLJANA - BEŽIGRAD,2022-09-06 14:30,30.8,34,0
_1828,LJUBLJANA - BEŽIGRAD,2022-09-06 14:40,30.9,35,
_1828,LJUBLJANA - BEŽIGRAD,2022-09-06 14:50,30.6,38,
_1828,LJUBLJANA - BEŽIGRAD,2022-09-06 15:00,30.7,37,0
_1828,LJUBLJANA - BEŽIGRAD,2022-09-06 15:10,30.5,37,
_1828,LJUBLJANA - BEŽIGRAD,2022-09-06 15:20,30.6,36,
_1828,LJUBLJANA - BEŽIGRAD,2022-09-06 15:30,30.6,36,0
_1828,LJUBLJANA - BEŽIGRAD,2022-09-06 15:40,30.4,35,
_1828,LJUBLJANA - BEŽIGRAD,2022-09-06 15:50,30.3,37,
_1828,LJUBLJANA - BEŽIGRAD,2022-09-06 16:00,30.2,36,0
_1828,LJUBLJANA - BEŽIGRAD,2022-09-06 16:10,30.2,35,
_1828,LJUBLJANA - BEŽIGRAD,2022-09-06 16:20,30,36,
_1828,LJUBLJANA - BEŽIGRAD,2022-09-06 16:30,29.8,38,0
_1828,LJUBLJANA - BEŽIGRAD,2022-09-06 16:40,29.4,39,
_1828,LJUBLJANA - BEŽIGRAD,2022-09-06 16:50,29.3,38,
_1828,LJUBLJANA - BEŽIGRAD,2022-09-06 17:00,29.1,40,0
_1828,LJUBLJANA - BEŽIGRAD,2022-09-06 17:10,28.9,41,
_1828,LJUBLJANA - BEŽIGRAD,2022-09-06 17:20,28.6,42,
_1828,LJUBLJANA - BEŽIGRAD,2022-09-06 17:30,28.3,43,0
_1828,LJUBLJANA - BEŽIGRAD,2022-09-06 17:40,27.9,43,
_1828,LJUBLJANA - BEŽIGRAD,2022-09-06 17:50,27.7,43,
_1828,LJUBLJANA - BEŽIGRAD,2022-09-06 18:00,27.4,44,0
_1828,LJUBLJANA - BEŽIGRAD,2022-09-06 18:10,27.2,46,
_1828,LJUBLJANA - BEŽIGRAD,2022-09-06 18:20,26.9,47,
_1828,LJUBLJANA - BEŽIGRAD,2022-09-06 18:30,26.7,47,0
_1828,LJUBLJANA - BEŽIGRAD,2022-09-06 18:40,26.4,47,
_1828,LJUBLJANA - BEŽIGRAD,2022-09-06 18:50,26.2,48,
_1828,LJUBLJANA - BEŽIGRAD,2022-09-06 19:00,25.9,49,0
_1828,LJUBLJANA - BEŽIGRAD,2022-09-06 19:10,25.5,50,
_1828,LJUBLJANA - BEŽIGRAD,2022-09-06 19:20,25.2,51,
_1828,LJUBLJANA - BEŽIGRAD,2022-09-06 19:30,25,52,0
_1828,LJUBLJANA - BEŽIGRAD,2022-09-06 19:40,24.8,53,
_1828,LJUBLJANA - BEŽIGRAD,2022-09-06 19:50,24.5,55,
_1828,LJUBLJANA - BEŽIGRAD,2022-09-06 20:00,24.1,56,0
_1828,LJUBLJANA - BEŽIGRAD,2022-09-06 20:10,23.9,57,
_1828,LJUBLJANA - BEŽIGRAD,2022-09-06 20:20,23.7,58,
_1828,LJUBLJANA - BEŽIGRAD,2022-09-06 20:30,23.5,59,0
_1828,LJUBLJANA - BEŽIGRAD,2022-09-06 20:40,23.3,59,
_1828,LJUBLJANA - BEŽIGRAD,2022-09-06 20:50,23.3,59,
_1828,LJUBLJANA - BEŽIGRAD,2022-09-06 21:00,23.2,60,0
_1828,LJUBLJANA - BEŽIGRAD,2022-09-06 21:10,23.1,60,
_1828,LJUBLJANA - BEŽIGRAD,2022-09-06 21:20,23,61,
_1828,LJUBLJANA - BEŽIGRAD,2022-09-06 21:30,22.9,61,0
_1828,LJUBLJANA - BEŽIGRAD,2022-09-06 21:40,22.9,60,
_1828,LJUBLJANA - BEŽIGRAD,2022-09-06 21:50,22.7,61,
_1828,LJUBLJANA - BEŽIGRAD,2022-09-06 22:00,22.4,62,0
_1828,LJUBLJANA - BEŽIGRAD,2022-09-06 22:10,22.3,63,
_1828,LJUBLJANA - BEŽIGRAD,2022-09-06 22:20,22.3,63,
_1828,LJUBLJANA - BEŽIGRAD,2022-09-06 22:30,22.2,63,0
_1828,LJUBLJANA - BEŽIGRAD,2022-09-06 22:40,22.2,63,
_1828,LJUBLJANA - BEŽIGRAD,2022-09-06 22:50,22.1,63,
_1828,LJUBLJANA - BEŽIGRAD,2022-09-06 23:00,22.1,64,0
_1828,LJUBLJANA - BEŽIGRAD,2022-09-06 23:10,22,64,
_1828,LJUBLJANA - BEŽIGRAD,2022-09-06 23:20,22.1,63,
_1828,LJUBLJANA - BEŽIGRAD,2022-09-06 23:30,22,64,0
_1828,LJUBLJANA - BEŽIGRAD,2022-09-06 23:40,21.7,66,
_1828,LJUBLJANA - BEŽIGRAD,2022-09-06 23:50,21.3,67,
_1828,LJUBLJANA - BEŽIGRAD,2022-09-07 00:00,20.1,73,0
_1828,LJUBLJANA - BEŽIGRAD,2022-09-07 00:10,19.4,76,
_1828,LJUBLJANA - BEŽIGRAD,2022-09-07 00:20,19.1,78,
_1828,LJUBLJANA - BEŽIGRAD,2022-09-07 00:30,19,78,0
_1828,LJUBLJANA - BEŽIGRAD,2022-09-07 00:40,18.8,79,
_1828,LJUBLJANA - BEŽIGRAD,2022-09-07 00:50,18.8,79,
_1828,LJUBLJANA - BEŽIGRAD,2022-09-07 01:00,18.8,80,0
_1828,LJUBLJANA - BEŽIGRAD,2022-09-07 01:10,18.7,81,
_1828,LJUBLJANA - BEŽIGRAD,2022-09-07 01:20,18.7,80,
_1828,LJUBLJANA - BEŽIGRAD,2022-09-07 01:30,18.8,80,0
_1828,LJUBLJANA - BEŽIGRAD,2022-09-07 01:40,18.9,80,
_1828,LJUBLJANA - BEŽIGRAD,2022-09-07 01:50,19,80,
_1828,LJUBLJANA - BEŽIGRAD,2022-09-07 02:00,19,80,0
_1828,LJUBLJANA - BEŽIGRAD,2022-09-07 02:10,19,80,
_1828,LJUBLJANA - BEŽIGRAD,2022-09-07 02:20,18.8,81,
_1828,LJUBLJANA - BEŽIGRAD,2022-09-07 02:30,18.7,81,0
_1828,LJUBLJANA - BEŽIGRAD,2022-09-07 02:40,18.6,82,
_1828,LJUBLJANA - BEŽIGRAD,2022-09-07 02:50,18.5,83,
_1828,LJUBLJANA - BEŽIGRAD,2022-09-07 03:00,18.4,84,0
_1828,LJUBLJANA - BEŽIGRAD,2022-09-07 03:10,18.4,84,
_1828,LJUBLJANA - BEŽIGRAD,2022-09-07 03:20,18.4,84,
_1828,LJUBLJANA - BEŽIGRAD,2022-09-07 03:30,18.4,84,0
_1828,LJUBLJANA - BEŽIGRAD,2022-09-07 03:40,18.3,85,
_1828,LJUBLJANA - BEŽIGRAD,2022-09-07 03:50,18.2,85,
_1828,LJUBLJANA - BEŽIGRAD,2022-09-07 04:00,18,86,0
_1828,LJUBLJANA - BEŽIGRAD,2022-09-07 04:10,17.9,86,
_1828,LJUBLJANA - BEŽIGRAD,2022-09-07 04:20,17.8,87,
_1828,LJUBLJANA - BEŽIGRAD,2022-09-07 04:30,17.7,87,0
_1828,LJUBLJANA - BEŽIGRAD,2022-09-07 04:40,17.6,88,
_1828,LJUBLJANA - BEŽIGRAD,2022-09-07 04:50,17.6,88,
_1828,LJUBLJANA - BEŽIGRAD,2022-09-07 05:00,17.4,88,0
_1828,LJUBLJANA - BEŽIGRAD,2022-09-07 05:10,17.2,89,
_1828,LJUBLJANA - BEŽIGRAD,2022-09-07 05:20,17.2,89,
_1828,LJUBLJANA - BEŽIGRAD,2022-09-07 05:30,17.1,90,0
_1828,LJUBLJANA - BEŽIGRAD,2022-09-07 05:40,17.1,90,
_1828,LJUBLJANA - BEŽIGRAD,2022-09-07 05:50,17.1,90,
_1828,LJUBLJANA - BEŽIGRAD,2022-09-07 06:00,17.2,90,0
_1828,LJUBLJANA - BEŽIGRAD,2022-09-07 06:10,17.4,89,
_1828,LJUBLJANA - BEŽIGRAD,2022-09-07 06:20,17.5,88,
_1828,LJUBLJANA - BEŽIGRAD,2022-09-07 06:30,17.6,88,0
_1828,LJUBLJANA - BEŽIGRAD,2022-09-07 06:40,17.8,87,
_1828,LJUBLJANA - BEŽIGRAD,2022-09-07 06:50,18.2,86,
_1828,LJUBLJANA - BEŽIGRAD,2022-09-07 07:00,18.5,84,0
_1828,LJUBLJANA - BEŽIGRAD,2022-09-07 07:10,18.6,83,
_1828,LJUBLJANA - BEŽIGRAD,2022-09-07 07:20,18.9,81,
_1828,LJUBLJANA - BEŽIGRAD,2022-09-07 07:30,19.1,82,0
_1828,LJUBLJANA - BEŽIGRAD,2022-09-07 07:40,19.3,81,
_1828,LJUBLJANA - BEŽIGRAD,2022-09-07 07:50,19.7,79,
_1828,LJUBLJANA - BEŽIGRAD,2022-09-07 08:00,19.9,78,0
_1828,LJUBLJANA - BEŽIGRAD,2022-09-07 08:10,20.2,77,
_1828,LJUBLJANA - BEŽIGRAD,2022-09-07 08:20,20.5,75,
_1828,LJUBLJANA - BEŽIGRAD,2022-09-07 08:30,20.7,74,0
_1828,LJUBLJANA - BEŽIGRAD,2022-09-07 08:40,21.1,73,
_1828,LJUBLJANA - BEŽIGRAD,2022-09-07 08:50,21.7,70,
_1828,LJUBLJANA - BEŽIGRAD,2022-09-07 09:00,22.4,67,0
_1828,LJUBLJANA - BEŽIGRAD,2022-09-07 09:10,22.9,65,
_1828,LJUBLJANA - BEŽIGRAD,2022-09-07 09:20,23.3,63,
_1828,LJUBLJANA - BEŽIGRAD,2022-09-07 09:30,23.8,60,0
_1828,LJUBLJANA - BEŽIGRAD,2022-09-07 09:40,24.6,57,
_1828,LJUBLJANA - BEŽIGRAD,2022-09-07 09:50,25.2,54,
_1828,LJUBLJANA - BEŽIGRAD,2022-09-07 10:00,25.8,53,0
_1828,LJUBLJANA - BEŽIGRAD,2022-09-07 10:10,25.8,52,
_1828,LJUBLJANA - BEŽIGRAD,2022-09-07 10:20,26.3,51,
_1828,LJUBLJANA - BEŽIGRAD,2022-09-07 10:30,26.8,50,0
_1828,LJUBLJANA - BEŽIGRAD,2022-09-07 10:40,27.4,48,
_1828,LJUBLJANA - BEŽIGRAD,2022-09-07 10:50,27.2,49,
_1828,LJUBLJANA - BEŽIGRAD,2022-09-07 11:00,27.8,46,0
_1828,LJUBLJANA - BEŽIGRAD,2022-09-07 11:10,28.1,44,
_1828,LJUBLJANA - BEŽIGRAD,2022-09-07 11:20,27.9,45,
_1828,LJUBLJANA - BEŽIGRAD,2022-09-07 11:30,28,45,0
_1828,LJUBLJANA - BEŽIGRAD,2022-09-07 11:40,28.2,45,
_1828,LJUBLJANA - BEŽIGRAD,2022-09-07 11:50,28.1,45,
_1828,LJUBLJANA - BEŽIGRAD,2022-09-07 12:00,28.1,45,0
_1828,LJUBLJANA - BEŽIGRAD,2022-09-07 12:10,28.3,45,
_1828,LJUBLJANA - BEŽIGRAD,2022-09-07 12:20,28.4,45,
_1828,LJUBLJANA - BEŽIGRAD,2022-09-07 12:30,28.5,43,0
_1828,LJUBLJANA - BEŽIGRAD,2022-09-07 12:40,28.4,43,
_1828,LJUBLJANA - BEŽIGRAD,2022-09-07 12:50,28.6,42,
_1828,LJUBLJANA - BEŽIGRAD,2022-09-07 13:00,28.6,43,0
_1828,LJUBLJANA - BEŽIGRAD,2022-09-07 13:10,28.8,43,
_1828,LJUBLJANA - BEŽIGRAD,2022-09-07 13:20,29.2,42,
_1828,LJUBLJANA - BEŽIGRAD,2022-09-07 13:30,29.3,41,0
_1828,LJUBLJANA - BEŽIGRAD,2022-09-07 13:40,29.3,41,
_1828,LJUBLJANA - BEŽIGRAD,2022-09-07 13:50,29.6,40,
_1828,LJUBLJANA - BEŽIGRAD,2022-09-07 14:00,29.3,39,0
_1828,LJUBLJANA - BEŽIGRAD,2022-09-07 14:10,29.5,39,
_1828,LJUBLJANA - BEŽIGRAD,2022-09-07 14:20,29.6,39,
_1828,LJUBLJANA - BEŽIGRAD,2022-09-07 14:30,29.3,40,0
_1828,LJUBLJANA - BEŽIGRAD,2022-09-07 14:40,28.7,42,
_1828,LJUBLJANA - BEŽIGRAD,2022-09-07 14:50,28.7,42,
_1828,LJUBLJANA - BEŽIGRAD,2022-09-07 15:00,28.6,43,0
_1828,LJUBLJANA - BEŽIGRAD,2022-09-07 15:10,28.5,43,
_1828,LJUBLJANA - BEŽIGRAD,2022-09-07 15:20,28.5,43,
_1828,LJUBLJANA - BEŽIGRAD,2022-09-07 15:30,28.3,44,0
_1828,LJUBLJANA - BEŽIGRAD,2022-09-07 15:40,28.2,44,
_1828,LJUBLJANA - BEŽIGRAD,2022-09-07 15:50,28.4,43,
_1828,LJUBLJANA - BEŽIGRAD,2022-09-07 16:00,28.3,43,0
_1828,LJUBLJANA - BEŽIGRAD,2022-09-07 16:10,28.1,44,
_1828,LJUBLJANA - BEŽIGRAD,2022-09-07 16:20,27.9,45,
_1828,LJUBLJANA - BEŽIGRAD,2022-09-07 16:30,27.6,46,0
_1828,LJUBLJANA - BEŽIGRAD,2022-09-07 16:40,27.8,46,
_1828,LJUBLJANA - BEŽIGRAD,2022-09-07 16:50,27.8,46,
_1828,LJUBLJANA - BEŽIGRAD,2022-09-07 17:00,27.8,46,0
_1828,LJUBLJANA - BEŽIGRAD,2022-09-07 17:10,27.8,46,
_1828,LJUBLJANA - BEŽIGRAD,2022-09-07 17:20,27.5,47,
_1828,LJUBLJANA - BEŽIGRAD,2022-09-07 17:30,27,48,0
_1828,LJUBLJANA - BEŽIGRAD,2022-09-07 17:40,26.7,47,
_1828,LJUBLJANA - BEŽIGRAD,2022-09-07 17:50,26.4,48,
_1828,LJUBLJANA - BEŽIGRAD,2022-09-07 18:00,26.2,48,0
_1828,LJUBLJANA - BEŽIGRAD,2022-09-07 18:10,26,49,
_1828,LJUBLJANA - BEŽIGRAD,2022-09-07 18:20,25.8,49,
_1828,LJUBLJANA - BEŽIGRAD,2022-09-07 18:30,25.6,50,0
_1828,LJUBLJANA - BEŽIGRAD,2022-09-07 18:40,25.4,51,
_1828,LJUBLJANA - BEŽIGRAD,2022-09-07 18:50,25.3,51,
_1828,LJUBLJANA - BEŽIGRAD,2022-09-07 19:00,25.1,52,0
_1828,LJUBLJANA - BEŽIGRAD,2022-09-07 19:10,25,52,
_1828,LJUBLJANA - BEŽIGRAD,2022-09-07 19:20,24.8,53,
_1828,LJUBLJANA - BEŽIGRAD,2022-09-07 19:30,24.6,54,0
_1828,LJUBLJANA - BEŽIGRAD,2022-09-07 19:40,24.4,55,
_1828,LJUBLJANA - BEŽIGRAD,2022-09-07 19:50,24.3,55,
_1828,LJUBLJANA - BEŽIGRAD,2022-09-07 20:00,24.1,57,0
_1828,LJUBLJANA - BEŽIGRAD,2022-09-07 20:10,23.8,58,
_1828,LJUBLJANA - BEŽIGRAD,2022-09-07 20:20,23.6,58,
_1828,LJUBLJANA - BEŽIGRAD,2022-09-07 20:30,23.4,59,0
_1828,LJUBLJANA - BEŽIGRAD,2022-09-07 20:40,23.3,60,
_1828,LJUBLJANA - BEŽIGRAD,2022-09-07 20:50,23.1,61,
_1828,LJUBLJANA - BEŽIGRAD,2022-09-07 21:00,23.1,61,0
_1828,LJUBLJANA - BEŽIGRAD,2022-09-07 21:10,22.9,62,
_1828,LJUBLJANA - BEŽIGRAD,2022-09-07 21:20,22.8,62,
_1828,LJUBLJANA - BEŽIGRAD,2022-09-07 21:30,22.6,63,0
_1828,LJUBLJANA - BEŽIGRAD,2022-09-07 21:40,22.5,63,
_1828,LJUBLJANA - BEŽIGRAD,2022-09-07 21:50,22.3,64,
_1828,LJUBLJANA - BEŽIGRAD,2022-09-07 22:00,22,66,0
_1828,LJUBLJANA - BEŽIGRAD,2022-09-07 22:10,21.9,66,
_1828,LJUBLJANA - BEŽIGRAD,2022-09-07 22:20,22,65,
_1828,LJUBLJANA - BEŽIGRAD,2022-09-07 22:30,22,66,0
_1828,LJUBLJANA - BEŽIGRAD,2022-09-07 22:40,21.7,67,
_1828,LJUBLJANA - BEŽIGRAD,2022-09-07 22:50,21.5,68,
_1828,LJUBLJANA - BEŽIGRAD,2022-09-07 23:00,21.2,68,0
_1828,LJUBLJANA - BEŽIGRAD,2022-09-07 23:10,21.1,69,
_1828,LJUBLJANA - BEŽIGRAD,2022-09-07 23:20,20.8,71,
_1828,LJUBLJANA - BEŽIGRAD,2022-09-07 23:30,20.7,72,0
_1828,LJUBLJANA - BEŽIGRAD,2022-09-07 23:40,20.6,73,
_1828,LJUBLJANA - BEŽIGRAD,2022-09-07 23:50,20.2,74,
_1828,LJUBLJANA - BEŽIGRAD,2022-09-08 00:00,19.9,75,0
_1828,LJUBLJANA - BEŽIGRAD,2022-09-08 00:10,19.6,76,
_1828,LJUBLJANA - BEŽIGRAD,2022-09-08 00:20,19.5,77,
_1828,LJUBLJANA - BEŽIGRAD,2022-09-08 00:30,19.4,78,0
_1828,LJUBLJANA - BEŽIGRAD,2022-09-08 00:40,19.3,80,
_1828,LJUBLJANA - BEŽIGRAD,2022-09-08 00:50,19.1,81,
_1828,LJUBLJANA - BEŽIGRAD,2022-09-08 01:00,18.9,82,0
_1828,LJUBLJANA - BEŽIGRAD,2022-09-08 01:10,18.7,82,
_1828,LJUBLJANA - BEŽIGRAD,2022-09-08 01:20,18.7,82,
_1828,LJUBLJANA - BEŽIGRAD,2022-09-08 01:30,18.6,83,0
_1828,LJUBLJANA - BEŽIGRAD,2022-09-08 01:40,18.4,85,
_1828,LJUBLJANA - BEŽIGRAD,2022-09-08 01:50,18.2,86,
_1828,LJUBLJANA - BEŽIGRAD,2022-09-08 02:00,18.1,86,0
_1828,LJUBLJANA - BEŽIGRAD,2022-09-08 02:10,17.8,87,
_1828,LJUBLJANA - BEŽIGRAD,2022-09-08 02:20,17.7,87,
_1828,LJUBLJANA - BEŽIGRAD,2022-09-08 02:30,17.5,88,0
_1828,LJUBLJANA - BEŽIGRAD,2022-09-08 02:40,17.3,88,
_1828,LJUBLJANA - BEŽIGRAD,2022-09-08 02:50,17.2,89,
_1828,LJUBLJANA - BEŽIGRAD,2022-09-08 03:00,17.3,88,0
_1828,LJUBLJANA - BEŽIGRAD,2022-09-08 03:10,17.2,88,
_1828,LJUBLJANA - BEŽIGRAD,2022-09-08 03:20,17.3,87,
_1828,LJUBLJANA - BEŽIGRAD,2022-09-08 03:30,17.6,87,0
_1828,LJUBLJANA - BEŽIGRAD,2022-09-08 03:40,17.6,88,
_1828,LJUBLJANA - BEŽIGRAD,2022-09-08 03:50,17.4,89,
_1828,LJUBLJANA - BEŽIGRAD,2022-09-08 04:00,17.1,89,0
_1828,LJUBLJANA - BEŽIGRAD,2022-09-08 04:10,17,90,
_1828,LJUBLJANA - BEŽIGRAD,2022-09-08 04:20,16.9,90,
_1828,LJUBLJANA - BEŽIGRAD,2022-09-08 04:30,17,90,0
_1828,LJUBLJANA - BEŽIGRAD,2022-09-08 04:40,17,90,
_1828,LJUBLJANA - BEŽIGRAD,2022-09-08 04:50,17,90,
_1828,LJUBLJANA - BEŽIGRAD,2022-09-08 05:00,17,90,0
_1828,LJUBLJANA - BEŽIGRAD,2022-09-08 05:10,17,90,
_1828,LJUBLJANA - BEŽIGRAD,2022-09-08 05:20,17,90,
_1828,LJUBLJANA - BEŽIGRAD,2022-09-08 05:30,17.1,89,0
_1828,LJUBLJANA - BEŽIGRAD,2022-09-08 05:40,17,90,
_1828,LJUBLJANA - BEŽIGRAD,2022-09-08 05:50,16.8,90,
_1828,LJUBLJANA - BEŽIGRAD,2022-09-08 06:00,16.7,90,0
_1828,LJUBLJANA - BEŽIGRAD,2022-09-08 06:10,16.8,90,
_1828,LJUBLJANA - BEŽIGRAD,2022-09-08 06:20,16.9,90,
_1828,LJUBLJANA - BEŽIGRAD,2022-09-08 06:30,17.1,89,0
_1828,LJUBLJANA - BEŽIGRAD,2022-09-08 06:40,17.6,86,
_1828,LJUBLJANA - BEŽIGRAD,2022-09-08 06:50,17.7,85,
_1828,LJUBLJANA - BEŽIGRAD,2022-09-08 07:00,17.8,83,0
_1828,LJUBLJANA - BEŽIGRAD,2022-09-08 07:10,18,83,
_1828,LJUBLJANA - BEŽIGRAD,2022-09-08 07:20,18.2,82,
_1828,LJUBLJANA - BEŽIGRAD,2022-09-08 07:30,18.5,82,0
_1828,LJUBLJANA - BEŽIGRAD,2022-09-08 07:40,18.8,81,
_1828,LJUBLJANA - BEŽIGRAD,2022-09-08 07:50,18.8,81,
_1828,LJUBLJANA - BEŽIGRAD,2022-09-08 08:00,19,81,0
_1828,LJUBLJANA - BEŽIGRAD,2022-09-08 08:10,19.1,80,
_1828,LJUBLJANA - BEŽIGRAD,2022-09-08 08:20,19.3,79,
_1828,LJUBLJANA - BEŽIGRAD,2022-09-08 08:30,19.8,77,0
_1828,LJUBLJANA - BEŽIGRAD,2022-09-08 08:40,20.3,74,
_1828,LJUBLJANA - BEŽIGRAD,2022-09-08 08:50,20.5,73,
_1828,LJUBLJANA - BEŽIGRAD,2022-09-08 09:00,20.4,74,0
_1828,LJUBLJANA - BEŽIGRAD,2022-09-08 09:10,20.4,74,
_1828,LJUBLJANA - BEŽIGRAD,2022-09-08 09:20,20.3,74,
_1828,LJUBLJANA - BEŽIGRAD,2022-09-08 09:30,20.2,74,0
_1828,LJUBLJANA - BEŽIGRAD,2022-09-08 09:40,20.3,74,
_1828,LJUBLJANA - BEŽIGRAD,2022-09-08 09:50,20.3,74,
_1828,LJUBLJANA - BEŽIGRAD,2022-09-08 10:00,20.2,76,0
_1828,LJUBLJANA - BEŽIGRAD,2022-09-08 10:10,20,79,
_1828,LJUBLJANA - BEŽIGRAD,2022-09-08 10:20,19.8,81,
_1828,LJUBLJANA - BEŽIGRAD,2022-09-08 10:30,19.7,81,0
_1828,LJUBLJANA - BEŽIGRAD,2022-09-08 10:40,19.6,83,
_1828,LJUBLJANA - BEŽIGRAD,2022-09-08 10:50,19.2,85,
_1828,LJUBLJANA - BEŽIGRAD,2022-09-08 11:00,19,87,0
_1828,LJUBLJANA - BEŽIGRAD,2022-09-08 11:10,18.8,88,
_1828,LJUBLJANA - BEŽIGRAD,2022-09-08 11:20,18.5,89,
_1828,LJUBLJANA - BEŽIGRAD,2022-09-08 11:30,18.3,90,0.7
_1828,LJUBLJANA - BEŽIGRAD,2022-09-08 11:40,18.1,92,
_1828,LJUBLJANA - BEŽIGRAD,2022-09-08 11:50,18.1,92,
_1828,LJUBLJANA - BEŽIGRAD,2022-09-08 12:00,18,93,3.6
_1828,LJUBLJANA - BEŽIGRAD,2022-09-08 12:10,18,95,
_1828,LJUBLJANA - BEŽIGRAD,2022-09-08 12:20,17.9,95,
_1828,LJUBLJANA - BEŽIGRAD,2022-09-08 12:30,17.9,96,3.4
_1828,LJUBLJANA - BEŽIGRAD,2022-09-08 12:40,17.8,95,
_1828,LJUBLJANA - BEŽIGRAD,2022-09-08 12:50,17.9,95,
_1828,LJUBLJANA - BEŽIGRAD,2022-09-08 13:00,17.8,95,2.1
_1828,LJUBLJANA - BEŽIGRAD,2022-09-08 13:10,17.8,95,
_1828,LJUBLJANA - BEŽIGRAD,2022-09-08 13:20,17.8,96,
_1828,LJUBLJANA - BEŽIGRAD,2022-09-08 13:30,17.7,95,2.4
_1828,LJUBLJANA - BEŽIGRAD,2022-09-08 13:40,17.7,96,
_1828,LJUBLJANA - BEŽIGRAD,2022-09-08 13:50,17.8,96,
_1828,LJUBLJANA - BEŽIGRAD,2022-09-08 14:00,17.9,96,0
_1828,LJUBLJANA - BEŽIGRAD,2022-09-08 14:10,17.9,94,
_1828,LJUBLJANA - BEŽIGRAD,2022-09-08 14:20,18.1,93,
_1828,LJUBLJANA - BEŽIGRAD,2022-09-08 14:30,18.3,93,0.1
_1828,LJUBLJANA - BEŽIGRAD,2022-09-08 14:40,18.6,90,
_1828,LJUBLJANA - BEŽIGRAD,2022-09-08 14:50,19,89,
_1828,LJUBLJANA - BEŽIGRAD,2022-09-08 15:00,19.1,88,0
_1828,LJUBLJANA - BEŽIGRAD,2022-09-08 15:10,19.4,87,
_1828,LJUBLJANA - BEŽIGRAD,2022-09-08 15:20,19.6,84,
_1828,LJUBLJANA - BEŽIGRAD,2022-09-08 15:30,19.8,84,0
_1828,LJUBLJANA - BEŽIGRAD,2022-09-08 15:40,20,84,
_1828,LJUBLJANA - BEŽIGRAD,2022-09-08 15:50,20,84,
_1828,LJUBLJANA - BEŽIGRAD,2022-09-08 16:00,20.1,83,0
_1828,LJUBLJANA - BEŽIGRAD,2022-09-08 16:10,20.1,83,
_1828,LJUBLJANA - BEŽIGRAD,2022-09-08 16:20,19.9,83,
_1828,LJUBLJANA - BEŽIGRAD,2022-09-08 16:30,20,84,0
_1828,LJUBLJANA - BEŽIGRAD,2022-09-08 16:40,20,82,
_1828,LJUBLJANA - BEŽIGRAD,2022-09-08 16:50,20.4,81,
_1828,LJUBLJANA - BEŽIGRAD,2022-09-08 17:00,20.7,80,0
_1828,LJUBLJANA - BEŽIGRAD,2022-09-08 17:10,20.4,80,
_1828,LJUBLJANA - BEŽIGRAD,2022-09-08 17:20,20.2,80,
_1828,LJUBLJANA - BEŽIGRAD,2022-09-08 17:30,19.8,82,0
_1828,LJUBLJANA - BEŽIGRAD,2022-09-08 17:40,19.7,83,
_1828,LJUBLJANA - BEŽIGRAD,2022-09-08 17:50,19.7,85,
_1828,LJUBLJANA - BEŽIGRAD,2022-09-08 18:00,19.6,85,0
_1828,LJUBLJANA - BEŽIGRAD,2022-09-08 18:10,19.5,86,
_1828,LJUBLJANA - BEŽIGRAD,2022-09-08 18:20,19.4,86,
_1828,LJUBLJANA - BEŽIGRAD,2022-09-08 18:30,19.3,87,0
_1828,LJUBLJANA - BEŽIGRAD,2022-09-08 18:40,19.1,89,
_1828,LJUBLJANA - BEŽIGRAD,2022-09-08 18:50,19,89,
_1828,LJUBLJANA - BEŽIGRAD,2022-09-08 19:00,18.9,89,0
_1828,LJUBLJANA - BEŽIGRAD,2022-09-08 19:10,18.8,90,
_1828,LJUBLJANA - BEŽIGRAD,2022-09-08 19:20,18.8,90,
_1828,LJUBLJANA - BEŽIGRAD,2022-09-08 19:30,18.7,91,0
_1828,LJUBLJANA - BEŽIGRAD,2022-09-08 19:40,18.7,91,
_1828,LJUBLJANA - BEŽIGRAD,2022-09-08 19:50,18.7,92,
_1828,LJUBLJANA - BEŽIGRAD,2022-09-08 20:00,18.7,92,0
_1828,LJUBLJANA - BEŽIGRAD,2022-09-08 20:10,18.7,92,
_1828,LJUBLJANA - BEŽIGRAD,2022-09-08 20:20,18.6,92,
_1828,LJUBLJANA - BEŽIGRAD,2022-09-08 20:30,18.6,92,0
_1828,LJUBLJANA - BEŽIGRAD,2022-09-08 20:40,18.6,92,
_1828,LJUBLJANA - BEŽIGRAD,2022-09-08 20:50,18.5,93,
_1828,LJUBLJANA - BEŽIGRAD,2022-09-08 21:00,18.4,93,0
_1828,LJUBLJANA - BEŽIGRAD,2022-09-08 21:10,18.3,93,
_1828,LJUBLJANA - BEŽIGRAD,2022-09-08 21:20,18.3,94,
_1828,LJUBLJANA - BEŽIGRAD,2022-09-08 21:30,18.2,94,0
_1828,LJUBLJANA - BEŽIGRAD,2022-09-08 21:40,18.1,94,
_1828,LJUBLJANA - BEŽIGRAD,2022-09-08 21:50,18.1,95,
_1828,LJUBLJANA - BEŽIGRAD,2022-09-08 22:00,18.1,94,0
_1828,LJUBLJANA - BEŽIGRAD,2022-09-08 22:10,18.1,95,
_1828,LJUBLJANA - BEŽIGRAD,2022-09-08 22:20,18.2,94,
_1828,LJUBLJANA - BEŽIGRAD,2022-09-08 22:30,18.3,94,0
_1828,LJUBLJANA - BEŽIGRAD,2022-09-08 22:40,18.3,94,
_1828,LJUBLJANA - BEŽIGRAD,2022-09-08 22:50,18.2,94,
_1828,LJUBLJANA - BEŽIGRAD,2022-09-08 23:00,18.1,94,0
_1828,LJUBLJANA - BEŽIGRAD,2022-09-08 23:10,18,94,
_1828,LJUBLJANA - BEŽIGRAD,2022-09-08 23:20,17.9,95,
_1828,LJUBLJANA - BEŽIGRAD,2022-09-08 23:30,17.8,95,0
_1828,LJUBLJANA - BEŽIGRAD,2022-09-08 23:40,17.9,96,
_1828,LJUBLJANA - BEŽIGRAD,2022-09-08 23:50,18,95,
_1828,LJUBLJANA - BEŽIGRAD,2022-09-09 00:00,18,95,0
_1828,LJUBLJANA - BEŽIGRAD,2022-09-09 00:10,18,95,
_1828,LJUBLJANA - BEŽIGRAD,2022-09-09 00:20,18,94,
_1828,LJUBLJANA - BEŽIGRAD,2022-09-09 00:30,17.9,94,0
_1828,LJUBLJANA - BEŽIGRAD,2022-09-09 00:40,17.9,95,
_1828,LJUBLJANA - BEŽIGRAD,2022-09-09 00:50,18,94,
_1828,LJUBLJANA - BEŽIGRAD,2022-09-09 01:00,18,94,0.1
_1828,LJUBLJANA - BEŽIGRAD,2022-09-09 01:10,17.9,94,
_1828,LJUBLJANA - BEŽIGRAD,2022-09-09 01:20,17.9,95,
_1828,LJUBLJANA - BEŽIGRAD,2022-09-09 01:30,17.9,95,0.9
_1828,LJUBLJANA - BEŽIGRAD,2022-09-09 01:40,17.9,95,
_1828,LJUBLJANA - BEŽIGRAD,2022-09-09 01:50,17.9,95,
_1828,LJUBLJANA - BEŽIGRAD,2022-09-09 02:00,17.8,96,0
_1828,LJUBLJANA - BEŽIGRAD,2022-09-09 02:10,17.8,96,
_1828,LJUBLJANA - BEŽIGRAD,2022-09-09 02:20,17.8,96,
_1828,LJUBLJANA - BEŽIGRAD,2022-09-09 02:30,17.8,97,0
_1828,LJUBLJANA - BEŽIGRAD,2022-09-09 02:40,17.7,97,
_1828,LJUBLJANA - BEŽIGRAD,2022-09-09 02:50,17.6,96,
_1828,LJUBLJANA - BEŽIGRAD,2022-09-09 03:00,17.6,97,0
_1828,LJUBLJANA - BEŽIGRAD,2022-09-09 03:10,17.7,97,
_1828,LJUBLJANA - BEŽIGRAD,2022-09-09 03:20,17.6,97,
_1828,LJUBLJANA - BEŽIGRAD,2022-09-09 03:30,17.7,97,0
_1828,LJUBLJANA - BEŽIGRAD,2022-09-09 03:40,17.6,96,
_1828,LJUBLJANA - BEŽIGRAD,2022-09-09 03:50,17.6,96,
_1828,LJUBLJANA - BEŽIGRAD,2022-09-09 04:00,17.7,96,0
_1828,LJUBLJANA - BEŽIGRAD,2022-09-09 04:10,17.7,96,
_1828,LJUBLJANA - BEŽIGRAD,2022-09-09 04:20,17.7,96,
_1828,LJUBLJANA - BEŽIGRAD,2022-09-09 04:30,17.6,96,0
_1828,LJUBLJANA - BEŽIGRAD,2022-09-09 04:40,17.6,96,
_1828,LJUBLJANA - BEŽIGRAD,2022-09-09 04:50,17.6,96,
_1828,LJUBLJANA - BEŽIGRAD,2022-09-09 05:00,17.6,96,0
_1828,LJUBLJANA - BEŽIGRAD,2022-09-09 05:10,17.6,96,
_1828,LJUBLJANA - BEŽIGRAD,2022-09-09 05:20,17.4,96,
_1828,LJUBLJANA - BEŽIGRAD,2022-09-09 05:30,17.4,96,0
_1828,LJUBLJANA - BEŽIGRAD,2022-09-09 05:40,17.3,96,
_1828,LJUBLJANA - BEŽIGRAD,2022-09-09 05:50,17.3,96,
_1828,LJUBLJANA - BEŽIGRAD,2022-09-09 06:00,17.3,96,0
_1828,LJUBLJANA - BEŽIGRAD,2022-09-09 06:10,17.3,96,
_1828,LJUBLJANA - BEŽIGRAD,2022-09-09 06:20,17.3,95,
_1828,LJUBLJANA - BEŽIGRAD,2022-09-09 06:30,17.4,94,0
_1828,LJUBLJANA - BEŽIGRAD,2022-09-09 06:40,17.5,93,
_1828,LJUBLJANA - BEŽIGRAD,2022-09-09 06:50,17.5,93,
_1828,LJUBLJANA - BEŽIGRAD,2022-09-09 07:00,17.5,92,0
_1828,LJUBLJANA - BEŽIGRAD,2022-09-09 07:10,17.6,91,
_1828,LJUBLJANA - BEŽIGRAD,2022-09-09 07:20,17.6,91,
_1828,LJUBLJANA - BEŽIGRAD,2022-09-09 07:30,17.7,90,0
_1828,LJUBLJANA - BEŽIGRAD,2022-09-09 07:40,17.8,89,
_1828,LJUBLJANA - BEŽIGRAD,2022-09-09 07:50,17.9,89,
_1828,LJUBLJANA - BEŽIGRAD,2022-09-09 08:00,18,89,0
_1828,LJUBLJANA - BEŽIGRAD,2022-09-09 08:10,18.5,87,
_1828,LJUBLJANA - BEŽIGRAD,2022-09-09 08:20,18.8,85,
_1828,LJUBLJANA - BEŽIGRAD,2022-09-09 08:30,19,84,0
_1828,LJUBLJANA - BEŽIGRAD,2022-09-09 08:40,19,84,
_1828,LJUBLJANA - BEŽIGRAD,2022-09-09 08:50,19.2,82,
_1828,LJUBLJANA - BEŽIGRAD,2022-09-09 09:00,19.4,80,0
_1828,LJUBLJANA - BEŽIGRAD,2022-09-09 09:10,19.4,80,
_1828,LJUBLJANA - BEŽIGRAD,2022-09-09 09:20,19.5,78,
_1828,LJUBLJANA - BEŽIGRAD,2022-09-09 09:30,19.8,76,0
_1828,LJUBLJANA - BEŽIGRAD,2022-09-09 09:40,19.9,74,
_1828,LJUBLJANA - BEŽIGRAD,2022-09-09 09:50,19.8,74,
_1828,LJUBLJANA - BEŽIGRAD,2022-09-09 10:00,19.7,74,0
_1828,LJUBLJANA - BEŽIGRAD,2022-09-09 10:10,19.8,74,
_1828,LJUBLJANA - BEŽIGRAD,2022-09-09 10:20,19.9,74,
_1828,LJUBLJANA - BEŽIGRAD,2022-09-09 10:30,20.1,73,0
_1828,LJUBLJANA - BEŽIGRAD,2022-09-09 10:40,20.1,71,
_1828,LJUBLJANA - BEŽIGRAD,2022-09-09 10:50,20.2,70,
_1828,LJUBLJANA - BEŽIGRAD,2022-09-09 11:00,20.2,70,0
_1828,LJUBLJANA - BEŽIGRAD,2022-09-09 11:10,20.1,69,
_1828,LJUBLJANA - BEŽIGRAD,2022-09-09 11:20,20.1,68,
_1828,LJUBLJANA - BEŽIGRAD,2022-09-09 11:30,20.1,68,0
_1828,LJUBLJANA - BEŽIGRAD,2022-09-09 11:40,19.9,72,
_1828,LJUBLJANA - BEŽIGRAD,2022-09-09 11:50,19.7,75,
_1828,LJUBLJANA - BEŽIGRAD,2022-09-09 12:00,19.3,78,0
_1828,LJUBLJANA - BEŽIGRAD,2022-09-09 12:10,18.9,81,
_1828,LJUBLJANA - BEŽIGRAD,2022-09-09 12:20,18.7,83,
_1828,LJUBLJANA - BEŽIGRAD,2022-09-09 12:30,18.6,84,0.9
_1828,LJUBLJANA - BEŽIGRAD,2022-09-09 12:40,18.2,87,
_1828,LJUBLJANA - BEŽIGRAD,2022-09-09 12:50,17.7,90,
_1828,LJUBLJANA - BEŽIGRAD,2022-09-09 13:00,17.6,91,4
_1828,LJUBLJANA - BEŽIGRAD,2022-09-09 13:10,17.6,92,
_1828,LJUBLJANA - BEŽIGRAD,2022-09-09 13:20,17.7,92,
_1828,LJUBLJANA - BEŽIGRAD,2022-09-09 13:30,17.9,91,1.7
_1828,LJUBLJANA - BEŽIGRAD,2022-09-09 13:40,17.8,91,
_1828,LJUBLJANA - BEŽIGRAD,2022-09-09 13:50,18,91,
_1828,LJUBLJANA - BEŽIGRAD,2022-09-09 14:00,18.2,91,0.2
_1828,LJUBLJANA - BEŽIGRAD,2022-09-09 14:10,18.3,89,
_1828,LJUBLJANA - BEŽIGRAD,2022-09-09 14:20,18.3,90,
_1828,LJUBLJANA - BEŽIGRAD,2022-09-09 14:30,18.7,90,0
_1828,LJUBLJANA - BEŽIGRAD,2022-09-09 14:40,19.4,87,
_1828,LJUBLJANA - BEŽIGRAD,2022-09-09 14:50,19.5,84,
_1828,LJUBLJANA - BEŽIGRAD,2022-09-09 15:00,19.2,85,0
_1828,LJUBLJANA - BEŽIGRAD,2022-09-09 15:10,19.1,85,
_1828,LJUBLJANA - BEŽIGRAD,2022-09-09 15:20,18.9,85,
_1828,LJUBLJANA - BEŽIGRAD,2022-09-09 15:30,19,85,0
_1828,LJUBLJANA - BEŽIGRAD,2022-09-09 15:40,19,85,
_1828,LJUBLJANA - BEŽIGRAD,2022-09-09 15:50,18.9,84,
_1828,LJUBLJANA - BEŽIGRAD,2022-09-09 16:00,19.1,86,0.2
_1828,LJUBLJANA - BEŽIGRAD,2022-09-09 16:10,19.3,85,
_1828,LJUBLJANA - BEŽIGRAD,2022-09-09 16:20,19.3,84,
_1828,LJUBLJANA - BEŽIGRAD,2022-09-09 16:30,19.2,85,0
_1828,LJUBLJANA - BEŽIGRAD,2022-09-09 16:40,19.1,85,
_1828,LJUBLJANA - BEŽIGRAD,2022-09-09 16:50,19,84,
_1828,LJUBLJANA - BEŽIGRAD,2022-09-09 17:00,18.9,85,0
_1828,LJUBLJANA - BEŽIGRAD,2022-09-09 17:10,18.9,84,
_1828,LJUBLJANA - BEŽIGRAD,2022-09-09 17:20,18.9,84,
_1828,LJUBLJANA - BEŽIGRAD,2022-09-09 17:30,18.9,84,0
_1828,LJUBLJANA - BEŽIGRAD,2022-09-09 17:40,18.9,85,
_1828,LJUBLJANA - BEŽIGRAD,2022-09-09 17:50,18.8,86,
_1828,LJUBLJANA - BEŽIGRAD,2022-09-09 18:00,18.5,89,0.4
_1828,LJUBLJANA - BEŽIGRAD,2022-09-09 18:10,18.2,91,
_1828,LJUBLJANA - BEŽIGRAD,2022-09-09 18:20,17.7,92,
_1828,LJUBLJANA - BEŽIGRAD,2022-09-09 18:30,17.6,93,2.1
_1828,LJUBLJANA - BEŽIGRAD,2022-09-09 18:40,17.4,93,
_1828,LJUBLJANA - BEŽIGRAD,2022-09-09 18:50,17.3,93,
_1828,LJUBLJANA - BEŽIGRAD,2022-09-09 19:00,17.3,94,0
_1828,LJUBLJANA - BEŽIGRAD,2022-09-09 19:10,17.3,94,
_1828,LJUBLJANA - BEŽIGRAD,2022-09-09 19:20,17.2,94,
_1828,LJUBLJANA - BEŽIGRAD,2022-09-09 19:30,17.3,94,0
_1828,LJUBLJANA - BEŽIGRAD,2022-09-09 19:40,17.3,94,
_1828,LJUBLJANA - BEŽIGRAD,2022-09-09 19:50,17.3,94,
_1828,LJUBLJANA - BEŽIGRAD,2022-09-09 20:00,17.3,94,0
_1828,LJUBLJANA - BEŽIGRAD,2022-09-09 20:10,17.3,94,
_1828,LJUBLJANA - BEŽIGRAD,2022-09-09 20:20,17.3,93,
_1828,LJUBLJANA - BEŽIGRAD,2022-09-09 20:30,17.2,93,0
_1828,LJUBLJANA - BEŽIGRAD,2022-09-09 20:40,17.1,94,
_1828,LJUBLJANA - BEŽIGRAD,2022-09-09 20:50,17.2,93,
_1828,LJUBLJANA - BEŽIGRAD,2022-09-09 21:00,17.2,93,0
_1828,LJUBLJANA - BEŽIGRAD,2022-09-09 21:10,17.3,94,
_1828,LJUBLJANA - BEŽIGRAD,2022-09-09 21:20,17.3,94,
_1828,LJUBLJANA - BEŽIGRAD,2022-09-09 21:30,17.3,94,0
_1828,LJUBLJANA - BEŽIGRAD,2022-09-09 21:40,17.3,94,
_1828,LJUBLJANA - BEŽIGRAD,2022-09-09 21:50,17.3,94,
_1828,LJUBLJANA - BEŽIGRAD,2022-09-09 22:00,17.3,94,0
_1828,LJUBLJANA - BEŽIGRAD,2022-09-09 22:10,17.2,94,
_1828,LJUBLJANA - BEŽIGRAD,2022-09-09 22:20,17.1,94,
_1828,LJUBLJANA - BEŽIGRAD,2022-09-09 22:30,17.1,94,0
_1828,LJUBLJANA - BEŽIGRAD,2022-09-09 22:40,17.1,94,
_1828,LJUBLJANA - BEŽIGRAD,2022-09-09 22:50,17,94,
_1828,LJUBLJANA - BEŽIGRAD,2022-09-09 23:00,17.1,94,0
_1828,LJUBLJANA - BEŽIGRAD,2022-09-09 23:10,17,94,
_1828,LJUBLJANA - BEŽIGRAD,2022-09-09 23:20,16.9,94,
_1828,LJUBLJANA - BEŽIGRAD,2022-09-09 23:30,16.9,94,0
_1828,LJUBLJANA - BEŽIGRAD,2022-09-09 23:40,16.8,95,
_1828,LJUBLJANA - BEŽIGRAD,2022-09-09 23:50,16.7,95,
_1828,LJUBLJANA - BEŽIGRAD,2022-09-10 00:00,16.7,95,0
_1828,LJUBLJANA - BEŽIGRAD,2022-09-10 00:10,16.7,96,
_1828,LJUBLJANA - BEŽIGRAD,2022-09-10 00:20,16.7,95,
_1828,LJUBLJANA - BEŽIGRAD,2022-09-10 00:30,16.6,95,0
_1828,LJUBLJANA - BEŽIGRAD,2022-09-10 00:40,16.5,94,
_1828,LJUBLJANA - BEŽIGRAD,2022-09-10 00:50,16.6,95,
_1828,LJUBLJANA - BEŽIGRAD,2022-09-10 01:00,16.5,94,0
_1828,LJUBLJANA - BEŽIGRAD,2022-09-10 01:10,16.4,95,
_1828,LJUBLJANA - BEŽIGRAD,2022-09-10 01:20,16.2,95,
_1828,LJUBLJANA - BEŽIGRAD,2022-09-10 01:30,16.1,95,0
_1828,LJUBLJANA - BEŽIGRAD,2022-09-10 01:40,16,95,
_1828,LJUBLJANA - BEŽIGRAD,2022-09-10 01:50,15.9,96,
_1828,LJUBLJANA - BEŽIGRAD,2022-09-10 02:00,15.9,96,0
_1828,LJUBLJANA - BEŽIGRAD,2022-09-10 02:10,15.9,97,
_1828,LJUBLJANA - BEŽIGRAD,2022-09-10 02:20,15.9,97,
_1828,LJUBLJANA - BEŽIGRAD,2022-09-10 02:30,15.9,97,0
_1828,LJUBLJANA - BEŽIGRAD,2022-09-10 02:40,15.9,97,
_1828,LJUBLJANA - BEŽIGRAD,2022-09-10 02:50,15.8,97,
_1828,LJUBLJANA - BEŽIGRAD,2022-09-10 03:00,15.8,97,0
_1828,LJUBLJANA - BEŽIGRAD,2022-09-10 03:10,15.7,97,
_1828,LJUBLJANA - BEŽIGRAD,2022-09-10 03:20,15.6,97,
_1828,LJUBLJANA - BEŽIGRAD,2022-09-10 03:30,15.5,97,0
_1828,LJUBLJANA - BEŽIGRAD,2022-09-10 03:40,15.4,97,
_1828,LJUBLJANA - BEŽIGRAD,2022-09-10 03:50,15.4,97,
_1828,LJUBLJANA - BEŽIGRAD,2022-09-10 04:00,15.4,97,0
_1828,LJUBLJANA - BEŽIGRAD,2022-09-10 04:10,15.5,97,
_1828,LJUBLJANA - BEŽIGRAD,2022-09-10 04:20,15.5,97,
_1828,LJUBLJANA - BEŽIGRAD,2022-09-10 04:30,15.5,97,0
_1828,LJUBLJANA - BEŽIGRAD,2022-09-10 04:40,15.5,97,
_1828,LJUBLJANA - BEŽIGRAD,2022-09-10 04:50,15.4,96,
_1828,LJUBLJANA - BEŽIGRAD,2022-09-10 05:00,15.5,96,0
_1828,LJUBLJANA - BEŽIGRAD,2022-09-10 05:10,15.5,96,
_1828,LJUBLJANA - BEŽIGRAD,2022-09-10 05:20,15.5,96,
_1828,LJUBLJANA - BEŽIGRAD,2022-09-10 05:30,15.5,95,0
_1828,LJUBLJANA - BEŽIGRAD,2022-09-10 05:40,15.5,95,
_1828,LJUBLJANA - BEŽIGRAD,2022-09-10 05:50,15.5,96,
_1828,LJUBLJANA - BEŽIGRAD,2022-09-10 06:00,15.5,96,0
_1828,LJUBLJANA - BEŽIGRAD,2022-09-10 06:10,15.5,96,
_1828,LJUBLJANA - BEŽIGRAD,2022-09-10 06:20,15.5,96,
_1828,LJUBLJANA - BEŽIGRAD,2022-09-10 06:30,15.5,96,0
_1828,LJUBLJANA - BEŽIGRAD,2022-09-10 06:40,15.5,95,
_1828,LJUBLJANA - BEŽIGRAD,2022-09-10 06:50,15.4,95,
_1828,LJUBLJANA - BEŽIGRAD,2022-09-10 07:00,15.5,95,0
_1828,LJUBLJANA - BEŽIGRAD,2022-09-10 07:10,15.6,95,
_1828,LJUBLJANA - BEŽIGRAD,2022-09-10 07:20,15.7,95,
_1828,LJUBLJANA - BEŽIGRAD,2022-09-10 07:30,15.8,93,0
_1828,LJUBLJANA - BEŽIGRAD,2022-09-10 07:40,16,93,
_1828,LJUBLJANA - BEŽIGRAD,2022-09-10 07:50,16,93,
_1828,LJUBLJANA - BEŽIGRAD,2022-09-10 08:00,16.1,93,0
_1828,LJUBLJANA - BEŽIGRAD,2022-09-10 08:10,16.2,92,
_1828,LJUBLJANA - BEŽIGRAD,2022-09-10 08:20,16.2,92,
_1828,LJUBLJANA - BEŽIGRAD,2022-09-10 08:30,16.5,92,0
_1828,LJUBLJANA - BEŽIGRAD,2022-09-10 08:40,16.7,90,
_1828,LJUBLJANA - BEŽIGRAD,2022-09-10 08:50,16.8,90,
_1828,LJUBLJANA - BEŽIGRAD,2022-09-10 09:00,17,89,0
_1828,LJUBLJANA - BEŽIGRAD,2022-09-10 09:10,17.3,87,
_1828,LJUBLJANA - BEŽIGRAD,2022-09-10 09:20,17.6,82,
_1828,LJUBLJANA - BEŽIGRAD,2022-09-10 09:30,18.2,80,0
_1828,LJUBLJANA - BEŽIGRAD,2022-09-10 09:40,18.6,78,
_1828,LJUBLJANA - BEŽIGRAD,2022-09-10 09:50,18.5,77,
_1828,LJUBLJANA - BEŽIGRAD,2022-09-10 10:00,18.7,76,0
_1828,LJUBLJANA - BEŽIGRAD,2022-09-10 10:10,18.9,75,
_1828,LJUBLJANA - BEŽIGRAD,2022-09-10 10:20,19.2,74,
_1828,LJUBLJANA - BEŽIGRAD,2022-09-10 10:30,19.6,71,0
_1828,LJUBLJANA - BEŽIGRAD,2022-09-10 10:40,20.5,68,
_1828,LJUBLJANA - BEŽIGRAD,2022-09-10 10:50,20.5,67,
_1828,LJUBLJANA - BEŽIGRAD,2022-09-10 11:00,20.5,67,0
_1828,LJUBLJANA - BEŽIGRAD,2022-09-10 11:10,20.5,67,
_1828,LJUBLJANA - BEŽIGRAD,2022-09-10 11:20,21.2,65,
_1828,LJUBLJANA - BEŽIGRAD,2022-09-10 11:30,21.7,63,0
_1828,LJUBLJANA - BEŽIGRAD,2022-09-10 11:40,21.6,62,
_1828,LJUBLJANA - BEŽIGRAD,2022-09-10 11:50,22.1,61,
_1828,LJUBLJANA - BEŽIGRAD,2022-09-10 12:00,22.6,58,0
_1828,LJUBLJANA - BEŽIGRAD,2022-09-10 12:10,22.7,56,
_1828,LJUBLJANA - BEŽIGRAD,2022-09-10 12:20,22.9,55,
_1828,LJUBLJANA - BEŽIGRAD,2022-09-10 12:30,23,54,0
_1828,LJUBLJANA - BEŽIGRAD,2022-09-10 12:40,23,53,
_1828,LJUBLJANA - BEŽIGRAD,2022-09-10 12:50,23.4,52,
_1828,LJUBLJANA - BEŽIGRAD,2022-09-10 13:00,23.3,52,0
_1828,LJUBLJANA - BEŽIGRAD,2022-09-10 13:10,23,52,
_1828,LJUBLJANA - BEŽIGRAD,2022-09-10 13:20,22.5,51,
_1828,LJUBLJANA - BEŽIGRAD,2022-09-10 13:30,23.2,49,0
_1828,LJUBLJANA - BEŽIGRAD,2022-09-10 13:40,24,45,
_1828,LJUBLJANA - BEŽIGRAD,2022-09-10 13:50,24.4,43,
_1828,LJUBLJANA - BEŽIGRAD,2022-09-10 14:00,24.9,40,0
_1828,LJUBLJANA - BEŽIGRAD,2022-09-10 14:10,24.7,38,
_1828,LJUBLJANA - BEŽIGRAD,2022-09-10 14:20,25.2,38,
_1828,LJUBLJANA - BEŽIGRAD,2022-09-10 14:30,25.2,36,0
_1828,LJUBLJANA - BEŽIGRAD,2022-09-10 14:40,25.3,37,
_1828,LJUBLJANA - BEŽIGRAD,2022-09-10 14:50,25.1,38,
_1828,LJUBLJANA - BEŽIGRAD,2022-09-10 15:00,25.3,37,0
_1828,LJUBLJANA - BEŽIGRAD,2022-09-10 15:10,25.4,36,
_1828,LJUBLJANA - BEŽIGRAD,2022-09-10 15:20,25.1,38,
_1828,LJUBLJANA - BEŽIGRAD,2022-09-10 15:30,25.1,39,0
_1828,LJUBLJANA - BEŽIGRAD,2022-09-10 15:40,24.8,40,
_1828,LJUBLJANA - BEŽIGRAD,2022-09-10 15:50,24.5,40,
_1828,LJUBLJANA - BEŽIGRAD,2022-09-10 16:00,23.7,42,0
_1828,LJUBLJANA - BEŽIGRAD,2022-09-10 16:10,23.4,44,
_1828,LJUBLJANA - BEŽIGRAD,2022-09-10 16:20,23,45,
_1828,LJUBLJANA - BEŽIGRAD,2022-09-10 16:30,22.8,46,0
_1828,LJUBLJANA - BEŽIGRAD,2022-09-10 16:40,22.5,48,
_1828,LJUBLJANA - BEŽIGRAD,2022-09-10 16:50,22.3,49,
_1828,LJUBLJANA - BEŽIGRAD,2022-09-10 17:00,22.2,50,0
_1828,LJUBLJANA - BEŽIGRAD,2022-09-10 17:10,21.3,57,
_1828,LJUBLJANA - BEŽIGRAD,2022-09-10 17:20,18.6,70,
_1828,LJUBLJANA - BEŽIGRAD,2022-09-10 17:30,16.8,79,0.4
_1828,LJUBLJANA - BEŽIGRAD,2022-09-10 17:40,16.1,82,
_1828,LJUBLJANA - BEŽIGRAD,2022-09-10 17:50,15.9,84,
_1828,LJUBLJANA - BEŽIGRAD,2022-09-10 18:00,15.8,86,0.4
_1828,LJUBLJANA - BEŽIGRAD,2022-09-10 18:10,15.7,87,
_1828,LJUBLJANA - BEŽIGRAD,2022-09-10 18:20,15.7,90,
_1828,LJUBLJANA - BEŽIGRAD,2022-09-10 18:30,15.6,91,1.4
_1828,LJUBLJANA - BEŽIGRAD,2022-09-10 18:40,15.4,92,
_1828,LJUBLJANA - BEŽIGRAD,2022-09-10 18:50,15.2,91,
_1828,LJUBLJANA - BEŽIGRAD,2022-09-10 19:00,15.2,91,0.1
_1828,LJUBLJANA - BEŽIGRAD,2022-09-10 19:10,15,92,
_1828,LJUBLJANA - BEŽIGRAD,2022-09-10 19:20,14.9,93,
_1828,LJUBLJANA - BEŽIGRAD,2022-09-10 19:30,14.8,93,0
_1828,LJUBLJANA - BEŽIGRAD,2022-09-10 19:40,14.8,93,
_1828,LJUBLJANA - BEŽIGRAD,2022-09-10 19:50,14.7,93,
_1828,LJUBLJANA - BEŽIGRAD,2022-09-10 20:00,14.8,94,0
_1828,LJUBLJANA - BEŽIGRAD,2022-09-10 20:10,14.8,95,
_1828,LJUBLJANA - BEŽIGRAD,2022-09-10 20:20,14.8,94,
_1828,LJUBLJANA - BEŽIGRAD,2022-09-10 20:30,14.7,94,0
_1828,LJUBLJANA - BEŽIGRAD,2022-09-10 20:40,14.6,94,
_1828,LJUBLJANA - BEŽIGRAD,2022-09-10 20:50,14.3,94,
_1828,LJUBLJANA - BEŽIGRAD,2022-09-10 21:00,14.2,94,0
_1828,LJUBLJANA - BEŽIGRAD,2022-09-10 21:10,14,95,
_1828,LJUBLJANA - BEŽIGRAD,2022-09-10 21:20,13.9,95,
_1828,LJUBLJANA - BEŽIGRAD,2022-09-10 21:30,13.8,95,0
_1828,LJUBLJANA - BEŽIGRAD,2022-09-10 21:40,13.7,95,
_1828,LJUBLJANA - BEŽIGRAD,2022-09-10 21:50,13.7,95,
_1828,LJUBLJANA - BEŽIGRAD,2022-09-10 22:00,13.6,95,0
_1828,LJUBLJANA - BEŽIGRAD,2022-09-10 22:10,13.6,95,
_1828,LJUBLJANA - BEŽIGRAD,2022-09-10 22:20,13.6,95,
_1828,LJUBLJANA - BEŽIGRAD,2022-09-10 22:30,13.5,95,0
_1828,LJUBLJANA - BEŽIGRAD,2022-09-10 22:40,13.5,95,
_1828,LJUBLJANA - BEŽIGRAD,2022-09-10 22:50,13.4,95,
_1828,LJUBLJANA - BEŽIGRAD,2022-09-10 23:00,13.4,95,0
_1828,LJUBLJANA - BEŽIGRAD,2022-09-10 23:10,13.4,95,
_1828,LJUBLJANA - BEŽIGRAD,2022-09-10 23:20,13.3,95,
_1828,LJUBLJANA - BEŽIGRAD,2022-09-10 23:30,13.3,96,0
_1828,LJUBLJANA - BEŽIGRAD,2022-09-10 23:40,13.3,96,
_1828,LJUBLJANA - BEŽIGRAD,2022-09-10 23:50,13.3,96,
_1828,LJUBLJANA - BEŽIGRAD,2022-09-11 00:00,13.2,96,0
_1828,LJUBLJANA - BEŽIGRAD,2022-09-11 00:10,13.3,97,
_1828,LJUBLJANA - BEŽIGRAD,2022-09-11 00:20,13.4,96,
_1828,LJUBLJANA - BEŽIGRAD,2022-09-11 00:30,13.4,97,0
_1828,LJUBLJANA - BEŽIGRAD,2022-09-11 00:40,13.4,96,
_1828,LJUBLJANA - BEŽIGRAD,2022-09-11 00:50,13.3,96,
_1828,LJUBLJANA - BEŽIGRAD,2022-09-11 01:00,13.4,96,0
_1828,LJUBLJANA - BEŽIGRAD,2022-09-11 01:10,13.3,95,
_1828,LJUBLJANA - BEŽIGRAD,2022-09-11 01:20,13.4,95,
_1828,LJUBLJANA - BEŽIGRAD,2022-09-11 01:30,13.4,95,0
_1828,LJUBLJANA - BEŽIGRAD,2022-09-11 01:40,13.4,96,
_1828,LJUBLJANA - BEŽIGRAD,2022-09-11 01:50,13.3,96,
_1828,LJUBLJANA - BEŽIGRAD,2022-09-11 02:00,13.3,96,0
_1828,LJUBLJANA - BEŽIGRAD,2022-09-11 02:10,13.2,96,
_1828,LJUBLJANA - BEŽIGRAD,2022-09-11 02:20,13.2,96,
_1828,LJUBLJANA - BEŽIGRAD,2022-09-11 02:30,13.2,96,0
_1828,LJUBLJANA - BEŽIGRAD,2022-09-11 02:40,13.2,96,
_1828,LJUBLJANA - BEŽIGRAD,2022-09-11 02:50,13.1,96,
_1828,LJUBLJANA - BEŽIGRAD,2022-09-11 03:00,13.2,96,0
_1828,LJUBLJANA - BEŽIGRAD,2022-09-11 03:10,13.2,96,
_1828,LJUBLJANA - BEŽIGRAD,2022-09-11 03:20,13.3,95,
_1828,LJUBLJANA - BEŽIGRAD,2022-09-11 03:30,13.4,95,0
_1828,LJUBLJANA - BEŽIGRAD,2022-09-11 03:40,13.3,95,
_1828,LJUBLJANA - BEŽIGRAD,2022-09-11 03:50,13.3,95,
_1828,LJUBLJANA - BEŽIGRAD,2022-09-11 04:00,13.3,95,0
_1828,LJUBLJANA - BEŽIGRAD,2022-09-11 04:10,13.3,95,
_1828,LJUBLJANA - BEŽIGRAD,2022-09-11 04:20,13.2,96,
_1828,LJUBLJANA - BEŽIGRAD,2022-09-11 04:30,13.2,96,0.1
_1828,LJUBLJANA - BEŽIGRAD,2022-09-11 04:40,13.3,96,
_1828,LJUBLJANA - BEŽIGRAD,2022-09-11 04:50,13.3,96,
_1828,LJUBLJANA - BEŽIGRAD,2022-09-11 05:00,13.2,95,0
_1828,LJUBLJANA - BEŽIGRAD,2022-09-11 05:10,13.2,96,
_1828,LJUBLJANA - BEŽIGRAD,2022-09-11 05:20,13.2,96,
_1828,LJUBLJANA - BEŽIGRAD,2022-09-11 05:30,13.3,97,0
_1828,LJUBLJANA - BEŽIGRAD,2022-09-11 05:40,13.3,97,
_1828,LJUBLJANA - BEŽIGRAD,2022-09-11 05:50,13.2,97,
_1828,LJUBLJANA - BEŽIGRAD,2022-09-11 06:00,13.3,97,0
_1828,LJUBLJANA - BEŽIGRAD,2022-09-11 06:10,13.3,96,
_1828,LJUBLJANA - BEŽIGRAD,2022-09-11 06:20,13.3,96,
_1828,LJUBLJANA - BEŽIGRAD,2022-09-11 06:30,13.3,96,0
_1828,LJUBLJANA - BEŽIGRAD,2022-09-11 06:40,13.2,95,
_1828,LJUBLJANA - BEŽIGRAD,2022-09-11 06:50,13.2,94,
_1828,LJUBLJANA - BEŽIGRAD,2022-09-11 07:00,13.2,94,0
_1828,LJUBLJANA - BEŽIGRAD,2022-09-11 07:10,13.3,93,
_1828,LJUBLJANA - BEŽIGRAD,2022-09-11 07:20,13.4,93,
_1828,LJUBLJANA - BEŽIGRAD,2022-09-11 07:30,13.4,93,0
_1828,LJUBLJANA - BEŽIGRAD,2022-09-11 07:40,13.4,92,
_1828,LJUBLJANA - BEŽIGRAD,2022-09-11 07:50,13.4,92,
_1828,LJUBLJANA - BEŽIGRAD,2022-09-11 08:00,13.4,92,0
_1828,LJUBLJANA - BEŽIGRAD,2022-09-11 08:10,13.4,92,
_1828,LJUBLJANA - BEŽIGRAD,2022-09-11 08:20,13.5,91,
_1828,LJUBLJANA - BEŽIGRAD,2022-09-11 08:30,13.8,90,0
_1828,LJUBLJANA - BEŽIGRAD,2022-09-11 08:40,13.9,90,
_1828,LJUBLJANA - BEŽIGRAD,2022-09-11 08:50,14,89,
_1828,LJUBLJANA - BEŽIGRAD,2022-09-11 09:00,14.3,88,0
_1828,LJUBLJANA - BEŽIGRAD,2022-09-11 09:10,14.6,86,
_1828,LJUBLJANA - BEŽIGRAD,2022-09-11 09:20,14.9,85,
_1828,LJUBLJANA - BEŽIGRAD,2022-09-11 09:30,15.2,83,0
_1828,LJUBLJANA - BEŽIGRAD,2022-09-11 09:40,15.8,80,
_1828,LJUBLJANA - BEŽIGRAD,2022-09-11 09:50,16.1,78,
_1828,LJUBLJANA - BEŽIGRAD,2022-09-11 10:00,16.4,78,0
_1828,LJUBLJANA - BEŽIGRAD,2022-09-11 10:10,16.7,76,
_1828,LJUBLJANA - BEŽIGRAD,2022-09-11 10:20,17.3,74,
_1828,LJUBLJANA - BEŽIGRAD,2022-09-11 10:30,17.3,72,0
_1828,LJUBLJANA - BEŽIGRAD,2022-09-11 10:40,17.9,71,
_1828,LJUBLJANA - BEŽIGRAD,2022-09-11 10:50,18.3,69,
_1828,LJUBLJANA - BEŽIGRAD,2022-09-11 11:00,18.7,68,0
_1828,LJUBLJANA - BEŽIGRAD,2022-09-11 11:10,19.7,65,
_1828,LJUBLJANA - BEŽIGRAD,2022-09-11 11:20,19.7,63,
_1828,LJUBLJANA - BEŽIGRAD,2022-09-11 11:30,20.1,62,0
_1828,LJUBLJANA - BEŽIGRAD,2022-09-11 11:40,20.2,60,
_1828,LJUBLJANA - BEŽIGRAD,2022-09-11 11:50,20.7,57,
_1828,LJUBLJANA - BEŽIGRAD,2022-09-11 12:00,20.9,56,0
_1828,LJUBLJANA - BEŽIGRAD,2022-09-11 12:10,21.4,54,
_1828,LJUBLJANA - BEŽIGRAD,2022-09-11 12:20,21.7,52,
_1828,LJUBLJANA - BEŽIGRAD,2022-09-11 12:30,21.8,51,0
_1828,LJUBLJANA - BEŽIGRAD,2022-09-11 12:40,22.1,50,
_1828,LJUBLJANA - BEŽIGRAD,2022-09-11 12:50,22.8,48,
_1828,LJUBLJANA - BEŽIGRAD,2022-09-11 13:00,23,47,0
_1828,LJUBLJANA - BEŽIGRAD,2022-09-11 13:10,23.1,44,
_1828,LJUBLJANA - BEŽIGRAD,2022-09-11 13:20,23.5,39,
_1828,LJUBLJANA - BEŽIGRAD,2022-09-11 13:30,23.7,39,0
_1828,LJUBLJANA - BEŽIGRAD,2022-09-11 13:40,23.7,40,
_1828,LJUBLJANA - BEŽIGRAD,2022-09-11 13:50,23.4,41,
_1828,LJUBLJANA - BEŽIGRAD,2022-09-11 14:00,23.1,41,0
_1828,LJUBLJANA - BEŽIGRAD,2022-09-11 14:10,22.8,41,
_1828,LJUBLJANA - BEŽIGRAD,2022-09-11 14:20,22.5,43,
_1828,LJUBLJANA - BEŽIGRAD,2022-09-11 14:30,22.5,42,0
_1828,LJUBLJANA - BEŽIGRAD,2022-09-11 14:40,23,40,
_1828,LJUBLJANA - BEŽIGRAD,2022-09-11 14:50,23.8,39,
_1828,LJUBLJANA - BEŽIGRAD,2022-09-11 15:00,24.2,38,0
_1828,LJUBLJANA - BEŽIGRAD,2022-09-11 15:10,24.5,38,
_1828,LJUBLJANA - BEŽIGRAD,2022-09-11 15:20,24.6,37,
_1828,LJUBLJANA - BEŽIGRAD,2022-09-11 15:30,24.6,38,0
_1828,LJUBLJANA - BEŽIGRAD,2022-09-11 15:40,24.4,38,
_1828,LJUBLJANA - BEŽIGRAD,2022-09-11 15:50,24.2,39,
_1828,LJUBLJANA - BEŽIGRAD,2022-09-11 16:00,24.4,39,0
_1828,LJUBLJANA - BEŽIGRAD,2022-09-11 16:10,24.5,39,
_1828,LJUBLJANA - BEŽIGRAD,2022-09-11 16:20,24.3,40,
_1828,LJUBLJANA - BEŽIGRAD,2022-09-11 16:30,24.4,39,0
_1828,LJUBLJANA - BEŽIGRAD,2022-09-11 16:40,24.3,39,
_1828,LJUBLJANA - BEŽIGRAD,2022-09-11 16:50,24.3,40,
_1828,LJUBLJANA - BEŽIGRAD,2022-09-11 17:00,23.7,41,0
_1828,LJUBLJANA - BEŽIGRAD,2022-09-11 17:10,23.7,42,
_1828,LJUBLJANA - BEŽIGRAD,2022-09-11 17:20,23.2,44,
_1828,LJUBLJANA - BEŽIGRAD,2022-09-11 17:30,22.9,45,0
_1828,LJUBLJANA - BEŽIGRAD,2022-09-11 17:40,22.6,46,
_1828,LJUBLJANA - BEŽIGRAD,2022-09-11 17:50,22.4,47,
_1828,LJUBLJANA - BEŽIGRAD,2022-09-11 18:00,22.1,49,0
_1828,LJUBLJANA - BEŽIGRAD,2022-09-11 18:10,22,49,
_1828,LJUBLJANA - BEŽIGRAD,2022-09-11 18:20,22,50,
_1828,LJUBLJANA - BEŽIGRAD,2022-09-11 18:30,21.8,51,0
_1828,LJUBLJANA - BEŽIGRAD,2022-09-11 18:40,21.4,54,
_1828,LJUBLJANA - BEŽIGRAD,2022-09-11 18:50,20.9,56,
_1828,LJUBLJANA - BEŽIGRAD,2022-09-11 19:00,20.4,59,0
_1828,LJUBLJANA - BEŽIGRAD,2022-09-11 19:10,20,62,
_1828,LJUBLJANA - BEŽIGRAD,2022-09-11 19:20,19.6,64,
_1828,LJUBLJANA - BEŽIGRAD,2022-09-11 19:30,19.7,63,0
_1828,LJUBLJANA - BEŽIGRAD,2022-09-11 19:40,19.4,65,
_1828,LJUBLJANA - BEŽIGRAD,2022-09-11 19:50,19.1,67,
_1828,LJUBLJANA - BEŽIGRAD,2022-09-11 20:00,18.8,68,0
_1828,LJUBLJANA - BEŽIGRAD,2022-09-11 20:10,18.6,69,
_1828,LJUBLJANA - BEŽIGRAD,2022-09-11 20:20,18.5,68,
_1828,LJUBLJANA - BEŽIGRAD,2022-09-11 20:30,18.4,68,0
_1828,LJUBLJANA - BEŽIGRAD,2022-09-11 20:40,18.3,69,
_1828,LJUBLJANA - BEŽIGRAD,2022-09-11 20:50,18,70,
_1828,LJUBLJANA - BEŽIGRAD,2022-09-11 21:00,17.8,72,0
_1828,LJUBLJANA - BEŽIGRAD,2022-09-11 21:10,17.5,73,
_1828,LJUBLJANA - BEŽIGRAD,2022-09-11 21:20,17.3,74,
_1828,LJUBLJANA - BEŽIGRAD,2022-09-11 21:30,17.2,75,0
_1828,LJUBLJANA - BEŽIGRAD,2022-09-11 21:40,17,75,
_1828,LJUBLJANA - BEŽIGRAD,2022-09-11 21:50,16.8,76,
_1828,LJUBLJANA - BEŽIGRAD,2022-09-11 22:00,16.6,76,0
_1828,LJUBLJANA - BEŽIGRAD,2022-09-11 22:10,16.4,77,
_1828,LJUBLJANA - BEŽIGRAD,2022-09-11 22:20,16.1,78,
_1828,LJUBLJANA - BEŽIGRAD,2022-09-11 22:30,16,79,0
_1828,LJUBLJANA - BEŽIGRAD,2022-09-11 22:40,15.8,80,
_1828,LJUBLJANA - BEŽIGRAD,2022-09-11 22:50,15.6,81,
_1828,LJUBLJANA - BEŽIGRAD,2022-09-11 23:00,15.3,83,0
_1828,LJUBLJANA - BEŽIGRAD,2022-09-11 23:10,15.1,84,
_1828,LJUBLJANA - BEŽIGRAD,2022-09-11 23:20,14.9,85,
_1828,LJUBLJANA - BEŽIGRAD,2022-09-11 23:30,14.9,84,0
_1828,LJUBLJANA - BEŽIGRAD,2022-09-11 23:40,14.7,85,
_1828,LJUBLJANA - BEŽIGRAD,2022-09-11 23:50,14.5,85,
_1828,LJUBLJANA - BEŽIGRAD,2022-09-12 00:00,14.4,86,0
_1828,LJUBLJANA - BEŽIGRAD,2022-09-12 00:10,14.2,87,
_1828,LJUBLJANA - BEŽIGRAD,2022-09-12 00:20,14.1,87,
_1828,LJUBLJANA - BEŽIGRAD,2022-09-12 00:30,13.9,88,0
_1828,LJUBLJANA - BEŽIGRAD,2022-09-12 00:40,13.7,89,
_1828,LJUBLJANA - BEŽIGRAD,2022-09-12 00:50,13.5,90,
_1828,LJUBLJANA - BEŽIGRAD,2022-09-12 01:00,13.6,89,0
_1828,LJUBLJANA - BEŽIGRAD,2022-09-12 01:10,13.4,90,
_1828,LJUBLJANA - BEŽIGRAD,2022-09-12 01:20,13.2,91,
_1828,LJUBLJANA - BEŽIGRAD,2022-09-12 01:30,13.2,91,0
_1828,LJUBLJANA - BEŽIGRAD,2022-09-12 01:40,13.1,91,
_1828,LJUBLJANA - BEŽIGRAD,2022-09-12 01:50,13,91,
_1828,LJUBLJANA - BEŽIGRAD,2022-09-12 02:00,12.9,91,0
_1828,LJUBLJANA - BEŽIGRAD,2022-09-12 02:10,12.9,92,
_1828,LJUBLJANA - BEŽIGRAD,2022-09-12 02:20,12.7,92,
_1828,LJUBLJANA - BEŽIGRAD,2022-09-12 02:30,12.6,93,0
_1828,LJUBLJANA - BEŽIGRAD,2022-09-12 02:40,12.7,92,
_1828,LJUBLJANA - BEŽIGRAD,2022-09-12 02:50,12.6,92,
_1828,LJUBLJANA - BEŽIGRAD,2022-09-12 03:00,12.4,92,0
_1828,LJUBLJANA - BEŽIGRAD,2022-09-12 03:10,12.2,93,
_1828,LJUBLJANA - BEŽIGRAD,2022-09-12 03:20,12.1,93,
_1828,LJUBLJANA - BEŽIGRAD,2022-09-12 03:30,12,93,0
_1828,LJUBLJANA - BEŽIGRAD,2022-09-12 03:40,11.8,94,
_1828,LJUBLJANA - BEŽIGRAD,2022-09-12 03:50,11.7,94,
_1828,LJUBLJANA - BEŽIGRAD,2022-09-12 04:00,11.6,94,0
_1828,LJUBLJANA - BEŽIGRAD,2022-09-12 04:10,11.6,94,
_1828,LJUBLJANA - BEŽIGRAD,2022-09-12 04:20,11.5,94,
_1828,LJUBLJANA - BEŽIGRAD,2022-09-12 04:30,11.6,94,0
_1828,LJUBLJANA - BEŽIGRAD,2022-09-12 04:40,11.5,94,
_1828,LJUBLJANA - BEŽIGRAD,2022-09-12 04:50,11.4,94,
_1828,LJUBLJANA - BEŽIGRAD,2022-09-12 05:00,11.3,95,0
_1828,LJUBLJANA - BEŽIGRAD,2022-09-12 05:10,11.2,95,
_1828,LJUBLJANA - BEŽIGRAD,2022-09-12 05:20,11.2,95,
_1828,LJUBLJANA - BEŽIGRAD,2022-09-12 05:30,11.1,94,0
_1828,LJUBLJANA - BEŽIGRAD,2022-09-12 05:40,11,93,
_1828,LJUBLJANA - BEŽIGRAD,2022-09-12 05:50,10.8,93,
_1828,LJUBLJANA - BEŽIGRAD,2022-09-12 06:00,10.8,93,0
_1828,LJUBLJANA - BEŽIGRAD,2022-09-12 06:10,11,92,
_1828,LJUBLJANA - BEŽIGRAD,2022-09-12 06:20,11.2,92,
_1828,LJUBLJANA - BEŽIGRAD,2022-09-12 06:30,11.4,92,0
_1828,LJUBLJANA - BEŽIGRAD,2022-09-12 06:40,11.6,91,
_1828,LJUBLJANA - BEŽIGRAD,2022-09-12 06:50,11.8,91,
_1828,LJUBLJANA - BEŽIGRAD,2022-09-12 07:00,12.1,90,0
_1828,LJUBLJANA - BEŽIGRAD,2022-09-12 07:10,12.2,88,
_1828,LJUBLJANA - BEŽIGRAD,2022-09-12 07:20,12.4,87,
_1828,LJUBLJANA - BEŽIGRAD,2022-09-12 07:30,12.6,87,0
_1828,LJUBLJANA - BEŽIGRAD,2022-09-12 07:40,12.8,86,
_1828,LJUBLJANA - BEŽIGRAD,2022-09-12 07:50,12.9,86,
_1828,LJUBLJANA - BEŽIGRAD,2022-09-12 08:00,13.3,85,0
_1828,LJUBLJANA - BEŽIGRAD,2022-09-12 08:10,13.6,84,
_1828,LJUBLJANA - BEŽIGRAD,2022-09-12 08:20,13.9,83,
_1828,LJUBLJANA - BEŽIGRAD,2022-09-12 08:30,14.2,82,0
_1828,LJUBLJANA - BEŽIGRAD,2022-09-12 08:40,14.5,80,
_1828,LJUBLJANA - BEŽIGRAD,2022-09-12 08:50,14.7,78,
_1828,LJUBLJANA - BEŽIGRAD,2022-09-12 09:00,15.3,74,0
_1828,LJUBLJANA - BEŽIGRAD,2022-09-12 09:10,16,71,
_1828,LJUBLJANA - BEŽIGRAD,2022-09-12 09:20,16.6,68,
_1828,LJUBLJANA - BEŽIGRAD,2022-09-12 09:30,17,66,0
_1828,LJUBLJANA - BEŽIGRAD,2022-09-12 09:40,17.3,65,
_1828,LJUBLJANA - BEŽIGRAD,2022-09-12 09:50,18.2,63,
_1828,LJUBLJANA - BEŽIGRAD,2022-09-12 10:00,18.6,61,0
_1828,LJUBLJANA - BEŽIGRAD,2022-09-12 10:10,19.1,59,
_1828,LJUBLJANA - BEŽIGRAD,2022-09-12 10:20,19.3,58,
_1828,LJUBLJANA - BEŽIGRAD,2022-09-12 10:30,19.7,56,0
_1828,LJUBLJANA - BEŽIGRAD,2022-09-12 10:40,20,54,
_1828,LJUBLJANA - BEŽIGRAD,2022-09-12 10:50,20.5,52,
_1828,LJUBLJANA - BEŽIGRAD,2022-09-12 11:00,20.7,51,0
_1828,LJUBLJANA - BEŽIGRAD,2022-09-12 11:10,21.1,50,
_1828,LJUBLJANA - BEŽIGRAD,2022-09-12 11:20,22,47,
_1828,LJUBLJANA - BEŽIGRAD,2022-09-12 11:30,22.3,46,0
_1828,LJUBLJANA - BEŽIGRAD,2022-09-12 11:40,22.6,45,
_1828,LJUBLJANA - BEŽIGRAD,2022-09-12 11:50,22.8,45,
_1828,LJUBLJANA - BEŽIGRAD,2022-09-12 12:00,22.7,44,0
_1828,LJUBLJANA - BEŽIGRAD,2022-09-12 12:10,23.1,41,
_1828,LJUBLJANA - BEŽIGRAD,2022-09-12 12:20,23.1,41,
_1828,LJUBLJANA - BEŽIGRAD,2022-09-12 12:30,23.2,40,0
_1828,LJUBLJANA - BEŽIGRAD,2022-09-12 12:40,23.4,40,
_1828,LJUBLJANA - BEŽIGRAD,2022-09-12 12:50,23.7,40,
_1828,LJUBLJANA - BEŽIGRAD,2022-09-12 13:00,24.1,38,0
_1828,LJUBLJANA - BEŽIGRAD,2022-09-12 13:10,24.4,38,
_1828,LJUBLJANA - BEŽIGRAD,2022-09-12 13:20,24.5,39,
_1828,LJUBLJANA - BEŽIGRAD,2022-09-12 13:30,24.8,38,0
_1828,LJUBLJANA - BEŽIGRAD,2022-09-12 13:40,24.7,38,
_1828,LJUBLJANA - BEŽIGRAD,2022-09-12 13:50,24.6,36,
_1828,LJUBLJANA - BEŽIGRAD,2022-09-12 14:00,24.9,37,0
_1828,LJUBLJANA - BEŽIGRAD,2022-09-12 14:10,25,38,
_1828,LJUBLJANA - BEŽIGRAD,2022-09-12 14:20,25.1,37,
_1828,LJUBLJANA - BEŽIGRAD,2022-09-12 14:30,25.1,37,0
_1828,LJUBLJANA - BEŽIGRAD,2022-09-12 14:40,25.3,37,
_1828,LJUBLJANA - BEŽIGRAD,2022-09-12 14:50,25.3,38,
_1828,LJUBLJANA - BEŽIGRAD,2022-09-12 15:00,25.4,37,0
_1828,LJUBLJANA - BEŽIGRAD,2022-09-12 15:10,25.3,37,
_1828,LJUBLJANA - BEŽIGRAD,2022-09-12 15:20,25.5,38,
_1828,LJUBLJANA - BEŽIGRAD,2022-09-12 15:30,25.6,37,0
_1828,LJUBLJANA - BEŽIGRAD,2022-09-12 15:40,25.4,37,
_1828,LJUBLJANA - BEŽIGRAD,2022-09-12 15:50,25.5,37,
_1828,LJUBLJANA - BEŽIGRAD,2022-09-12 16:00,25.3,37,0
_1828,LJUBLJANA - BEŽIGRAD,2022-09-12 16:10,25.3,37,
_1828,LJUBLJANA - BEŽIGRAD,2022-09-12 16:20,25.6,37,
_1828,LJUBLJANA - BEŽIGRAD,2022-09-12 16:30,25.4,37,0
_1828,LJUBLJANA - BEŽIGRAD,2022-09-12 16:40,25.4,37,
_1828,LJUBLJANA - BEŽIGRAD,2022-09-12 16:50,25.4,37,
_1828,LJUBLJANA - BEŽIGRAD,2022-09-12 17:00,25.2,38,0
_1828,LJUBLJANA - BEŽIGRAD,2022-09-12 17:10,24.6,39,
_1828,LJUBLJANA - BEŽIGRAD,2022-09-12 17:20,24.2,39,
_1828,LJUBLJANA - BEŽIGRAD,2022-09-12 17:30,23.9,40,0
_1828,LJUBLJANA - BEŽIGRAD,2022-09-12 17:40,23.7,41,
_1828,LJUBLJANA - BEŽIGRAD,2022-09-12 17:50,23.5,42,
_1828,LJUBLJANA - BEŽIGRAD,2022-09-12 18:00,23.2,43,0
_1828,LJUBLJANA - BEŽIGRAD,2022-09-12 18:10,22.9,45,
_1828,LJUBLJANA - BEŽIGRAD,2022-09-12 18:20,22.5,47,
_1828,LJUBLJANA - BEŽIGRAD,2022-09-12 18:30,22.3,48,0
_1828,LJUBLJANA - BEŽIGRAD,2022-09-12 18:40,22,49,
_1828,LJUBLJANA - BEŽIGRAD,2022-09-12 18:50,21.8,51,
_1828,LJUBLJANA - BEŽIGRAD,2022-09-12 19:00,21.4,53,0
_1828,LJUBLJANA - BEŽIGRAD,2022-09-12 19:10,21.1,54,
_1828,LJUBLJANA - BEŽIGRAD,2022-09-12 19:20,20.9,55,
_1828,LJUBLJANA - BEŽIGRAD,2022-09-12 19:30,20.5,57,0
_1828,LJUBLJANA - BEŽIGRAD,2022-09-12 19:40,20.3,58,
_1828,LJUBLJANA - BEŽIGRAD,2022-09-12 19:50,19.9,60,
_1828,LJUBLJANA - BEŽIGRAD,2022-09-12 20:00,19.5,61,0
_1828,LJUBLJANA - BEŽIGRAD,2022-09-12 20:10,19.3,63,
_1828,LJUBLJANA - BEŽIGRAD,2022-09-12 20:20,19.1,63,
_1828,LJUBLJANA - BEŽIGRAD,2022-09-12 20:30,18.9,65,0
_1828,LJUBLJANA - BEŽIGRAD,2022-09-12 20:40,18.5,67,
_1828,LJUBLJANA - BEŽIGRAD,2022-09-12 20:50,18.2,68,
_1828,LJUBLJANA - BEŽIGRAD,2022-09-12 21:00,18,69,0
_1828,LJUBLJANA - BEŽIGRAD,2022-09-12 21:10,17.6,71,
_1828,LJUBLJANA - BEŽIGRAD,2022-09-12 21:20,17.3,72,
_1828,LJUBLJANA - BEŽIGRAD,2022-09-12 21:30,17.2,72,0
_1828,LJUBLJANA - BEŽIGRAD,2022-09-12 21:40,16.9,74,
_1828,LJUBLJANA - BEŽIGRAD,2022-09-12 21:50,16.8,75,
_1828,LJUBLJANA - BEŽIGRAD,2022-09-12 22:00,16.7,75,0
_1828,LJUBLJANA - BEŽIGRAD,2022-09-12 22:10,16.4,76,
_1828,LJUBLJANA - BEŽIGRAD,2022-09-12 22:20,16.3,77,
_1828,LJUBLJANA - BEŽIGRAD,2022-09-12 22:30,16.3,77,0
_1828,LJUBLJANA - BEŽIGRAD,2022-09-12 22:40,16.1,77,
_1828,LJUBLJANA - BEŽIGRAD,2022-09-12 22:50,15.9,78,
_1828,LJUBLJANA - BEŽIGRAD,2022-09-12 23:00,15.6,79,0
_1828,LJUBLJANA - BEŽIGRAD,2022-09-12 23:10,15.4,80,
_1828,LJUBLJANA - BEŽIGRAD,2022-09-12 23:20,15.3,82,
_1828,LJUBLJANA - BEŽIGRAD,2022-09-12 23:30,15.3,82,0
_1828,LJUBLJANA - BEŽIGRAD,2022-09-12 23:40,15.2,82,
_1828,LJUBLJANA - BEŽIGRAD,2022-09-12 23:50,15,83,
_1828,LJUBLJANA - BEŽIGRAD,2022-09-13 00:00,14.7,84,0
_1828,LJUBLJANA - BEŽIGRAD,2022-09-13 00:10,14.6,84,
_1828,LJUBLJANA - BEŽIGRAD,2022-09-13 00:20,14.6,85,
_1828,LJUBLJANA - BEŽIGRAD,2022-09-13 00:30,14.5,85,0
_1828,LJUBLJANA - BEŽIGRAD,2022-09-13 00:40,14.4,86,
_1828,LJUBLJANA - BEŽIGRAD,2022-09-13 00:50,14.3,86,
_1828,LJUBLJANA - BEŽIGRAD,2022-09-13 01:00,14.2,87,0
_1828,LJUBLJANA - BEŽIGRAD,2022-09-13 01:10,14,88,
_1828,LJUBLJANA - BEŽIGRAD,2022-09-13 01:20,13.8,88,
_1828,LJUBLJANA - BEŽIGRAD,2022-09-13 01:30,13.7,89,0
_1828,LJUBLJANA - BEŽIGRAD,2022-09-13 01:40,13.7,89,
_1828,LJUBLJANA - BEŽIGRAD,2022-09-13 01:50,13.6,89,
_1828,LJUBLJANA - BEŽIGRAD,2022-09-13 02:00,13.5,90,0
_1828,LJUBLJANA - BEŽIGRAD,2022-09-13 02:10,13.4,90,
_1828,LJUBLJANA - BEŽIGRAD,2022-09-13 02:20,13.2,91,
_1828,LJUBLJANA - BEŽIGRAD,2022-09-13 02:30,13.1,91,0
_1828,LJUBLJANA - BEŽIGRAD,2022-09-13 02:40,13.1,91,
_1828,LJUBLJANA - BEŽIGRAD,2022-09-13 02:50,13.1,91,
_1828,LJUBLJANA - BEŽIGRAD,2022-09-13 03:00,12.9,92,0
_1828,LJUBLJANA - BEŽIGRAD,2022-09-13 03:10,12.9,92,
_1828,LJUBLJANA - BEŽIGRAD,2022-09-13 03:20,12.8,92,
_1828,LJUBLJANA - BEŽIGRAD,2022-09-13 03:30,12.8,92,0
_1828,LJUBLJANA - BEŽIGRAD,2022-09-13 03:40,12.8,92,
_1828,LJUBLJANA - BEŽIGRAD,2022-09-13 03:50,12.7,93,
_1828,LJUBLJANA - BEŽIGRAD,2022-09-13 04:00,12.5,93,0
_1828,LJUBLJANA - BEŽIGRAD,2022-09-13 04:10,12.4,93,
_1828,LJUBLJANA - BEŽIGRAD,2022-09-13 04:20,12.4,93,
_1828,LJUBLJANA - BEŽIGRAD,2022-09-13 04:30,12.3,94,0
_1828,LJUBLJANA - BEŽIGRAD,2022-09-13 04:40,12.2,94,
_1828,LJUBLJANA - BEŽIGRAD,2022-09-13 04:50,12.2,94,
_1828,LJUBLJANA - BEŽIGRAD,2022-09-13 05:00,12.1,94,0
_1828,LJUBLJANA - BEŽIGRAD,2022-09-13 05:10,12.1,94,
_1828,LJUBLJANA - BEŽIGRAD,2022-09-13 05:20,12,95,
_1828,LJUBLJANA - BEŽIGRAD,2022-09-13 05:30,12,95,0
_1828,LJUBLJANA - BEŽIGRAD,2022-09-13 05:40,12,94,
_1828,LJUBLJANA - BEŽIGRAD,2022-09-13 05:50,12,94,
_1828,LJUBLJANA - BEŽIGRAD,2022-09-13 06:00,12,93,0
_1828,LJUBLJANA - BEŽIGRAD,2022-09-13 06:10,12.1,93,
_1828,LJUBLJANA - BEŽIGRAD,2022-09-13 06:20,12.2,93,
_1828,LJUBLJANA - BEŽIGRAD,2022-09-13 06:30,12.4,92,0
_1828,LJUBLJANA - BEŽIGRAD,2022-09-13 06:40,12.6,92,
_1828,LJUBLJANA - BEŽIGRAD,2022-09-13 06:50,12.7,91,
_1828,LJUBLJANA - BEŽIGRAD,2022-09-13 07:00,12.8,91,0
_1828,LJUBLJANA - BEŽIGRAD,2022-09-13 07:10,13,90,
_1828,LJUBLJANA - BEŽIGRAD,2022-09-13 07:20,13.4,89,
_1828,LJUBLJANA - BEŽIGRAD,2022-09-13 07:30,13.7,87,0
_1828,LJUBLJANA - BEŽIGRAD,2022-09-13 07:40,13.9,87,
_1828,LJUBLJANA - BEŽIGRAD,2022-09-13 07:50,14.2,86,
_1828,LJUBLJANA - BEŽIGRAD,2022-09-13 08:00,14.4,85,0
_1828,LJUBLJANA - BEŽIGRAD,2022-09-13 08:10,14.6,84,
_1828,LJUBLJANA - BEŽIGRAD,2022-09-13 08:20,14.8,83,
_1828,LJUBLJANA - BEŽIGRAD,2022-09-13 08:30,15,82,0
_1828,LJUBLJANA - BEŽIGRAD,2022-09-13 08:40,15.5,81,
_1828,LJUBLJANA - BEŽIGRAD,2022-09-13 08:50,16,78,
_1828,LJUBLJANA - BEŽIGRAD,2022-09-13 09:00,16.6,76,0
_1828,LJUBLJANA - BEŽIGRAD,2022-09-13 09:10,17.1,75,
_1828,LJUBLJANA - BEŽIGRAD,2022-09-13 09:20,17.6,72,
_1828,LJUBLJANA - BEŽIGRAD,2022-09-13 09:30,18.2,70,0
_1828,LJUBLJANA - BEŽIGRAD,2022-09-13 09:40,18.6,69,
_1828,LJUBLJANA - BEŽIGRAD,2022-09-13 09:50,19.1,68,
_1828,LJUBLJANA - BEŽIGRAD,2022-09-13 10:00,19.5,66,0
_1828,LJUBLJANA - BEŽIGRAD,2022-09-13 10:10,19.9,65,
_1828,LJUBLJANA - BEŽIGRAD,2022-09-13 10:20,20.7,63,
_1828,LJUBLJANA - BEŽIGRAD,2022-09-13 10:30,21.4,61,0
_1828,LJUBLJANA - BEŽIGRAD,2022-09-13 10:40,21.6,60,
_1828,LJUBLJANA - BEŽIGRAD,2022-09-13 10:50,22,58,
_1828,LJUBLJANA - BEŽIGRAD,2022-09-13 11:00,22.4,58,0
_1828,LJUBLJANA - BEŽIGRAD,2022-09-13 11:10,22.8,57,
_1828,LJUBLJANA - BEŽIGRAD,2022-09-13 11:20,22.9,57,
_1828,LJUBLJANA - BEŽIGRAD,2022-09-13 11:30,23.6,55,0
_1828,LJUBLJANA - BEŽIGRAD,2022-09-13 11:40,24,55,
_1828,LJUBLJANA - BEŽIGRAD,2022-09-13 11:50,24.3,54,
_1828,LJUBLJANA - BEŽIGRAD,2022-09-13 12:00,24.6,53,0
_1828,LJUBLJANA - BEŽIGRAD,2022-09-13 12:10,25.8,50,
_1828,LJUBLJANA - BEŽIGRAD,2022-09-13 12:20,25.8,49,
_1828,LJUBLJANA - BEŽIGRAD,2022-09-13 12:30,26,48,0
_1828,LJUBLJANA - BEŽIGRAD,2022-09-13 12:40,26.1,48,
_1828,LJUBLJANA - BEŽIGRAD,2022-09-13 12:50,26.1,48,
_1828,LJUBLJANA - BEŽIGRAD,2022-09-13 13:00,26.1,48,0
_1828,LJUBLJANA - BEŽIGRAD,2022-09-13 13:10,26.4,47,
_1828,LJUBLJANA - BEŽIGRAD,2022-09-13 13:20,26.5,47,
_1828,LJUBLJANA - BEŽIGRAD,2022-09-13 13:30,26.7,47,0
_1828,LJUBLJANA - BEŽIGRAD,2022-09-13 13:40,27.1,46,
_1828,LJUBLJANA - BEŽIGRAD,2022-09-13 13:50,27.1,46,
_1828,LJUBLJANA - BEŽIGRAD,2022-09-13 14:00,26.4,47,0
_1828,LJUBLJANA - BEŽIGRAD,2022-09-13 14:10,26.6,47,
_1828,LJUBLJANA - BEŽIGRAD,2022-09-13 14:20,26.2,48,
_1828,LJUBLJANA - BEŽIGRAD,2022-09-13 14:30,26,48,0
_1828,LJUBLJANA - BEŽIGRAD,2022-09-13 14:40,26,49,
_1828,LJUBLJANA - BEŽIGRAD,2022-09-13 14:50,25.9,49,
_1828,LJUBLJANA - BEŽIGRAD,2022-09-13 15:00,25.7,48,0
_1828,LJUBLJANA - BEŽIGRAD,2022-09-13 15:10,25.8,48,
_1828,LJUBLJANA - BEŽIGRAD,2022-09-13 15:20,25.6,49,
_1828,LJUBLJANA - BEŽIGRAD,2022-09-13 15:30,25.6,49,0
_1828,LJUBLJANA - BEŽIGRAD,2022-09-13 15:40,25.3,50,
_1828,LJUBLJANA - BEŽIGRAD,2022-09-13 15:50,25.2,51,
_1828,LJUBLJANA - BEŽIGRAD,2022-09-13 16:00,25.1,51,0
_1828,LJUBLJANA - BEŽIGRAD,2022-09-13 16:10,25,51,
_1828,LJUBLJANA - BEŽIGRAD,2022-09-13 16:20,24.9,52,
_1828,LJUBLJANA - BEŽIGRAD,2022-09-13 16:30,24.6,53,0
_1828,LJUBLJANA - BEŽIGRAD,2022-09-13 16:40,24.5,53,
_1828,LJUBLJANA - BEŽIGRAD,2022-09-13 16:50,24.4,53,
_1828,LJUBLJANA - BEŽIGRAD,2022-09-13 17:00,24.2,54,0
_1828,LJUBLJANA - BEŽIGRAD,2022-09-13 17:10,23.9,55,
_1828,LJUBLJANA - BEŽIGRAD,2022-09-13 17:20,23.7,56,
_1828,LJUBLJANA - BEŽIGRAD,2022-09-13 17:30,23.4,58,0
_1828,LJUBLJANA - BEŽIGRAD,2022-09-13 17:40,23.2,59,
_1828,LJUBLJANA - BEŽIGRAD,2022-09-13 17:50,22.9,61,
_1828,LJUBLJANA - BEŽIGRAD,2022-09-13 18:00,22.6,62,0
_1828,LJUBLJANA - BEŽIGRAD,2022-09-13 18:10,22.4,63,
_1828,LJUBLJANA - BEŽIGRAD,2022-09-13 18:20,22.2,64,
_1828,LJUBLJANA - BEŽIGRAD,2022-09-13 18:30,21.9,65,0
_1828,LJUBLJANA - BEŽIGRAD,2022-09-13 18:40,21.7,65,
_1828,LJUBLJANA - BEŽIGRAD,2022-09-13 18:50,21.6,66,
_1828,LJUBLJANA - BEŽIGRAD,2022-09-13 19:00,21.6,66,0
_1828,LJUBLJANA - BEŽIGRAD,2022-09-13 19:10,21.6,66,
_1828,LJUBLJANA - BEŽIGRAD,2022-09-13 19:20,21.7,66,
_1828,LJUBLJANA - BEŽIGRAD,2022-09-13 19:30,21.4,67,0
_1828,LJUBLJANA - BEŽIGRAD,2022-09-13 19:40,21.1,67,
_1828,LJUBLJANA - BEŽIGRAD,2022-09-13 19:50,20.9,67,
_1828,LJUBLJANA - BEŽIGRAD,2022-09-13 20:00,20.8,68,0
_1828,LJUBLJANA - BEŽIGRAD,2022-09-13 20:10,20.6,68,
_1828,LJUBLJANA - BEŽIGRAD,2022-09-13 20:20,20.4,69,
_1828,LJUBLJANA - BEŽIGRAD,2022-09-13 20:30,20.4,70,0
_1828,LJUBLJANA - BEŽIGRAD,2022-09-13 20:40,20.4,70,
_1828,LJUBLJANA - BEŽIGRAD,2022-09-13 20:50,20.3,70,
_1828,LJUBLJANA - BEŽIGRAD,2022-09-13 21:00,20.2,71,0
_1828,LJUBLJANA - BEŽIGRAD,2022-09-13 21:10,20.1,71,
_1828,LJUBLJANA - BEŽIGRAD,2022-09-13 21:20,20.1,71,
_1828,LJUBLJANA - BEŽIGRAD,2022-09-13 21:30,20,71,0
_1828,LJUBLJANA - BEŽIGRAD,2022-09-13 21:40,20,71,
_1828,LJUBLJANA - BEŽIGRAD,2022-09-13 21:50,19.9,71,
_1828,LJUBLJANA - BEŽIGRAD,2022-09-13 22:00,19.9,71,0
_1828,LJUBLJANA - BEŽIGRAD,2022-09-13 22:10,19.8,71,
_1828,LJUBLJANA - BEŽIGRAD,2022-09-13 22:20,19.6,72,
_1828,LJUBLJANA - BEŽIGRAD,2022-09-13 22:30,19.5,72,0
_1828,LJUBLJANA - BEŽIGRAD,2022-09-13 22:40,19.4,73,
_1828,LJUBLJANA - BEŽIGRAD,2022-09-13 22:50,19.5,73,
_1828,LJUBLJANA - BEŽIGRAD,2022-09-13 23:00,19.3,73,0
_1828,LJUBLJANA - BEŽIGRAD,2022-09-13 23:10,19.3,73,
_1828,LJUBLJANA - BEŽIGRAD,2022-09-13 23:20,19.2,74,
_1828,LJUBLJANA - BEŽIGRAD,2022-09-13 23:30,19.4,73,0
_1828,LJUBLJANA - BEŽIGRAD,2022-09-13 23:40,19.4,73,
_1828,LJUBLJANA - BEŽIGRAD,2022-09-13 23:50,19.4,73,
_1828,LJUBLJANA - BEŽIGRAD,2022-09-14 00:00,19.3,74,0
_1828,LJUBLJANA - BEŽIGRAD,2022-09-14 00:10,19.3,74,
_1828,LJUBLJANA - BEŽIGRAD,2022-09-14 00:20,19.2,75,
_1828,LJUBLJANA - BEŽIGRAD,2022-09-14 00:30,19.3,75,0
_1828,LJUBLJANA - BEŽIGRAD,2022-09-14 00:40,19.3,75,
_1828,LJUBLJANA - BEŽIGRAD,2022-09-14 00:50,19.2,76,
_1828,LJUBLJANA - BEŽIGRAD,2022-09-14 01:00,19.2,77,0
_1828,LJUBLJANA - BEŽIGRAD,2022-09-14 01:10,19.2,77,
_1828,LJUBLJANA - BEŽIGRAD,2022-09-14 01:20,19.4,76,
_1828,LJUBLJANA - BEŽIGRAD,2022-09-14 01:30,19.4,76,0
_1828,LJUBLJANA - BEŽIGRAD,2022-09-14 01:40,19.4,77,
_1828,LJUBLJANA - BEŽIGRAD,2022-09-14 01:50,19.2,77,
_1828,LJUBLJANA - BEŽIGRAD,2022-09-14 02:00,19.2,78,0
_1828,LJUBLJANA - BEŽIGRAD,2022-09-14 02:10,19.3,78,
_1828,LJUBLJANA - BEŽIGRAD,2022-09-14 02:20,19.4,77,
_1828,LJUBLJANA - BEŽIGRAD,2022-09-14 02:30,19.4,77,0
_1828,LJUBLJANA - BEŽIGRAD,2022-09-14 02:40,19.3,78,
_1828,LJUBLJANA - BEŽIGRAD,2022-09-14 02:50,19.3,78,
_1828,LJUBLJANA - BEŽIGRAD,2022-09-14 03:00,19.3,78,0
_1828,LJUBLJANA - BEŽIGRAD,2022-09-14 03:10,19.3,78,
_1828,LJUBLJANA - BEŽIGRAD,2022-09-14 03:20,19.3,77,
_1828,LJUBLJANA - BEŽIGRAD,2022-09-14 03:30,19.3,77,0
_1828,LJUBLJANA - BEŽIGRAD,2022-09-14 03:40,19.4,76,
_1828,LJUBLJANA - BEŽIGRAD,2022-09-14 03:50,19.6,74,
_1828,LJUBLJANA - BEŽIGRAD,2022-09-14 04:00,19.7,73,0
_1828,LJUBLJANA - BEŽIGRAD,2022-09-14 04:10,19.8,72,
_1828,LJUBLJANA - BEŽIGRAD,2022-09-14 04:20,19.9,71,
_1828,LJUBLJANA - BEŽIGRAD,2022-09-14 04:30,19.9,70,0
_1828,LJUBLJANA - BEŽIGRAD,2022-09-14 04:40,19.9,70,
_1828,LJUBLJANA - BEŽIGRAD,2022-09-14 04:50,19.9,69,
_1828,LJUBLJANA - BEŽIGRAD,2022-09-14 05:00,20,69,0
_1828,LJUBLJANA - BEŽIGRAD,2022-09-14 05:10,20,68,
_1828,LJUBLJANA - BEŽIGRAD,2022-09-14 05:20,20,68,
_1828,LJUBLJANA - BEŽIGRAD,2022-09-14 05:30,20.1,68,0
_1828,LJUBLJANA - BEŽIGRAD,2022-09-14 05:40,20.1,68,
_1828,LJUBLJANA - BEŽIGRAD,2022-09-14 05:50,20.2,68,
_1828,LJUBLJANA - BEŽIGRAD,2022-09-14 06:00,20.2,68,0
_1828,LJUBLJANA - BEŽIGRAD,2022-09-14 06:10,20.2,67,
_1828,LJUBLJANA - BEŽIGRAD,2022-09-14 06:20,20.2,67,
_1828,LJUBLJANA - BEŽIGRAD,2022-09-14 06:30,20.2,67,0
_1828,LJUBLJANA - BEŽIGRAD,2022-09-14 06:40,20.3,66,
_1828,LJUBLJANA - BEŽIGRAD,2022-09-14 06:50,20.3,66,
_1828,LJUBLJANA - BEŽIGRAD,2022-09-14 07:00,20.3,66,0
_1828,LJUBLJANA - BEŽIGRAD,2022-09-14 07:10,20.4,65,
_1828,LJUBLJANA - BEŽIGRAD,2022-09-14 07:20,20.5,65,
_1828,LJUBLJANA - BEŽIGRAD,2022-09-14 07:30,20.6,64,0
_1828,LJUBLJANA - BEŽIGRAD,2022-09-14 07:40,20.8,64,
_1828,LJUBLJANA - BEŽIGRAD,2022-09-14 07:50,20.8,64,
_1828,LJUBLJANA - BEŽIGRAD,2022-09-14 08:00,20.9,64,0
_1828,LJUBLJANA - BEŽIGRAD,2022-09-14 08:10,21,64,
_1828,LJUBLJANA - BEŽIGRAD,2022-09-14 08:20,21.2,64,
_1828,LJUBLJANA - BEŽIGRAD,2022-09-14 08:30,21.5,63,0
_1828,LJUBLJANA - BEŽIGRAD,2022-09-14 08:40,21.6,63,
_1828,LJUBLJANA - BEŽIGRAD,2022-09-14 08:50,21.6,63,
_1828,LJUBLJANA - BEŽIGRAD,2022-09-14 09:00,21.8,63,0
_1828,LJUBLJANA - BEŽIGRAD,2022-09-14 09:10,22,63,
_1828,LJUBLJANA - BEŽIGRAD,2022-09-14 09:20,22.1,64,
_1828,LJUBLJANA - BEŽIGRAD,2022-09-14 09:30,22,64,0
_1828,LJUBLJANA - BEŽIGRAD,2022-09-14 09:40,22.2,65,
_1828,LJUBLJANA - BEŽIGRAD,2022-09-14 09:50,22.5,64,
_1828,LJUBLJANA - BEŽIGRAD,2022-09-14 10:00,22.8,63,0
_1828,LJUBLJANA - BEŽIGRAD,2022-09-14 10:10,22.8,64,
_1828,LJUBLJANA - BEŽIGRAD,2022-09-14 10:20,22.5,65,
_1828,LJUBLJANA - BEŽIGRAD,2022-09-14 10:30,22.7,65,0
_1828,LJUBLJANA - BEŽIGRAD,2022-09-14 10:40,22.8,65,
_1828,LJUBLJANA - BEŽIGRAD,2022-09-14 10:50,22.9,65,
_1828,LJUBLJANA - BEŽIGRAD,2022-09-14 11:00,23.1,64,0
_1828,LJUBLJANA - BEŽIGRAD,2022-09-14 11:10,23.4,63,
_1828,LJUBLJANA - BEŽIGRAD,2022-09-14 11:20,23.7,61,
_1828,LJUBLJANA - BEŽIGRAD,2022-09-14 11:30,23.8,61,0
_1828,LJUBLJANA - BEŽIGRAD,2022-09-14 11:40,23.7,61,
_1828,LJUBLJANA - BEŽIGRAD,2022-09-14 11:50,23.5,61,
_1828,LJUBLJANA - BEŽIGRAD,2022-09-14 12:00,23.4,62,0
_1828,LJUBLJANA - BEŽIGRAD,2022-09-14 12:10,23.5,61,
_1828,LJUBLJANA - BEŽIGRAD,2022-09-14 12:20,23.6,62,
_1828,LJUBLJANA - BEŽIGRAD,2022-09-14 12:30,23.8,61,0
_1828,LJUBLJANA - BEŽIGRAD,2022-09-14 12:40,24.1,60,
_1828,LJUBLJANA - BEŽIGRAD,2022-09-14 12:50,24.7,59,
_1828,LJUBLJANA - BEŽIGRAD,2022-09-14 13:00,24.8,58,0
_1828,LJUBLJANA - BEŽIGRAD,2022-09-14 13:10,24.8,59,
_1828,LJUBLJANA - BEŽIGRAD,2022-09-14 13:20,24.8,59,
_1828,LJUBLJANA - BEŽIGRAD,2022-09-14 13:30,25,58,0
_1828,LJUBLJANA - BEŽIGRAD,2022-09-14 13:40,25.6,56,
_1828,LJUBLJANA - BEŽIGRAD,2022-09-14 13:50,25.9,54,
_1828,LJUBLJANA - BEŽIGRAD,2022-09-14 14:00,26.1,53,0
_1828,LJUBLJANA - BEŽIGRAD,2022-09-14 14:10,26.4,53,
_1828,LJUBLJANA - BEŽIGRAD,2022-09-14 14:20,26.3,52,
_1828,LJUBLJANA - BEŽIGRAD,2022-09-14 14:30,25.8,53,0
_1828,LJUBLJANA - BEŽIGRAD,2022-09-14 14:40,25.9,54,
_1828,LJUBLJANA - BEŽIGRAD,2022-09-14 14:50,25.7,55,
_1828,LJUBLJANA - BEŽIGRAD,2022-09-14 15:00,25.7,54,0
_1828,LJUBLJANA - BEŽIGRAD,2022-09-14 15:10,25.7,55,
_1828,LJUBLJANA - BEŽIGRAD,2022-09-14 15:20,25.7,55,
_1828,LJUBLJANA - BEŽIGRAD,2022-09-14 15:30,26.1,54,0
_1828,LJUBLJANA - BEŽIGRAD,2022-09-14 15:40,26,53,
_1828,LJUBLJANA - BEŽIGRAD,2022-09-14 15:50,25.8,54,
_1828,LJUBLJANA - BEŽIGRAD,2022-09-14 16:00,25.3,55,0
_1828,LJUBLJANA - BEŽIGRAD,2022-09-14 16:10,25.1,56,
_1828,LJUBLJANA - BEŽIGRAD,2022-09-14 16:20,24.9,57,
_1828,LJUBLJANA - BEŽIGRAD,2022-09-14 16:30,25,57,0
_1828,LJUBLJANA - BEŽIGRAD,2022-09-14 16:40,25,57,
_1828,LJUBLJANA - BEŽIGRAD,2022-09-14 16:50,24.6,58,
_1828,LJUBLJANA - BEŽIGRAD,2022-09-14 17:00,24.5,59,0
_1828,LJUBLJANA - BEŽIGRAD,2022-09-14 17:10,24.3,60,
_1828,LJUBLJANA - BEŽIGRAD,2022-09-14 17:20,24.2,60,
_1828,LJUBLJANA - BEŽIGRAD,2022-09-14 17:30,24,61,0
_1828,LJUBLJANA - BEŽIGRAD,2022-09-14 17:40,23.8,61,
_1828,LJUBLJANA - BEŽIGRAD,2022-09-14 17:50,23.6,61,
_1828,LJUBLJANA - BEŽIGRAD,2022-09-14 18:00,23.5,61,0
_1828,LJUBLJANA - BEŽIGRAD,2022-09-14 18:10,23.4,62,
_1828,LJUBLJANA - BEŽIGRAD,2022-09-14 18:20,23.3,62,
_1828,LJUBLJANA - BEŽIGRAD,2022-09-14 18:30,23.4,63,0
_1828,LJUBLJANA - BEŽIGRAD,2022-09-14 18:40,23.4,63,
_1828,LJUBLJANA - BEŽIGRAD,2022-09-14 18:50,23.5,63,
_1828,LJUBLJANA - BEŽIGRAD,2022-09-14 19:00,23.4,64,0
_1828,LJUBLJANA - BEŽIGRAD,2022-09-14 19:10,23.3,65,
_1828,LJUBLJANA - BEŽIGRAD,2022-09-14 19:20,23.2,65,
_1828,LJUBLJANA - BEŽIGRAD,2022-09-14 19:30,23.3,64,0
_1828,LJUBLJANA - BEŽIGRAD,2022-09-14 19:40,23.3,64,
_1828,LJUBLJANA - BEŽIGRAD,2022-09-14 19:50,23.3,64,
_1828,LJUBLJANA - BEŽIGRAD,2022-09-14 20:00,23.2,65,0
_1828,LJUBLJANA - BEŽIGRAD,2022-09-14 20:10,23.1,66,
_1828,LJUBLJANA - BEŽIGRAD,2022-09-14 20:20,23,67,
_1828,LJUBLJANA - BEŽIGRAD,2022-09-14 20:30,22.9,68,0
_1828,LJUBLJANA - BEŽIGRAD,2022-09-14 20:40,22.8,68,
_1828,LJUBLJANA - BEŽIGRAD,2022-09-14 20:50,22.9,68,
_1828,LJUBLJANA - BEŽIGRAD,2022-09-14 21:00,22.9,68,0
_1828,LJUBLJANA - BEŽIGRAD,2022-09-14 21:10,22.9,68,
_1828,LJUBLJANA - BEŽIGRAD,2022-09-14 21:20,22.8,69,
_1828,LJUBLJANA - BEŽIGRAD,2022-09-14 21:30,22.8,69,0
_1828,LJUBLJANA - BEŽIGRAD,2022-09-14 21:40,22.7,69,
_1828,LJUBLJANA - BEŽIGRAD,2022-09-14 21:50,22.7,70,
_1828,LJUBLJANA - BEŽIGRAD,2022-09-14 22:00,22.6,70,0
_1828,LJUBLJANA - BEŽIGRAD,2022-09-14 22:10,22.6,70,
_1828,LJUBLJANA - BEŽIGRAD,2022-09-14 22:20,22.5,70,
_1828,LJUBLJANA - BEŽIGRAD,2022-09-14 22:30,22.5,71,0
_1828,LJUBLJANA - BEŽIGRAD,2022-09-14 22:40,22.6,71,
_1828,LJUBLJANA - BEŽIGRAD,2022-09-14 22:50,22.7,71,
_1828,LJUBLJANA - BEŽIGRAD,2022-09-14 23:00,22.9,71,0
_1828,LJUBLJANA - BEŽIGRAD,2022-09-14 23:10,23.1,70,
_1828,LJUBLJANA - BEŽIGRAD,2022-09-14 23:20,23.3,70,
_1828,LJUBLJANA - BEŽIGRAD,2022-09-14 23:30,23.4,70,0
_1828,LJUBLJANA - BEŽIGRAD,2022-09-14 23:40,23.4,70,
_1828,LJUBLJANA - BEŽIGRAD,2022-09-14 23:50,23.4,70,
_1828,LJUBLJANA - BEŽIGRAD,2022-09-15 00:00,23.1,71,0
_1828,LJUBLJANA - BEŽIGRAD,2022-09-15 00:10,22.8,73,
_1828,LJUBLJANA - BEŽIGRAD,2022-09-15 00:20,22.6,74,
_1828,LJUBLJANA - BEŽIGRAD,2022-09-15 00:30,22.4,74,0
_1828,LJUBLJANA - BEŽIGRAD,2022-09-15 00:40,22.8,73,
_1828,LJUBLJANA - BEŽIGRAD,2022-09-15 00:50,23.1,72,
_1828,LJUBLJANA - BEŽIGRAD,2022-09-15 01:00,23.2,72,0
_1828,LJUBLJANA - BEŽIGRAD,2022-09-15 01:10,23.4,71,
_1828,LJUBLJANA - BEŽIGRAD,2022-09-15 01:20,23.5,70,
_1828,LJUBLJANA - BEŽIGRAD,2022-09-15 01:30,23.6,70,0
_1828,LJUBLJANA - BEŽIGRAD,2022-09-15 01:40,23.6,70,
_1828,LJUBLJANA - BEŽIGRAD,2022-09-15 01:50,23.5,70,
_1828,LJUBLJANA - BEŽIGRAD,2022-09-15 02:00,23.4,71,0
_1828,LJUBLJANA - BEŽIGRAD,2022-09-15 02:10,23,73,
_1828,LJUBLJANA - BEŽIGRAD,2022-09-15 02:20,22.7,78,
_1828,LJUBLJANA - BEŽIGRAD,2022-09-15 02:30,21.8,81,2
_1828,LJUBLJANA - BEŽIGRAD,2022-09-15 02:40,21.6,82,
_1828,LJUBLJANA - BEŽIGRAD,2022-09-15 02:50,21.4,84,
_1828,LJUBLJANA - BEŽIGRAD,2022-09-15 03:00,21.5,83,0.3
_1828,LJUBLJANA - BEŽIGRAD,2022-09-15 03:10,21.4,84,
_1828,LJUBLJANA - BEŽIGRAD,2022-09-15 03:20,21.3,86,
_1828,LJUBLJANA - BEŽIGRAD,2022-09-15 03:30,21.1,87,0
_1828,LJUBLJANA - BEŽIGRAD,2022-09-15 03:40,21.2,86,
_1828,LJUBLJANA - BEŽIGRAD,2022-09-15 03:50,21.1,87,
_1828,LJUBLJANA - BEŽIGRAD,2022-09-15 04:00,20.9,89,0.6
_1828,LJUBLJANA - BEŽIGRAD,2022-09-15 04:10,20.7,90,
_1828,LJUBLJANA - BEŽIGRAD,2022-09-15 04:20,20.6,89,
_1828,LJUBLJANA - BEŽIGRAD,2022-09-15 04:30,20.6,88,0.1
_1828,LJUBLJANA - BEŽIGRAD,2022-09-15 04:40,20.6,89,
_1828,LJUBLJANA - BEŽIGRAD,2022-09-15 04:50,20.4,90,
_1828,LJUBLJANA - BEŽIGRAD,2022-09-15 05:00,20.4,88,0
_1828,LJUBLJANA - BEŽIGRAD,2022-09-15 05:10,20.6,86,
_1828,LJUBLJANA - BEŽIGRAD,2022-09-15 05:20,20.6,86,
_1828,LJUBLJANA - BEŽIGRAD,2022-09-15 05:30,20.6,86,0
_1828,LJUBLJANA - BEŽIGRAD,2022-09-15 05:40,20.5,86,
_1828,LJUBLJANA - BEŽIGRAD,2022-09-15 05:50,20.4,86,
_1828,LJUBLJANA - BEŽIGRAD,2022-09-15 06:00,20.4,86,0
_1828,LJUBLJANA - BEŽIGRAD,2022-09-15 06:10,20.6,83,
_1828,LJUBLJANA - BEŽIGRAD,2022-09-15 06:20,20.9,81,
_1828,LJUBLJANA - BEŽIGRAD,2022-09-15 06:30,21.1,78,0
_1828,LJUBLJANA - BEŽIGRAD,2022-09-15 06:40,21.3,77,
_1828,LJUBLJANA - BEŽIGRAD,2022-09-15 06:50,21.4,77,
_1828,LJUBLJANA - BEŽIGRAD,2022-09-15 07:00,21.4,77,0
_1828,LJUBLJANA - BEŽIGRAD,2022-09-15 07:10,21.6,77,
_1828,LJUBLJANA - BEŽIGRAD,2022-09-15 07:20,21.7,77,
_1828,LJUBLJANA - BEŽIGRAD,2022-09-15 07:30,21.9,76,0
_1828,LJUBLJANA - BEŽIGRAD,2022-09-15 07:40,22,76,
_1828,LJUBLJANA - BEŽIGRAD,2022-09-15 07:50,22.2,75,
_1828,LJUBLJANA - BEŽIGRAD,2022-09-15 08:00,22.3,75,0
_1828,LJUBLJANA - BEŽIGRAD,2022-09-15 08:10,22.4,75,
_1828,LJUBLJANA - BEŽIGRAD,2022-09-15 08:20,22.6,75,
_1828,LJUBLJANA - BEŽIGRAD,2022-09-15 08:30,22.8,74,0
_1828,LJUBLJANA - BEŽIGRAD,2022-09-15 08:40,22.9,74,
_1828,LJUBLJANA - BEŽIGRAD,2022-09-15 08:50,23.2,73,
_1828,LJUBLJANA - BEŽIGRAD,2022-09-15 09:00,23.3,72,0
_1828,LJUBLJANA - BEŽIGRAD,2022-09-15 09:10,23.5,70,
_1828,LJUBLJANA - BEŽIGRAD,2022-09-15 09:20,23.9,68,
_1828,LJUBLJANA - BEŽIGRAD,2022-09-15 09:30,24,67,0
_1828,LJUBLJANA - BEŽIGRAD,2022-09-15 09:40,23.9,68,
_1828,LJUBLJANA - BEŽIGRAD,2022-09-15 09:50,23.7,68,
_1828,LJUBLJANA - BEŽIGRAD,2022-09-15 10:00,23.5,67,0
_1828,LJUBLJANA - BEŽIGRAD,2022-09-15 10:10,23.3,67,
_1828,LJUBLJANA - BEŽIGRAD,2022-09-15 10:20,23.2,68,
_1828,LJUBLJANA - BEŽIGRAD,2022-09-15 10:30,22.9,71,0
_1828,LJUBLJANA - BEŽIGRAD,2022-09-15 10:40,22,81,
_1828,LJUBLJANA - BEŽIGRAD,2022-09-15 10:50,21.6,85,
_1828,LJUBLJANA - BEŽIGRAD,2022-09-15 11:00,21.4,86,0
_1828,LJUBLJANA - BEŽIGRAD,2022-09-15 11:10,21.2,87,
_1828,LJUBLJANA - BEŽIGRAD,2022-09-15 11:20,21.2,84,
_1828,LJUBLJANA - BEŽIGRAD,2022-09-15 11:30,21.1,76,0
_1828,LJUBLJANA - BEŽIGRAD,2022-09-15 11:40,19.8,81,
_1828,LJUBLJANA - BEŽIGRAD,2022-09-15 11:50,19,87,
_1828,LJUBLJANA - BEŽIGRAD,2022-09-15 12:00,18.2,92,2.8
_1828,LJUBLJANA - BEŽIGRAD,2022-09-15 12:10,18,95,
_1828,LJUBLJANA - BEŽIGRAD,2022-09-15 12:20,18,95,
_1828,LJUBLJANA - BEŽIGRAD,2022-09-15 12:30,17.9,94,10.9
_1828,LJUBLJANA - BEŽIGRAD,2022-09-15 12:40,17.9,94,
_1828,LJUBLJANA - BEŽIGRAD,2022-09-15 12:50,18.1,95,
_1828,LJUBLJANA - BEŽIGRAD,2022-09-15 13:00,18.8,93,7.9
_1828,LJUBLJANA - BEŽIGRAD,2022-09-15 13:10,19.5,92,
_1828,LJUBLJANA - BEŽIGRAD,2022-09-15 13:20,19.6,92,
_1828,LJUBLJANA - BEŽIGRAD,2022-09-15 13:30,19.6,92,0
_1828,LJUBLJANA - BEŽIGRAD,2022-09-15 13:40,19.1,92,
_1828,LJUBLJANA - BEŽIGRAD,2022-09-15 13:50,19.1,91,
_1828,LJUBLJANA - BEŽIGRAD,2022-09-15 14:00,19.7,90,4.3
_1828,LJUBLJANA - BEŽIGRAD,2022-09-15 14:10,19.7,90,
_1828,LJUBLJANA - BEŽIGRAD,2022-09-15 14:20,19.6,92,
_1828,LJUBLJANA - BEŽIGRAD,2022-09-15 14:30,19.2,93,2.6
_1828,LJUBLJANA - BEŽIGRAD,2022-09-15 14:40,19,93,
_1828,LJUBLJANA - BEŽIGRAD,2022-09-15 14:50,18.8,94,
_1828,LJUBLJANA - BEŽIGRAD,2022-09-15 15:00,18.7,94,0.9
_1828,LJUBLJANA - BEŽIGRAD,2022-09-15 15:10,18.7,94,
_1828,LJUBLJANA - BEŽIGRAD,2022-09-15 15:20,18.8,95,
_1828,LJUBLJANA - BEŽIGRAD,2022-09-15 15:30,18.8,95,0.7
_1828,LJUBLJANA - BEŽIGRAD,2022-09-15 15:40,18.8,95,
_1828,LJUBLJANA - BEŽIGRAD,2022-09-15 15:50,18.9,95,
_1828,LJUBLJANA - BEŽIGRAD,2022-09-15 16:00,19,96,1.7
_1828,LJUBLJANA - BEŽIGRAD,2022-09-15 16:10,19.1,96,
_1828,LJUBLJANA - BEŽIGRAD,2022-09-15 16:20,19,96,
_1828,LJUBLJANA - BEŽIGRAD,2022-09-15 16:30,18.9,95,3.3
_1828,LJUBLJANA - BEŽIGRAD,2022-09-15 16:40,18.9,96,
_1828,LJUBLJANA - BEŽIGRAD,2022-09-15 16:50,18.8,96,
_1828,LJUBLJANA - BEŽIGRAD,2022-09-15 17:00,18.7,96,6.3
_1828,LJUBLJANA - BEŽIGRAD,2022-09-15 17:10,18.6,96,
_1828,LJUBLJANA - BEŽIGRAD,2022-09-15 17:20,18.5,96,
_1828,LJUBLJANA - BEŽIGRAD,2022-09-15 17:30,17.9,95,23.2
_1828,LJUBLJANA - BEŽIGRAD,2022-09-15 17:40,17.8,95,
_1828,LJUBLJANA - BEŽIGRAD,2022-09-15 17:50,17.4,94,
_1828,LJUBLJANA - BEŽIGRAD,2022-09-15 18:00,17.4,94,15.7
_1828,LJUBLJANA - BEŽIGRAD,2022-09-15 18:10,17.3,95,
_1828,LJUBLJANA - BEŽIGRAD,2022-09-15 18:20,17.2,95,
_1828,LJUBLJANA - BEŽIGRAD,2022-09-15 18:30,17.1,96,8.6
_1828,LJUBLJANA - BEŽIGRAD,2022-09-15 18:40,16.9,95,
_1828,LJUBLJANA - BEŽIGRAD,2022-09-15 18:50,16.8,95,
_1828,LJUBLJANA - BEŽIGRAD,2022-09-15 19:00,16.7,95,2.8
_1828,LJUBLJANA - BEŽIGRAD,2022-09-15 19:10,16.6,95,
_1828,LJUBLJANA - BEŽIGRAD,2022-09-15 19:20,16.6,96,
_1828,LJUBLJANA - BEŽIGRAD,2022-09-15 19:30,16.5,96,1.1
_1828,LJUBLJANA - BEŽIGRAD,2022-09-15 19:40,16.5,96,
_1828,LJUBLJANA - BEŽIGRAD,2022-09-15 19:50,16.5,96,
_1828,LJUBLJANA - BEŽIGRAD,2022-09-15 20:00,16.4,96,0.1
_1828,LJUBLJANA - BEŽIGRAD,2022-09-15 20:10,16.4,96,
_1828,LJUBLJANA - BEŽIGRAD,2022-09-15 20:20,16.4,96,
_1828,LJUBLJANA - BEŽIGRAD,2022-09-15 20:30,16.4,96,0.1
_1828,LJUBLJANA - BEŽIGRAD,2022-09-15 20:40,16.5,97,
_1828,LJUBLJANA - BEŽIGRAD,2022-09-15 20:50,16.5,97,
_1828,LJUBLJANA - BEŽIGRAD,2022-09-15 21:00,16.5,97,0.1
_1828,LJUBLJANA - BEŽIGRAD,2022-09-15 21:10,16.5,97,
_1828,LJUBLJANA - BEŽIGRAD,2022-09-15 21:20,16.4,97,
_1828,LJUBLJANA - BEŽIGRAD,2022-09-15 21:30,16.5,97,0.1
_1828,LJUBLJANA - BEŽIGRAD,2022-09-15 21:40,16.5,97,
_1828,LJUBLJANA - BEŽIGRAD,2022-09-15 21:50,16.6,97,
_1828,LJUBLJANA - BEŽIGRAD,2022-09-15 22:00,16.7,97,0.6
_1828,LJUBLJANA - BEŽIGRAD,2022-09-15 22:10,16.6,97,
_1828,LJUBLJANA - BEŽIGRAD,2022-09-15 22:20,16.6,97,
_1828,LJUBLJANA - BEŽIGRAD,2022-09-15 22:30,16.5,97,1.6
_1828,LJUBLJANA - BEŽIGRAD,2022-09-15 22:40,16.5,97,
_1828,LJUBLJANA - BEŽIGRAD,2022-09-15 22:50,16.5,97,
_1828,LJUBLJANA - BEŽIGRAD,2022-09-15 23:00,16.6,97,1
_1828,LJUBLJANA - BEŽIGRAD,2022-09-15 23:10,16.6,97,
_1828,LJUBLJANA - BEŽIGRAD,2022-09-15 23:20,16.5,97,
_1828,LJUBLJANA - BEŽIGRAD,2022-09-15 23:30,16.5,97,1.8
_1828,LJUBLJANA - BEŽIGRAD,2022-09-15 23:40,16.4,97,
_1828,LJUBLJANA - BEŽIGRAD,2022-09-15 23:50,16.4,98,
_1828,LJUBLJANA - BEŽIGRAD,2022-09-16 00:00,16.3,98,3.2
_1828,LJUBLJANA - BEŽIGRAD,2022-09-16 00:10,16.3,97,
_1828,LJUBLJANA - BEŽIGRAD,2022-09-16 00:20,16.3,97,
_1828,LJUBLJANA - BEŽIGRAD,2022-09-16 00:30,16.3,97,3.5
_1828,LJUBLJANA - BEŽIGRAD,2022-09-16 00:40,16.2,97,
_1828,LJUBLJANA - BEŽIGRAD,2022-09-16 00:50,16.1,97,
_1828,LJUBLJANA - BEŽIGRAD,2022-09-16 01:00,16,97,1.5
_1828,LJUBLJANA - BEŽIGRAD,2022-09-16 01:10,16.1,97,
_1828,LJUBLJANA - BEŽIGRAD,2022-09-16 01:20,16,97,
_1828,LJUBLJANA - BEŽIGRAD,2022-09-16 01:30,16,97,3.8
_1828,LJUBLJANA - BEŽIGRAD,2022-09-16 01:40,16,97,
_1828,LJUBLJANA - BEŽIGRAD,2022-09-16 01:50,15.9,97,
_1828,LJUBLJANA - BEŽIGRAD,2022-09-16 02:00,15.9,97,9.2
_1828,LJUBLJANA - BEŽIGRAD,2022-09-16 02:10,15.9,98,
_1828,LJUBLJANA - BEŽIGRAD,2022-09-16 02:20,15.9,98,
_1828,LJUBLJANA - BEŽIGRAD,2022-09-16 02:30,16,97,4.8
_1828,LJUBLJANA - BEŽIGRAD,2022-09-16 02:40,15.9,98,
_1828,LJUBLJANA - BEŽIGRAD,2022-09-16 02:50,15.9,97,
_1828,LJUBLJANA - BEŽIGRAD,2022-09-16 03:00,15.9,98,12.4
_1828,LJUBLJANA - BEŽIGRAD,2022-09-16 03:10,15.9,98,
_1828,LJUBLJANA - BEŽIGRAD,2022-09-16 03:20,15.9,97,
_1828,LJUBLJANA - BEŽIGRAD,2022-09-16 03:30,15.9,98,4.1
_1828,LJUBLJANA - BEŽIGRAD,2022-09-16 03:40,15.9,98,
_1828,LJUBLJANA - BEŽIGRAD,2022-09-16 03:50,15.9,98,
_1828,LJUBLJANA - BEŽIGRAD,2022-09-16 04:00,15.9,98,1.4
_1828,LJUBLJANA - BEŽIGRAD,2022-09-16 04:10,15.9,98,
_1828,LJUBLJANA - BEŽIGRAD,2022-09-16 04:20,15.9,98,
_1828,LJUBLJANA - BEŽIGRAD,2022-09-16 04:30,15.9,98,0.8
_1828,LJUBLJANA - BEŽIGRAD,2022-09-16 04:40,15.9,98,
_1828,LJUBLJANA - BEŽIGRAD,2022-09-16 04:50,15.9,98,
_1828,LJUBLJANA - BEŽIGRAD,2022-09-16 05:00,16,98,1.7
_1828,LJUBLJANA - BEŽIGRAD,2022-09-16 05:10,16,98,
_1828,LJUBLJANA - BEŽIGRAD,2022-09-16 05:20,15.9,98,
_1828,LJUBLJANA - BEŽIGRAD,2022-09-16 05:30,15.9,98,0.9
_1828,LJUBLJANA - BEŽIGRAD,2022-09-16 05:40,15.9,98,
_1828,LJUBLJANA - BEŽIGRAD,2022-09-16 05:50,15.9,98,
_1828,LJUBLJANA - BEŽIGRAD,2022-09-16 06:00,16,98,1
_1828,LJUBLJANA - BEŽIGRAD,2022-09-16 06:10,16,98,
_1828,LJUBLJANA - BEŽIGRAD,2022-09-16 06:20,16,98,
_1828,LJUBLJANA - BEŽIGRAD,2022-09-16 06:30,16,98,3.7
_1828,LJUBLJANA - BEŽIGRAD,2022-09-16 06:40,16,98,
_1828,LJUBLJANA - BEŽIGRAD,2022-09-16 06:50,16.1,98,
_1828,LJUBLJANA - BEŽIGRAD,2022-09-16 07:00,16.1,98,2.7
_1828,LJUBLJANA - BEŽIGRAD,2022-09-16 07:10,16.1,98,
_1828,LJUBLJANA - BEŽIGRAD,2022-09-16 07:20,16.1,98,
_1828,LJUBLJANA - BEŽIGRAD,2022-09-16 07:30,16.1,98,2.8
_1828,LJUBLJANA - BEŽIGRAD,2022-09-16 07:40,16,98,
_1828,LJUBLJANA - BEŽIGRAD,2022-09-16 07:50,16,98,
_1828,LJUBLJANA - BEŽIGRAD,2022-09-16 08:00,15.9,98,1.3
_1828,LJUBLJANA - BEŽIGRAD,2022-09-16 08:10,16,98,
_1828,LJUBLJANA - BEŽIGRAD,2022-09-16 08:20,16,98,
_1828,LJUBLJANA - BEŽIGRAD,2022-09-16 08:30,16,98,1.7
_1828,LJUBLJANA - BEŽIGRAD,2022-09-16 08:40,16,98,
_1828,LJUBLJANA - BEŽIGRAD,2022-09-16 08:50,16,97,
_1828,LJUBLJANA - BEŽIGRAD,2022-09-16 09:00,16,97,1.9
_1828,LJUBLJANA - BEŽIGRAD,2022-09-16 09:10,16,98,
_1828,LJUBLJANA - BEŽIGRAD,2022-09-16 09:20,16,97,
_1828,LJUBLJANA - BEŽIGRAD,2022-09-16 09:30,16,98,2.6
_1828,LJUBLJANA - BEŽIGRAD,2022-09-16 09:40,16,98,
_1828,LJUBLJANA - BEŽIGRAD,2022-09-16 09:50,16,98,
_1828,LJUBLJANA - BEŽIGRAD,2022-09-16 10:00,16,98,1.6
_1828,LJUBLJANA - BEŽIGRAD,2022-09-16 10:10,16,97,
_1828,LJUBLJANA - BEŽIGRAD,2022-09-16 10:20,16,98,
_1828,LJUBLJANA - BEŽIGRAD,2022-09-16 10:30,16,97,1.1
_1828,LJUBLJANA - BEŽIGRAD,2022-09-16 10:40,15.9,97,
_1828,LJUBLJANA - BEŽIGRAD,2022-09-16 10:50,15.8,97,
_1828,LJUBLJANA - BEŽIGRAD,2022-09-16 11:00,15.5,97,5.5
_1828,LJUBLJANA - BEŽIGRAD,2022-09-16 11:10,15.2,96,
_1828,LJUBLJANA - BEŽIGRAD,2022-09-16 11:20,15,96,
_1828,LJUBLJANA - BEŽIGRAD,2022-09-16 11:30,14.9,97,2.5
_1828,LJUBLJANA - BEŽIGRAD,2022-09-16 11:40,14.8,96,
_1828,LJUBLJANA - BEŽIGRAD,2022-09-16 11:50,14.7,96,
_1828,LJUBLJANA - BEŽIGRAD,2022-09-16 12:00,14.6,96,1.3
_1828,LJUBLJANA - BEŽIGRAD,2022-09-16 12:10,14.5,96,
_1828,LJUBLJANA - BEŽIGRAD,2022-09-16 12:20,14.4,95,
_1828,LJUBLJANA - BEŽIGRAD,2022-09-16 12:30,14.4,96,1.4
_1828,LJUBLJANA - BEŽIGRAD,2022-09-16 12:40,14.2,96,
_1828,LJUBLJANA - BEŽIGRAD,2022-09-16 12:50,14.3,96,
_1828,LJUBLJANA - BEŽIGRAD,2022-09-16 13:00,14.3,96,1.5
_1828,LJUBLJANA - BEŽIGRAD,2022-09-16 13:10,14.2,95,
_1828,LJUBLJANA - BEŽIGRAD,2022-09-16 13:20,14.2,96,
_1828,LJUBLJANA - BEŽIGRAD,2022-09-16 13:30,14.1,95,1.5
_1828,LJUBLJANA - BEŽIGRAD,2022-09-16 13:40,14.1,95,
_1828,LJUBLJANA - BEŽIGRAD,2022-09-16 13:50,14,95,
_1828,LJUBLJANA - BEŽIGRAD,2022-09-16 14:00,13.9,95,3
_1828,LJUBLJANA - BEŽIGRAD,2022-09-16 14:10,13.9,95,
_1828,LJUBLJANA - BEŽIGRAD,2022-09-16 14:20,13.9,96,
_1828,LJUBLJANA - BEŽIGRAD,2022-09-16 14:30,13.9,96,1.5
_1828,LJUBLJANA - BEŽIGRAD,2022-09-16 14:40,13.8,95,
_1828,LJUBLJANA - BEŽIGRAD,2022-09-16 14:50,13.7,95,
_1828,LJUBLJANA - BEŽIGRAD,2022-09-16 15:00,13.7,96,2.6
_1828,LJUBLJANA - BEŽIGRAD,2022-09-16 15:10,13.6,96,
_1828,LJUBLJANA - BEŽIGRAD,2022-09-16 15:20,13.5,96,
_1828,LJUBLJANA - BEŽIGRAD,2022-09-16 15:30,13.5,97,3.9
_1828,LJUBLJANA - BEŽIGRAD,2022-09-16 15:40,13.6,97,
_1828,LJUBLJANA - BEŽIGRAD,2022-09-16 15:50,13.7,97,
_1828,LJUBLJANA - BEŽIGRAD,2022-09-16 16:00,13.7,97,1.6
_1828,LJUBLJANA - BEŽIGRAD,2022-09-16 16:10,13.8,97,
_1828,LJUBLJANA - BEŽIGRAD,2022-09-16 16:20,13.7,96,
_1828,LJUBLJANA - BEŽIGRAD,2022-09-16 16:30,13.7,95,0.2
_1828,LJUBLJANA - BEŽIGRAD,2022-09-16 16:40,13.8,95,
_1828,LJUBLJANA - BEŽIGRAD,2022-09-16 16:50,13.8,95,
_1828,LJUBLJANA - BEŽIGRAD,2022-09-16 17:00,13.8,95,0
_1828,LJUBLJANA - BEŽIGRAD,2022-09-16 17:10,13.8,95,
_1828,LJUBLJANA - BEŽIGRAD,2022-09-16 17:20,13.7,95,
_1828,LJUBLJANA - BEŽIGRAD,2022-09-16 17:30,13.5,93,2.6
_1828,LJUBLJANA - BEŽIGRAD,2022-09-16 17:40,13.5,93,
_1828,LJUBLJANA - BEŽIGRAD,2022-09-16 17:50,13.3,94,
_1828,LJUBLJANA - BEŽIGRAD,2022-09-16 18:00,13.2,94,2.9
_1828,LJUBLJANA - BEŽIGRAD,2022-09-16 18:10,13,95,
_1828,LJUBLJANA - BEŽIGRAD,2022-09-16 18:20,12.9,95,
_1828,LJUBLJANA - BEŽIGRAD,2022-09-16 18:30,12.8,95,1.7
_1828,LJUBLJANA - BEŽIGRAD,2022-09-16 18:40,12.8,96,
_1828,LJUBLJANA - BEŽIGRAD,2022-09-16 18:50,12.8,96,
_1828,LJUBLJANA - BEŽIGRAD,2022-09-16 19:00,12.8,96,4.1
_1828,LJUBLJANA - BEŽIGRAD,2022-09-16 19:10,12.8,97,
_1828,LJUBLJANA - BEŽIGRAD,2022-09-16 19:20,12.8,97,
_1828,LJUBLJANA - BEŽIGRAD,2022-09-16 19:30,12.7,96,5.5
_1828,LJUBLJANA - BEŽIGRAD,2022-09-16 19:40,12.7,97,
_1828,LJUBLJANA - BEŽIGRAD,2022-09-16 19:50,12.7,97,
_1828,LJUBLJANA - BEŽIGRAD,2022-09-16 20:00,12.7,97,4.2
_1828,LJUBLJANA - BEŽIGRAD,2022-09-16 20:10,12.7,97,
_1828,LJUBLJANA - BEŽIGRAD,2022-09-16 20:20,12.7,97,
_1828,LJUBLJANA - BEŽIGRAD,2022-09-16 20:30,12.7,97,2.1
_1828,LJUBLJANA - BEŽIGRAD,2022-09-16 20:40,12.7,97,
_1828,LJUBLJANA - BEŽIGRAD,2022-09-16 20:50,12.8,97,
_1828,LJUBLJANA - BEŽIGRAD,2022-09-16 21:00,12.8,97,1.5
_1828,LJUBLJANA - BEŽIGRAD,2022-09-16 21:10,12.8,97,
_1828,LJUBLJANA - BEŽIGRAD,2022-09-16 21:20,12.8,97,
_1828,LJUBLJANA - BEŽIGRAD,2022-09-16 21:30,12.8,97,1.4
_1828,LJUBLJANA - BEŽIGRAD,2022-09-16 21:40,12.8,96,
_1828,LJUBLJANA - BEŽIGRAD,2022-09-16 21:50,12.8,97,
_1828,LJUBLJANA - BEŽIGRAD,2022-09-16 22:00,12.7,97,1.1
_1828,LJUBLJANA - BEŽIGRAD,2022-09-16 22:10,12.7,97,
_1828,LJUBLJANA - BEŽIGRAD,2022-09-16 22:20,12.7,97,
_1828,LJUBLJANA - BEŽIGRAD,2022-09-16 22:30,12.6,97,0.3
_1828,LJUBLJANA - BEŽIGRAD,2022-09-16 22:40,12.6,97,
_1828,LJUBLJANA - BEŽIGRAD,2022-09-16 22:50,12.6,97,
_1828,LJUBLJANA - BEŽIGRAD,2022-09-16 23:00,12.6,96,1.2
_1828,LJUBLJANA - BEŽIGRAD,2022-09-16 23:10,12.6,97,
_1828,LJUBLJANA - BEŽIGRAD,2022-09-16 23:20,12.6,97,
_1828,LJUBLJANA - BEŽIGRAD,2022-09-16 23:30,12.6,97,3.3
_1828,LJUBLJANA - BEŽIGRAD,2022-09-16 23:40,12.6,97,
_1828,LJUBLJANA - BEŽIGRAD,2022-09-16 23:50,12.6,97,
_1828,LJUBLJANA - BEŽIGRAD,2022-09-17 00:00,12.6,97,2.8
_1828,LJUBLJANA - BEŽIGRAD,2022-09-17 00:10,12.6,97,
_1828,LJUBLJANA - BEŽIGRAD,2022-09-17 00:20,12.6,96,
_1828,LJUBLJANA - BEŽIGRAD,2022-09-17 00:30,12.5,97,3.4
_1828,LJUBLJANA - BEŽIGRAD,2022-09-17 00:40,12.5,97,
_1828,LJUBLJANA - BEŽIGRAD,2022-09-17 00:50,12.4,97,
_1828,LJUBLJANA - BEŽIGRAD,2022-09-17 01:00,12.4,97,0.6
_1828,LJUBLJANA - BEŽIGRAD,2022-09-17 01:10,12.4,97,
_1828,LJUBLJANA - BEŽIGRAD,2022-09-17 01:20,12.4,97,
_1828,LJUBLJANA - BEŽIGRAD,2022-09-17 01:30,12.4,97,0.3
_1828,LJUBLJANA - BEŽIGRAD,2022-09-17 01:40,12.4,97,
_1828,LJUBLJANA - BEŽIGRAD,2022-09-17 01:50,12.4,97,
_1828,LJUBLJANA - BEŽIGRAD,2022-09-17 02:00,12.4,96,0
_1828,LJUBLJANA - BEŽIGRAD,2022-09-17 02:10,12.4,96,
_1828,LJUBLJANA - BEŽIGRAD,2022-09-17 02:20,12.4,96,
_1828,LJUBLJANA - BEŽIGRAD,2022-09-17 02:30,12.4,97,0
_1828,LJUBLJANA - BEŽIGRAD,2022-09-17 02:40,12.4,97,
_1828,LJUBLJANA - BEŽIGRAD,2022-09-17 02:50,12.4,96,
_1828,LJUBLJANA - BEŽIGRAD,2022-09-17 03:00,12.3,97,1.5
_1828,LJUBLJANA - BEŽIGRAD,2022-09-17 03:10,12.3,96,
_1828,LJUBLJANA - BEŽIGRAD,2022-09-17 03:20,12.3,96,
_1828,LJUBLJANA - BEŽIGRAD,2022-09-17 03:30,12.3,96,0.7
_1828,LJUBLJANA - BEŽIGRAD,2022-09-17 03:40,12.2,96,
_1828,LJUBLJANA - BEŽIGRAD,2022-09-17 03:50,12.2,96,
_1828,LJUBLJANA - BEŽIGRAD,2022-09-17 04:00,12.1,96,0.6
_1828,LJUBLJANA - BEŽIGRAD,2022-09-17 04:10,12.1,96,
_1828,LJUBLJANA - BEŽIGRAD,2022-09-17 04:20,12.1,96,
_1828,LJUBLJANA - BEŽIGRAD,2022-09-17 04:30,12.1,96,0.9
_1828,LJUBLJANA - BEŽIGRAD,2022-09-17 04:40,12,96,
_1828,LJUBLJANA - BEŽIGRAD,2022-09-17 04:50,11.9,95,
_1828,LJUBLJANA - BEŽIGRAD,2022-09-17 05:00,11.9,95,1.4
_1828,LJUBLJANA - BEŽIGRAD,2022-09-17 05:10,11.8,95,
_1828,LJUBLJANA - BEŽIGRAD,2022-09-17 05:20,11.8,95,
_1828,LJUBLJANA - BEŽIGRAD,2022-09-17 05:30,11.8,96,1.4
_1828,LJUBLJANA - BEŽIGRAD,2022-09-17 05:40,11.8,97,
_1828,LJUBLJANA - BEŽIGRAD,2022-09-17 05:50,11.8,97,
_1828,LJUBLJANA - BEŽIGRAD,2022-09-17 06:00,11.7,96,1.4
_1828,LJUBLJANA - BEŽIGRAD,2022-09-17 06:10,11.6,95,
_1828,LJUBLJANA - BEŽIGRAD,2022-09-17 06:20,11.5,95,
_1828,LJUBLJANA - BEŽIGRAD,2022-09-17 06:30,11.4,95,2.5
_1828,LJUBLJANA - BEŽIGRAD,2022-09-17 06:40,11.4,95,
_1828,LJUBLJANA - BEŽIGRAD,2022-09-17 06:50,11.4,96,
_1828,LJUBLJANA - BEŽIGRAD,2022-09-17 07:00,11.3,97,2
_1828,LJUBLJANA - BEŽIGRAD,2022-09-17 07:10,11.2,96,
_1828,LJUBLJANA - BEŽIGRAD,2022-09-17 07:20,11.1,95,
_1828,LJUBLJANA - BEŽIGRAD,2022-09-17 07:30,11.1,95,1.6
_1828,LJUBLJANA - BEŽIGRAD,2022-09-17 07:40,11.1,95,
_1828,LJUBLJANA - BEŽIGRAD,2022-09-17 07:50,10.9,93,
_1828,LJUBLJANA - BEŽIGRAD,2022-09-17 08:00,10.7,93,1.8
_1828,LJUBLJANA - BEŽIGRAD,2022-09-17 08:10,10.6,92,
_1828,LJUBLJANA - BEŽIGRAD,2022-09-17 08:20,10.6,90,
_1828,LJUBLJANA - BEŽIGRAD,2022-09-17 08:30,10.4,89,1.3
_1828,LJUBLJANA - BEŽIGRAD,2022-09-17 08:40,10.3,90,
_1828,LJUBLJANA - BEŽIGRAD,2022-09-17 08:50,10.2,90,
_1828,LJUBLJANA - BEŽIGRAD,2022-09-17 09:00,10,92,1.6
_1828,LJUBLJANA - BEŽIGRAD,2022-09-17 09:10,10.1,93,
_1828,LJUBLJANA - BEŽIGRAD,2022-09-17 09:20,10.1,93,
_1828,LJUBLJANA - BEŽIGRAD,2022-09-17 09:30,10.2,92,2.9
_1828,LJUBLJANA - BEŽIGRAD,2022-09-17 09:40,10.3,93,
_1828,LJUBLJANA - BEŽIGRAD,2022-09-17 09:50,10.3,92,
_1828,LJUBLJANA - BEŽIGRAD,2022-09-17 10:00,10.4,93,1.2
_1828,LJUBLJANA - BEŽIGRAD,2022-09-17 10:10,10.4,92,
_1828,LJUBLJANA - BEŽIGRAD,2022-09-17 10:20,10.5,93,
_1828,LJUBLJANA - BEŽIGRAD,2022-09-17 10:30,10.4,93,0.7
_1828,LJUBLJANA - BEŽIGRAD,2022-09-17 10:40,10.4,93,
_1828,LJUBLJANA - BEŽIGRAD,2022-09-17 10:50,10.5,93,
_1828,LJUBLJANA - BEŽIGRAD,2022-09-17 11:00,10.6,92,0.1
_1828,LJUBLJANA - BEŽIGRAD,2022-09-17 11:10,10.5,91,
_1828,LJUBLJANA - BEŽIGRAD,2022-09-17 11:20,10.6,92,
_1828,LJUBLJANA - BEŽIGRAD,2022-09-17 11:30,10.6,91,0
_1828,LJUBLJANA - BEŽIGRAD,2022-09-17 11:40,10.6,92,
_1828,LJUBLJANA - BEŽIGRAD,2022-09-17 11:50,10.6,92,
_1828,LJUBLJANA - BEŽIGRAD,2022-09-17 12:00,10.6,91,0
_1828,LJUBLJANA - BEŽIGRAD,2022-09-17 12:10,10.5,91,
_1828,LJUBLJANA - BEŽIGRAD,2022-09-17 12:20,10.5,90,
_1828,LJUBLJANA - BEŽIGRAD,2022-09-17 12:30,10.5,90,0.2
_1828,LJUBLJANA - BEŽIGRAD,2022-09-17 12:40,10.6,91,
_1828,LJUBLJANA - BEŽIGRAD,2022-09-17 12:50,10.6,90,
_1828,LJUBLJANA - BEŽIGRAD,2022-09-17 13:00,10.7,90,0
_1828,LJUBLJANA - BEŽIGRAD,2022-09-17 13:10,10.7,90,
_1828,LJUBLJANA - BEŽIGRAD,2022-09-17 13:20,10.8,90,
_1828,LJUBLJANA - BEŽIGRAD,2022-09-17 13:30,10.8,90,0
_1828,LJUBLJANA - BEŽIGRAD,2022-09-17 13:40,10.8,90,
_1828,LJUBLJANA - BEŽIGRAD,2022-09-17 13:50,10.8,90,
_1828,LJUBLJANA - BEŽIGRAD,2022-09-17 14:00,10.9,90,0
_1828,LJUBLJANA - BEŽIGRAD,2022-09-17 14:10,10.9,89,
_1828,LJUBLJANA - BEŽIGRAD,2022-09-17 14:20,10.9,89,
_1828,LJUBLJANA - BEŽIGRAD,2022-09-17 14:30,11,87,0
_1828,LJUBLJANA - BEŽIGRAD,2022-09-17 14:40,11,87,
_1828,LJUBLJANA - BEŽIGRAD,2022-09-17 14:50,11.1,87,
_1828,LJUBLJANA - BEŽIGRAD,2022-09-17 15:00,11.2,87,0
_1828,LJUBLJANA - BEŽIGRAD,2022-09-17 15:10,11.2,87,
_1828,LJUBLJANA - BEŽIGRAD,2022-09-17 15:20,11.3,86,
_1828,LJUBLJANA - BEŽIGRAD,2022-09-17 15:30,11.3,86,0
_1828,LJUBLJANA - BEŽIGRAD,2022-09-17 15:40,11.4,86,
_1828,LJUBLJANA - BEŽIGRAD,2022-09-17 15:50,11.4,86,
_1828,LJUBLJANA - BEŽIGRAD,2022-09-17 16:00,11.4,86,0
_1828,LJUBLJANA - BEŽIGRAD,2022-09-17 16:10,11.3,86,
_1828,LJUBLJANA - BEŽIGRAD,2022-09-17 16:20,11.3,84,
_1828,LJUBLJANA - BEŽIGRAD,2022-09-17 16:30,11.4,85,0
_1828,LJUBLJANA - BEŽIGRAD,2022-09-17 16:40,11.6,85,
_1828,LJUBLJANA - BEŽIGRAD,2022-09-17 16:50,12.1,79,
_1828,LJUBLJANA - BEŽIGRAD,2022-09-17 17:00,12.2,74,0
_1828,LJUBLJANA - BEŽIGRAD,2022-09-17 17:10,12.2,76,
_1828,LJUBLJANA - BEŽIGRAD,2022-09-17 17:20,12,77,
_1828,LJUBLJANA - BEŽIGRAD,2022-09-17 17:30,11.8,77,0
_1828,LJUBLJANA - BEŽIGRAD,2022-09-17 17:40,11.7,79,
_1828,LJUBLJANA - BEŽIGRAD,2022-09-17 17:50,11.5,81,
_1828,LJUBLJANA - BEŽIGRAD,2022-09-17 18:00,11.4,83,0
_1828,LJUBLJANA - BEŽIGRAD,2022-09-17 18:10,11.2,85,
_1828,LJUBLJANA - BEŽIGRAD,2022-09-17 18:20,10.9,87,
_1828,LJUBLJANA - BEŽIGRAD,2022-09-17 18:30,10.7,89,0
_1828,LJUBLJANA - BEŽIGRAD,2022-09-17 18:40,10.5,90,
_1828,LJUBLJANA - BEŽIGRAD,2022-09-17 18:50,10.4,91,
_1828,LJUBLJANA - BEŽIGRAD,2022-09-17 19:00,10.1,92,0
_1828,LJUBLJANA - BEŽIGRAD,2022-09-17 19:10,10,93,
_1828,LJUBLJANA - BEŽIGRAD,2022-09-17 19:20,9.9,94,
_1828,LJUBLJANA - BEŽIGRAD,2022-09-17 19:30,9.8,95,0
_1828,LJUBLJANA - BEŽIGRAD,2022-09-17 19:40,9.7,95,
_1828,LJUBLJANA - BEŽIGRAD,2022-09-17 19:50,9.6,95,
_1828,LJUBLJANA - BEŽIGRAD,2022-09-17 20:00,9.4,95,0
_1828,LJUBLJANA - BEŽIGRAD,2022-09-17 20:10,9.6,96,
_1828,LJUBLJANA - BEŽIGRAD,2022-09-17 20:20,9.7,96,
_1828,LJUBLJANA - BEŽIGRAD,2022-09-17 20:30,9.8,96,0
_1828,LJUBLJANA - BEŽIGRAD,2022-09-17 20:40,9.7,96,
_1828,LJUBLJANA - BEŽIGRAD,2022-09-17 20:50,9.6,96,
_1828,LJUBLJANA - BEŽIGRAD,2022-09-17 21:00,9.5,96,0
_1828,LJUBLJANA - BEŽIGRAD,2022-09-17 21:10,9.3,96,
_1828,LJUBLJANA - BEŽIGRAD,2022-09-17 21:20,9.2,96,
_1828,LJUBLJANA - BEŽIGRAD,2022-09-17 21:30,9.2,96,0
_1828,LJUBLJANA - BEŽIGRAD,2022-09-17 21:40,9.1,96,
_1828,LJUBLJANA - BEŽIGRAD,2022-09-17 21:50,9.1,97,
_1828,LJUBLJANA - BEŽIGRAD,2022-09-17 22:00,9.1,97,0
_1828,LJUBLJANA - BEŽIGRAD,2022-09-17 22:10,9.2,97,
_1828,LJUBLJANA - BEŽIGRAD,2022-09-17 22:20,9.1,97,
_1828,LJUBLJANA - BEŽIGRAD,2022-09-17 22:30,9.1,97,0
_1828,LJUBLJANA - BEŽIGRAD,2022-09-17 22:40,9.1,97,
_1828,LJUBLJANA - BEŽIGRAD,2022-09-17 22:50,9.2,97,
_1828,LJUBLJANA - BEŽIGRAD,2022-09-17 23:00,9.2,96,0
_1828,LJUBLJANA - BEŽIGRAD,2022-09-17 23:10,9.2,96,
_1828,LJUBLJANA - BEŽIGRAD,2022-09-17 23:20,9,96,
_1828,LJUBLJANA - BEŽIGRAD,2022-09-17 23:30,8.9,97,0
_1828,LJUBLJANA - BEŽIGRAD,2022-09-17 23:40,8.9,96,
_1828,LJUBLJANA - BEŽIGRAD,2022-09-17 23:50,8.8,96,
_1828,LJUBLJANA - BEŽIGRAD,2022-09-18 00:00,8.8,95,0
_1828,LJUBLJANA - BEŽIGRAD,2022-09-18 00:10,8.7,95,
_1828,LJUBLJANA - BEŽIGRAD,2022-09-18 00:20,8.6,96,
_1828,LJUBLJANA - BEŽIGRAD,2022-09-18 00:30,8.6,96,0
_1828,LJUBLJANA - BEŽIGRAD,2022-09-18 00:40,8.7,96,
_1828,LJUBLJANA - BEŽIGRAD,2022-09-18 00:50,8.7,96,
_1828,LJUBLJANA - BEŽIGRAD,2022-09-18 01:00,8.8,95,0
_1828,LJUBLJANA - BEŽIGRAD,2022-09-18 01:10,8.7,95,
_1828,LJUBLJANA - BEŽIGRAD,2022-09-18 01:20,8.8,94,
_1828,LJUBLJANA - BEŽIGRAD,2022-09-18 01:30,8.9,94,0
_1828,LJUBLJANA - BEŽIGRAD,2022-09-18 01:40,8.9,94,
_1828,LJUBLJANA - BEŽIGRAD,2022-09-18 01:50,8.8,94,
_1828,LJUBLJANA - BEŽIGRAD,2022-09-18 02:00,8.7,94,0
_1828,LJUBLJANA - BEŽIGRAD,2022-09-18 02:10,8.6,94,
_1828,LJUBLJANA - BEŽIGRAD,2022-09-18 02:20,8.5,93,
_1828,LJUBLJANA - BEŽIGRAD,2022-09-18 02:30,8.4,93,0
_1828,LJUBLJANA - BEŽIGRAD,2022-09-18 02:40,8.3,94,
_1828,LJUBLJANA - BEŽIGRAD,2022-09-18 02:50,8.2,94,
_1828,LJUBLJANA - BEŽIGRAD,2022-09-18 03:00,8.1,94,0
_1828,LJUBLJANA - BEŽIGRAD,2022-09-18 03:10,8,94,
_1828,LJUBLJANA - BEŽIGRAD,2022-09-18 03:20,8.1,94,
_1828,LJUBLJANA - BEŽIGRAD,2022-09-18 03:30,8.1,94,0
_1828,LJUBLJANA - BEŽIGRAD,2022-09-18 03:40,8.2,95,
_1828,LJUBLJANA - BEŽIGRAD,2022-09-18 03:50,8.3,94,
_1828,LJUBLJANA - BEŽIGRAD,2022-09-18 04:00,8.3,94,0
_1828,LJUBLJANA - BEŽIGRAD,2022-09-18 04:10,8.4,94,
_1828,LJUBLJANA - BEŽIGRAD,2022-09-18 04:20,8.4,93,
_1828,LJUBLJANA - BEŽIGRAD,2022-09-18 04:30,8.3,93,0
_1828,LJUBLJANA - BEŽIGRAD,2022-09-18 04:40,8.3,93,
_1828,LJUBLJANA - BEŽIGRAD,2022-09-18 04:50,8.3,93,
_1828,LJUBLJANA - BEŽIGRAD,2022-09-18 05:00,8.1,93,0
_1828,LJUBLJANA - BEŽIGRAD,2022-09-18 05:10,8.1,93,
_1828,LJUBLJANA - BEŽIGRAD,2022-09-18 05:20,8.1,94,
_1828,LJUBLJANA - BEŽIGRAD,2022-09-18 05:30,8,94,0
_1828,LJUBLJANA - BEŽIGRAD,2022-09-18 05:40,8.1,94,
_1828,LJUBLJANA - BEŽIGRAD,2022-09-18 05:50,8,94,
_1828,LJUBLJANA - BEŽIGRAD,2022-09-18 06:00,8,94,0
_1828,LJUBLJANA - BEŽIGRAD,2022-09-18 06:10,8.1,94,
_1828,LJUBLJANA - BEŽIGRAD,2022-09-18 06:20,8,94,
_1828,LJUBLJANA - BEŽIGRAD,2022-09-18 06:30,7.9,94,0
_1828,LJUBLJANA - BEŽIGRAD,2022-09-18 06:40,7.8,94,
_1828,LJUBLJANA - BEŽIGRAD,2022-09-18 06:50,7.8,94,
_1828,LJUBLJANA - BEŽIGRAD,2022-09-18 07:00,7.7,94,0
_1828,LJUBLJANA - BEŽIGRAD,2022-09-18 07:10,7.6,93,
_1828,LJUBLJANA - BEŽIGRAD,2022-09-18 07:20,7.5,94,
_1828,LJUBLJANA - BEŽIGRAD,2022-09-18 07:30,7.5,94,0
_1828,LJUBLJANA - BEŽIGRAD,2022-09-18 07:40,7.5,94,
_1828,LJUBLJANA - BEŽIGRAD,2022-09-18 07:50,7.6,94,
_1828,LJUBLJANA - BEŽIGRAD,2022-09-18 08:00,7.7,94,0
_1828,LJUBLJANA - BEŽIGRAD,2022-09-18 08:10,7.7,93,
_1828,LJUBLJANA - BEŽIGRAD,2022-09-18 08:20,7.9,92,
_1828,LJUBLJANA - BEŽIGRAD,2022-09-18 08:30,7.9,91,0
_1828,LJUBLJANA - BEŽIGRAD,2022-09-18 08:40,8,92,
_1828,LJUBLJANA - BEŽIGRAD,2022-09-18 08:50,8.2,91,
_1828,LJUBLJANA - BEŽIGRAD,2022-09-18 09:00,8.4,90,0
_1828,LJUBLJANA - BEŽIGRAD,2022-09-18 09:10,8.6,89,
_1828,LJUBLJANA - BEŽIGRAD,2022-09-18 09:20,8.8,88,
_1828,LJUBLJANA - BEŽIGRAD,2022-09-18 09:30,8.9,87,0
_1828,LJUBLJANA - BEŽIGRAD,2022-09-18 09:40,9.6,86,
_1828,LJUBLJANA - BEŽIGRAD,2022-09-18 09:50,10,85,
_1828,LJUBLJANA - BEŽIGRAD,2022-09-18 10:00,10.8,81,0
_1828,LJUBLJANA - BEŽIGRAD,2022-09-18 10:10,11.2,80,
_1828,LJUBLJANA - BEŽIGRAD,2022-09-18 10:20,11,80,
_1828,LJUBLJANA - BEŽIGRAD,2022-09-18 10:30,11.3,80,0
_1828,LJUBLJANA - BEŽIGRAD,2022-09-18 10:40,11.9,79,
_1828,LJUBLJANA - BEŽIGRAD,2022-09-18 10:50,12.5,76,
_1828,LJUBLJANA - BEŽIGRAD,2022-09-18 11:00,12.4,75,0
_1828,LJUBLJANA - BEŽIGRAD,2022-09-18 11:10,13,73,
_1828,LJUBLJANA - BEŽIGRAD,2022-09-18 11:20,13.6,71,
_1828,LJUBLJANA - BEŽIGRAD,2022-09-18 11:30,14.3,70,0
_1828,LJUBLJANA - BEŽIGRAD,2022-09-18 11:40,14.8,69,
_1828,LJUBLJANA - BEŽIGRAD,2022-09-18 11:50,15.4,66,
_1828,LJUBLJANA - BEŽIGRAD,2022-09-18 12:00,15.3,67,0
_1828,LJUBLJANA - BEŽIGRAD,2022-09-18 12:10,15.4,67,
_1828,LJUBLJANA - BEŽIGRAD,2022-09-18 12:20,15.7,68,
_1828,LJUBLJANA - BEŽIGRAD,2022-09-18 12:30,15.8,67,0
_1828,LJUBLJANA - BEŽIGRAD,2022-09-18 12:40,16.1,68,
_1828,LJUBLJANA - BEŽIGRAD,2022-09-18 12:50,16.5,67,
_1828,LJUBLJANA - BEŽIGRAD,2022-09-18 13:00,16.6,65,0
_1828,LJUBLJANA - BEŽIGRAD,2022-09-18 13:10,17.1,63,
_1828,LJUBLJANA - BEŽIGRAD,2022-09-18 13:20,17.2,63,
_1828,LJUBLJANA - BEŽIGRAD,2022-09-18 13:30,17.3,62,0
_1828,LJUBLJANA - BEŽIGRAD,2022-09-18 13:40,17.6,60,
_1828,LJUBLJANA - BEŽIGRAD,2022-09-18 13:50,17.7,60,
_1828,LJUBLJANA - BEŽIGRAD,2022-09-18 14:00,18.1,58,0
_1828,LJUBLJANA - BEŽIGRAD,2022-09-18 14:10,19.1,56,
_1828,LJUBLJANA - BEŽIGRAD,2022-09-18 14:20,19.2,54,
_1828,LJUBLJANA - BEŽIGRAD,2022-09-18 14:30,19.2,54,0
_1828,LJUBLJANA - BEŽIGRAD,2022-09-18 14:40,19.4,50,
_1828,LJUBLJANA - BEŽIGRAD,2022-09-18 14:50,19.6,49,
_1828,LJUBLJANA - BEŽIGRAD,2022-09-18 15:00,20.1,44,0
_1828,LJUBLJANA - BEŽIGRAD,2022-09-18 15:10,19.9,42,
_1828,LJUBLJANA - BEŽIGRAD,2022-09-18 15:20,20.1,42,
_1828,LJUBLJANA - BEŽIGRAD,2022-09-18 15:30,20.2,37,0
_1828,LJUBLJANA - BEŽIGRAD,2022-09-18 15:40,19.7,38,
_1828,LJUBLJANA - BEŽIGRAD,2022-09-18 15:50,19.8,37,
_1828,LJUBLJANA - BEŽIGRAD,2022-09-18 16:00,19.3,36,0
_1828,LJUBLJANA - BEŽIGRAD,2022-09-18 16:10,18.7,34,
_1828,LJUBLJANA - BEŽIGRAD,2022-09-18 16:20,18.4,35,
_1828,LJUBLJANA - BEŽIGRAD,2022-09-18 16:30,18.2,36,0
_1828,LJUBLJANA - BEŽIGRAD,2022-09-18 16:40,18,35,
_1828,LJUBLJANA - BEŽIGRAD,2022-09-18 16:50,17.9,36,
_1828,LJUBLJANA - BEŽIGRAD,2022-09-18 17:00,17.8,36,0
_1828,LJUBLJANA - BEŽIGRAD,2022-09-18 17:10,17.5,36,
_1828,LJUBLJANA - BEŽIGRAD,2022-09-18 17:20,17.3,37,
_1828,LJUBLJANA - BEŽIGRAD,2022-09-18 17:30,17.3,38,0
_1828,LJUBLJANA - BEŽIGRAD,2022-09-18 17:40,16.9,41,
_1828,LJUBLJANA - BEŽIGRAD,2022-09-18 17:50,16.6,43,
_1828,LJUBLJANA - BEŽIGRAD,2022-09-18 18:00,16.4,45,0
_1828,LJUBLJANA - BEŽIGRAD,2022-09-18 18:10,16,47,
_1828,LJUBLJANA - BEŽIGRAD,2022-09-18 18:20,15.3,50,
_1828,LJUBLJANA - BEŽIGRAD,2022-09-18 18:30,14.9,53,0
_1828,LJUBLJANA - BEŽIGRAD,2022-09-18 18:40,14.7,54,
_1828,LJUBLJANA - BEŽIGRAD,2022-09-18 18:50,14.5,54,
_1828,LJUBLJANA - BEŽIGRAD,2022-09-18 19:00,14.5,52,0
_1828,LJUBLJANA - BEŽIGRAD,2022-09-18 19:10,14.6,54,
_1828,LJUBLJANA - BEŽIGRAD,2022-09-18 19:20,14.5,53,
_1828,LJUBLJANA - BEŽIGRAD,2022-09-18 19:30,14.4,54,0
_1828,LJUBLJANA - BEŽIGRAD,2022-09-18 19:40,14.3,54,
_1828,LJUBLJANA - BEŽIGRAD,2022-09-18 19:50,14.5,55,
_1828,LJUBLJANA - BEŽIGRAD,2022-09-18 20:00,14.3,59,0
_1828,LJUBLJANA - BEŽIGRAD,2022-09-18 20:10,14.2,60,
_1828,LJUBLJANA - BEŽIGRAD,2022-09-18 20:20,14.1,62,
_1828,LJUBLJANA - BEŽIGRAD,2022-09-18 20:30,13.9,63,0
_1828,LJUBLJANA - BEŽIGRAD,2022-09-18 20:40,13.7,66,
_1828,LJUBLJANA - BEŽIGRAD,2022-09-18 20:50,13.5,66,
_1828,LJUBLJANA - BEŽIGRAD,2022-09-18 21:00,13.4,69,0
_1828,LJUBLJANA - BEŽIGRAD,2022-09-18 21:10,13.2,70,
_1828,LJUBLJANA - BEŽIGRAD,2022-09-18 21:20,13.1,70,
_1828,LJUBLJANA - BEŽIGRAD,2022-09-18 21:30,13.3,70,0
_1828,LJUBLJANA - BEŽIGRAD,2022-09-18 21:40,13.2,71,
_1828,LJUBLJANA - BEŽIGRAD,2022-09-18 21:50,13.2,71,
_1828,LJUBLJANA - BEŽIGRAD,2022-09-18 22:00,13,72,0
_1828,LJUBLJANA - BEŽIGRAD,2022-09-18 22:10,12.9,73,
_1828,LJUBLJANA - BEŽIGRAD,2022-09-18 22:20,12.8,73,
_1828,LJUBLJANA - BEŽIGRAD,2022-09-18 22:30,12.6,75,0
_1828,LJUBLJANA - BEŽIGRAD,2022-09-18 22:40,12.2,78,
_1828,LJUBLJANA - BEŽIGRAD,2022-09-18 22:50,11.8,80,
_1828,LJUBLJANA - BEŽIGRAD,2022-09-18 23:00,11.7,81,0
_1828,LJUBLJANA - BEŽIGRAD,2022-09-18 23:10,11.5,81,
_1828,LJUBLJANA - BEŽIGRAD,2022-09-18 23:20,11.3,82,
_1828,LJUBLJANA - BEŽIGRAD,2022-09-18 23:30,11.1,84,0
_1828,LJUBLJANA - BEŽIGRAD,2022-09-18 23:40,11,85,
_1828,LJUBLJANA - BEŽIGRAD,2022-09-18 23:50,11,86,
_1828,LJUBLJANA - BEŽIGRAD,2022-09-19 00:00,11,86,0
_1828,LJUBLJANA - BEŽIGRAD,2022-09-19 00:10,10.8,87,
_1828,LJUBLJANA - BEŽIGRAD,2022-09-19 00:20,10.8,87,
_1828,LJUBLJANA - BEŽIGRAD,2022-09-19 00:30,10.8,88,0
_1828,LJUBLJANA - BEŽIGRAD,2022-09-19 00:40,10.7,88,
_1828,LJUBLJANA - BEŽIGRAD,2022-09-19 00:50,10.8,87,
_1828,LJUBLJANA - BEŽIGRAD,2022-09-19 01:00,10.8,87,0
_1828,LJUBLJANA - BEŽIGRAD,2022-09-19 01:10,10.8,86,
_1828,LJUBLJANA - BEŽIGRAD,2022-09-19 01:20,10.8,85,
_1828,LJUBLJANA - BEŽIGRAD,2022-09-19 01:30,10.8,85,0
_1828,LJUBLJANA - BEŽIGRAD,2022-09-19 01:40,10.8,86,
_1828,LJUBLJANA - BEŽIGRAD,2022-09-19 01:50,10.8,87,
_1828,LJUBLJANA - BEŽIGRAD,2022-09-19 02:00,10.8,87,0
_1828,LJUBLJANA - BEŽIGRAD,2022-09-19 02:10,10.9,88,
_1828,LJUBLJANA - BEŽIGRAD,2022-09-19 02:20,10.9,89,
_1828,LJUBLJANA - BEŽIGRAD,2022-09-19 02:30,10.9,90,0.1
_1828,LJUBLJANA - BEŽIGRAD,2022-09-19 02:40,10.9,90,
_1828,LJUBLJANA - BEŽIGRAD,2022-09-19 02:50,10.9,90,
_1828,LJUBLJANA - BEŽIGRAD,2022-09-19 03:00,11,90,0
_1828,LJUBLJANA - BEŽIGRAD,2022-09-19 03:10,11,91,
_1828,LJUBLJANA - BEŽIGRAD,2022-09-19 03:20,11,91,
_1828,LJUBLJANA - BEŽIGRAD,2022-09-19 03:30,11,91,0
_1828,LJUBLJANA - BEŽIGRAD,2022-09-19 03:40,11,91,
_1828,LJUBLJANA - BEŽIGRAD,2022-09-19 03:50,11,91,
_1828,LJUBLJANA - BEŽIGRAD,2022-09-19 04:00,11,91,0
_1828,LJUBLJANA - BEŽIGRAD,2022-09-19 04:10,11,91,
_1828,LJUBLJANA - BEŽIGRAD,2022-09-19 04:20,11,91,
_1828,LJUBLJANA - BEŽIGRAD,2022-09-19 04:30,10.9,92,0
_1828,LJUBLJANA - BEŽIGRAD,2022-09-19 04:40,10.9,92,
_1828,LJUBLJANA - BEŽIGRAD,2022-09-19 04:50,10.9,92,
_1828,LJUBLJANA - BEŽIGRAD,2022-09-19 05:00,10.9,92,0
_1828,LJUBLJANA - BEŽIGRAD,2022-09-19 05:10,10.9,92,
_1828,LJUBLJANA - BEŽIGRAD,2022-09-19 05:20,10.9,92,
_1828,LJUBLJANA - BEŽIGRAD,2022-09-19 05:30,10.8,93,0
_1828,LJUBLJANA - BEŽIGRAD,2022-09-19 05:40,10.8,93,
_1828,LJUBLJANA - BEŽIGRAD,2022-09-19 05:50,10.8,94,
_1828,LJUBLJANA - BEŽIGRAD,2022-09-19 06:00,10.8,93,0
_1828,LJUBLJANA - BEŽIGRAD,2022-09-19 06:10,10.8,93,
_1828,LJUBLJANA - BEŽIGRAD,2022-09-19 06:20,10.7,93,
_1828,LJUBLJANA - BEŽIGRAD,2022-09-19 06:30,10.8,93,0
_1828,LJUBLJANA - BEŽIGRAD,2022-09-19 06:40,10.9,93,
_1828,LJUBLJANA - BEŽIGRAD,2022-09-19 06:50,11,92,
_1828,LJUBLJANA - BEŽIGRAD,2022-09-19 07:00,11.1,91,0
_1828,LJUBLJANA - BEŽIGRAD,2022-09-19 07:10,11.1,90,
_1828,LJUBLJANA - BEŽIGRAD,2022-09-19 07:20,11.1,90,
_1828,LJUBLJANA - BEŽIGRAD,2022-09-19 07:30,11.3,89,0
_1828,LJUBLJANA - BEŽIGRAD,2022-09-19 07:40,11.4,88,
_1828,LJUBLJANA - BEŽIGRAD,2022-09-19 07:50,11.3,91,
_1828,LJUBLJANA - BEŽIGRAD,2022-09-19 08:00,11.6,91,0
_1828,LJUBLJANA - BEŽIGRAD,2022-09-19 08:10,11.6,90,
_1828,LJUBLJANA - BEŽIGRAD,2022-09-19 08:20,11.9,88,
_1828,LJUBLJANA - BEŽIGRAD,2022-09-19 08:30,12.2,85,0
_1828,LJUBLJANA - BEŽIGRAD,2022-09-19 08:40,12.4,83,
_1828,LJUBLJANA - BEŽIGRAD,2022-09-19 08:50,12.8,81,
_1828,LJUBLJANA - BEŽIGRAD,2022-09-19 09:00,13.4,79,0
_1828,LJUBLJANA - BEŽIGRAD,2022-09-19 09:10,14.1,77,
_1828,LJUBLJANA - BEŽIGRAD,2022-09-19 09:20,14.8,74,
_1828,LJUBLJANA - BEŽIGRAD,2022-09-19 09:30,15.4,70,0
_1828,LJUBLJANA - BEŽIGRAD,2022-09-19 09:40,15.8,67,
_1828,LJUBLJANA - BEŽIGRAD,2022-09-19 09:50,16.5,65,
_1828,LJUBLJANA - BEŽIGRAD,2022-09-19 10:00,16.7,66,0
_1828,LJUBLJANA - BEŽIGRAD,2022-09-19 10:10,16.8,64,
_1828,LJUBLJANA - BEŽIGRAD,2022-09-19 10:20,17.1,63,
_1828,LJUBLJANA - BEŽIGRAD,2022-09-19 10:30,17.5,60,0
_1828,LJUBLJANA - BEŽIGRAD,2022-09-19 10:40,17.7,57,
_1828,LJUBLJANA - BEŽIGRAD,2022-09-19 10:50,18.1,57,
_1828,LJUBLJANA - BEŽIGRAD,2022-09-19 11:00,18.1,56,0
_1828,LJUBLJANA - BEŽIGRAD,2022-09-19 11:10,18.2,54,
_1828,LJUBLJANA - BEŽIGRAD,2022-09-19 11:20,18.9,52,
_1828,LJUBLJANA - BEŽIGRAD,2022-09-19 11:30,19.1,49,0
_1828,LJUBLJANA - BEŽIGRAD,2022-09-19 11:40,19.6,49,
_1828,LJUBLJANA - BEŽIGRAD,2022-09-19 11:50,19.7,45,
_1828,LJUBLJANA - BEŽIGRAD,2022-09-19 12:00,19.9,38,0
_1828,LJUBLJANA - BEŽIGRAD,2022-09-19 12:10,20.2,25,
_1828,LJUBLJANA - BEŽIGRAD,2022-09-19 12:20,20.1,24,
_1828,LJUBLJANA - BEŽIGRAD,2022-09-19 12:30,20.1,25,0
_1828,LJUBLJANA - BEŽIGRAD,2022-09-19 12:40,20.4,24,
_1828,LJUBLJANA - BEŽIGRAD,2022-09-19 12:50,20.6,24,
_1828,LJUBLJANA - BEŽIGRAD,2022-09-19 13:00,20.7,24,0
_1828,LJUBLJANA - BEŽIGRAD,2022-09-19 13:10,20.8,24,
_1828,LJUBLJANA - BEŽIGRAD,2022-09-19 13:20,21,25,
_1828,LJUBLJANA - BEŽIGRAD,2022-09-19 13:30,20.6,24,0
_1828,LJUBLJANA - BEŽIGRAD,2022-09-19 13:40,20.5,24,
_1828,LJUBLJANA - BEŽIGRAD,2022-09-19 13:50,20.6,25,
_1828,LJUBLJANA - BEŽIGRAD,2022-09-19 14:00,20.6,24,0
_1828,LJUBLJANA - BEŽIGRAD,2022-09-19 14:10,20.7,25,
_1828,LJUBLJANA - BEŽIGRAD,2022-09-19 14:20,20.9,25,
_1828,LJUBLJANA - BEŽIGRAD,2022-09-19 14:30,21,24,0
_1828,LJUBLJANA - BEŽIGRAD,2022-09-19 14:40,21.1,24,
_1828,LJUBLJANA - BEŽIGRAD,2022-09-19 14:50,21,25,
_1828,LJUBLJANA - BEŽIGRAD,2022-09-19 15:00,21,24,0
_1828,LJUBLJANA - BEŽIGRAD,2022-09-19 15:10,20.9,24,
_1828,LJUBLJANA - BEŽIGRAD,2022-09-19 15:20,21,24,
_1828,LJUBLJANA - BEŽIGRAD,2022-09-19 15:30,20.7,23,0
_1828,LJUBLJANA - BEŽIGRAD,2022-09-19 15:40,20.6,24,
_1828,LJUBLJANA - BEŽIGRAD,2022-09-19 15:50,20.5,31,
_1828,LJUBLJANA - BEŽIGRAD,2022-09-19 16:00,20.1,39,0
_1828,LJUBLJANA - BEŽIGRAD,2022-09-19 16:10,19.8,40,
_1828,LJUBLJANA - BEŽIGRAD,2022-09-19 16:20,19.6,40,
_1828,LJUBLJANA - BEŽIGRAD,2022-09-19 16:30,19.4,41,0
_1828,LJUBLJANA - BEŽIGRAD,2022-09-19 16:40,19.2,41,
_1828,LJUBLJANA - BEŽIGRAD,2022-09-19 16:50,19.2,41,
_1828,LJUBLJANA - BEŽIGRAD,2022-09-19 17:00,18.9,40,0
_1828,LJUBLJANA - BEŽIGRAD,2022-09-19 17:10,18.3,42,
_1828,LJUBLJANA - BEŽIGRAD,2022-09-19 17:20,17.9,44,
_1828,LJUBLJANA - BEŽIGRAD,2022-09-19 17:30,17.5,45,0
_1828,LJUBLJANA - BEŽIGRAD,2022-09-19 17:40,17.2,46,
_1828,LJUBLJANA - BEŽIGRAD,2022-09-19 17:50,16.8,48,
_1828,LJUBLJANA - BEŽIGRAD,2022-09-19 18:00,16.5,50,0
_1828,LJUBLJANA - BEŽIGRAD,2022-09-19 18:10,16.1,52,
_1828,LJUBLJANA - BEŽIGRAD,2022-09-19 18:20,15.7,54,
_1828,LJUBLJANA - BEŽIGRAD,2022-09-19 18:30,15.5,56,0
_1828,LJUBLJANA - BEŽIGRAD,2022-09-19 18:40,15.1,58,
_1828,LJUBLJANA - BEŽIGRAD,2022-09-19 18:50,14.7,59,
_1828,LJUBLJANA - BEŽIGRAD,2022-09-19 19:00,14.4,61,0
_1828,LJUBLJANA - BEŽIGRAD,2022-09-19 19:10,14.3,62,
_1828,LJUBLJANA - BEŽIGRAD,2022-09-19 19:20,14.2,64,
_1828,LJUBLJANA - BEŽIGRAD,2022-09-19 19:30,14.1,65,0
_1828,LJUBLJANA - BEŽIGRAD,2022-09-19 19:40,14,67,
_1828,LJUBLJANA - BEŽIGRAD,2022-09-19 19:50,14.1,67,
_1828,LJUBLJANA - BEŽIGRAD,2022-09-19 20:00,14.1,68,0
_1828,LJUBLJANA - BEŽIGRAD,2022-09-19 20:10,13.9,69,
_1828,LJUBLJANA - BEŽIGRAD,2022-09-19 20:20,13.8,70,
_1828,LJUBLJANA - BEŽIGRAD,2022-09-19 20:30,13.6,72,0
_1828,LJUBLJANA - BEŽIGRAD,2022-09-19 20:40,13.2,73,
_1828,LJUBLJANA - BEŽIGRAD,2022-09-19 20:50,13.2,74,
_1828,LJUBLJANA - BEŽIGRAD,2022-09-19 21:00,13.1,76,0
_1828,LJUBLJANA - BEŽIGRAD,2022-09-19 21:10,13.2,77,
_1828,LJUBLJANA - BEŽIGRAD,2022-09-19 21:20,13.1,77,
_1828,LJUBLJANA - BEŽIGRAD,2022-09-19 21:30,13,78,0
_1828,LJUBLJANA - BEŽIGRAD,2022-09-19 21:40,12.6,80,
_1828,LJUBLJANA - BEŽIGRAD,2022-09-19 21:50,12.4,81,
_1828,LJUBLJANA - BEŽIGRAD,2022-09-19 22:00,12.1,83,0
_1828,LJUBLJANA - BEŽIGRAD,2022-09-19 22:10,11.9,84,
_1828,LJUBLJANA - BEŽIGRAD,2022-09-19 22:20,11.6,85,
_1828,LJUBLJANA - BEŽIGRAD,2022-09-19 22:30,11.3,86,0
_1828,LJUBLJANA - BEŽIGRAD,2022-09-19 22:40,11.3,86,
_1828,LJUBLJANA - BEŽIGRAD,2022-09-19 22:50,11.1,87,
_1828,LJUBLJANA - BEŽIGRAD,2022-09-19 23:00,10.8,87,0
_1828,LJUBLJANA - BEŽIGRAD,2022-09-19 23:10,10.7,88,
_1828,LJUBLJANA - BEŽIGRAD,2022-09-19 23:20,10.5,89,
_1828,LJUBLJANA - BEŽIGRAD,2022-09-19 23:30,10.2,90,0
_1828,LJUBLJANA - BEŽIGRAD,2022-09-19 23:40,10,91,
_1828,LJUBLJANA - BEŽIGRAD,2022-09-19 23:50,9.8,91,
_1828,LJUBLJANA - BEŽIGRAD,2022-09-20 00:00,9.7,91,0
_1828,LJUBLJANA - BEŽIGRAD,2022-09-20 00:10,9.6,91,
_1828,LJUBLJANA - BEŽIGRAD,2022-09-20 00:20,9.4,92,
_1828,LJUBLJANA - BEŽIGRAD,2022-09-20 00:30,9.4,92,0
_1828,LJUBLJANA - BEŽIGRAD,2022-09-20 00:40,9.4,92,
_1828,LJUBLJANA - BEŽIGRAD,2022-09-20 00:50,9.2,91,
_1828,LJUBLJANA - BEŽIGRAD,2022-09-20 01:00,9,92,0
_1828,LJUBLJANA - BEŽIGRAD,2022-09-20 01:10,8.9,92,
_1828,LJUBLJANA - BEŽIGRAD,2022-09-20 01:20,8.8,92,
_1828,LJUBLJANA - BEŽIGRAD,2022-09-20 01:30,8.6,90,0
_1828,LJUBLJANA - BEŽIGRAD,2022-09-20 01:40,8.4,88,
_1828,LJUBLJANA - BEŽIGRAD,2022-09-20 01:50,8.2,87,
_1828,LJUBLJANA - BEŽIGRAD,2022-09-20 02:00,8,88,0
_1828,LJUBLJANA - BEŽIGRAD,2022-09-20 02:10,8,89,
_1828,LJUBLJANA - BEŽIGRAD,2022-09-20 02:20,8,90,
_1828,LJUBLJANA - BEŽIGRAD,2022-09-20 02:30,7.9,91,0
_1828,LJUBLJANA - BEŽIGRAD,2022-09-20 02:40,7.8,91,
_1828,LJUBLJANA - BEŽIGRAD,2022-09-20 02:50,7.8,90,
_1828,LJUBLJANA - BEŽIGRAD,2022-09-20 03:00,7.7,90,0
_1828,LJUBLJANA - BEŽIGRAD,2022-09-20 03:10,7.5,91,
_1828,LJUBLJANA - BEŽIGRAD,2022-09-20 03:20,7.3,92,
_1828,LJUBLJANA - BEŽIGRAD,2022-09-20 03:30,7.4,92,0
_1828,LJUBLJANA - BEŽIGRAD,2022-09-20 03:40,7.3,92,
_1828,LJUBLJANA - BEŽIGRAD,2022-09-20 03:50,7.3,90,
_1828,LJUBLJANA - BEŽIGRAD,2022-09-20 04:00,7.3,90,0
_1828,LJUBLJANA - BEŽIGRAD,2022-09-20 04:10,7.1,90,
_1828,LJUBLJANA - BEŽIGRAD,2022-09-20 04:20,6.9,92,
_1828,LJUBLJANA - BEŽIGRAD,2022-09-20 04:30,6.8,93,0
_1828,LJUBLJANA - BEŽIGRAD,2022-09-20 04:40,6.7,93,
_1828,LJUBLJANA - BEŽIGRAD,2022-09-20 04:50,6.6,94,
_1828,LJUBLJANA - BEŽIGRAD,2022-09-20 05:00,6.8,93,0
_1828,LJUBLJANA - BEŽIGRAD,2022-09-20 05:10,6.8,94,
_1828,LJUBLJANA - BEŽIGRAD,2022-09-20 05:20,6.7,94,
_1828,LJUBLJANA - BEŽIGRAD,2022-09-20 05:30,7,94,0
_1828,LJUBLJANA - BEŽIGRAD,2022-09-20 05:40,7.1,95,
_1828,LJUBLJANA - BEŽIGRAD,2022-09-20 05:50,7.1,96,
_1828,LJUBLJANA - BEŽIGRAD,2022-09-20 06:00,6.9,94,0
_1828,LJUBLJANA - BEŽIGRAD,2022-09-20 06:10,6.6,92,
_1828,LJUBLJANA - BEŽIGRAD,2022-09-20 06:20,6.5,92,
_1828,LJUBLJANA - BEŽIGRAD,2022-09-20 06:30,6.6,92,0
_1828,LJUBLJANA - BEŽIGRAD,2022-09-20 06:40,6.7,92,
_1828,LJUBLJANA - BEŽIGRAD,2022-09-20 06:50,6.7,91,
_1828,LJUBLJANA - BEŽIGRAD,2022-09-20 07:00,6.8,92,0
_1828,LJUBLJANA - BEŽIGRAD,2022-09-20 07:10,6.9,92,
_1828,LJUBLJANA - BEŽIGRAD,2022-09-20 07:20,7.1,92,
_1828,LJUBLJANA - BEŽIGRAD,2022-09-20 07:30,7.2,92,0
_1828,LJUBLJANA - BEŽIGRAD,2022-09-20 07:40,7.5,91,
_1828,LJUBLJANA - BEŽIGRAD,2022-09-20 07:50,7.6,90,
_1828,LJUBLJANA - BEŽIGRAD,2022-09-20 08:00,7.9,89,0
_1828,LJUBLJANA - BEŽIGRAD,2022-09-20 08:10,8.3,88,
_1828,LJUBLJANA - BEŽIGRAD,2022-09-20 08:20,8.7,87,
_1828,LJUBLJANA - BEŽIGRAD,2022-09-20 08:30,8.8,85,0
_1828,LJUBLJANA - BEŽIGRAD,2022-09-20 08:40,9,84,
_1828,LJUBLJANA - BEŽIGRAD,2022-09-20 08:50,9.5,81,
_1828,LJUBLJANA - BEŽIGRAD,2022-09-20 09:00,10.3,78,0
_1828,LJUBLJANA - BEŽIGRAD,2022-09-20 09:10,10.8,76,
_1828,LJUBLJANA - BEŽIGRAD,2022-09-20 09:20,11.4,73,
_1828,LJUBLJANA - BEŽIGRAD,2022-09-20 09:30,11.7,72,0
_1828,LJUBLJANA - BEŽIGRAD,2022-09-20 09:40,12.2,71,
_1828,LJUBLJANA - BEŽIGRAD,2022-09-20 09:50,12.8,67,
_1828,LJUBLJANA - BEŽIGRAD,2022-09-20 10:00,13.2,66,0
_1828,LJUBLJANA - BEŽIGRAD,2022-09-20 10:10,14,64,
_1828,LJUBLJANA - BEŽIGRAD,2022-09-20 10:20,14.4,59,
_1828,LJUBLJANA - BEŽIGRAD,2022-09-20 10:30,14.6,57,0
_1828,LJUBLJANA - BEŽIGRAD,2022-09-20 10:40,14.8,56,
_1828,LJUBLJANA - BEŽIGRAD,2022-09-20 10:50,15.3,56,
_1828,LJUBLJANA - BEŽIGRAD,2022-09-20 11:00,15.8,54,0
_1828,LJUBLJANA - BEŽIGRAD,2022-09-20 11:10,16.3,51,
_1828,LJUBLJANA - BEŽIGRAD,2022-09-20 11:20,16.6,50,
_1828,LJUBLJANA - BEŽIGRAD,2022-09-20 11:30,16.6,49,0
_1828,LJUBLJANA - BEŽIGRAD,2022-09-20 11:40,16.9,48,
_1828,LJUBLJANA - BEŽIGRAD,2022-09-20 11:50,17.6,45,
_1828,LJUBLJANA - BEŽIGRAD,2022-09-20 12:00,17.7,46,0
_1828,LJUBLJANA - BEŽIGRAD,2022-09-20 12:10,18.2,43,
_1828,LJUBLJANA - BEŽIGRAD,2022-09-20 12:20,18.1,39,
_1828,LJUBLJANA - BEŽIGRAD,2022-09-20 12:30,18.4,40,0
_1828,LJUBLJANA - BEŽIGRAD,2022-09-20 12:40,18.8,33,
_1828,LJUBLJANA - BEŽIGRAD,2022-09-20 12:50,19,34,
_1828,LJUBLJANA - BEŽIGRAD,2022-09-20 13:00,19.2,33,0
_1828,LJUBLJANA - BEŽIGRAD,2022-09-20 13:10,19.3,30,
_1828,LJUBLJANA - BEŽIGRAD,2022-09-20 13:20,19.7,29,
_1828,LJUBLJANA - BEŽIGRAD,2022-09-20 13:30,19.8,33,0
_1828,LJUBLJANA - BEŽIGRAD,2022-09-20 13:40,19.5,34,
_1828,LJUBLJANA - BEŽIGRAD,2022-09-20 13:50,19.7,34,
_1828,LJUBLJANA - BEŽIGRAD,2022-09-20 14:00,19.8,34,0
_1828,LJUBLJANA - BEŽIGRAD,2022-09-20 14:10,20.1,34,
_1828,LJUBLJANA - BEŽIGRAD,2022-09-20 14:20,20.2,28,
_1828,LJUBLJANA - BEŽIGRAD,2022-09-20 14:30,20.3,27,0
_1828,LJUBLJANA - BEŽIGRAD,2022-09-20 14:40,19.9,27,
_1828,LJUBLJANA - BEŽIGRAD,2022-09-20 14:50,19.8,27,
_1828,LJUBLJANA - BEŽIGRAD,2022-09-20 15:00,19.9,27,0
_1828,LJUBLJANA - BEŽIGRAD,2022-09-20 15:10,20.2,27,
_1828,LJUBLJANA - BEŽIGRAD,2022-09-20 15:20,20.3,28,
_1828,LJUBLJANA - BEŽIGRAD,2022-09-20 15:30,20.7,28,0
_1828,LJUBLJANA - BEŽIGRAD,2022-09-20 15:40,21,28,
_1828,LJUBLJANA - BEŽIGRAD,2022-09-20 15:50,21.1,28,
_1828,LJUBLJANA - BEŽIGRAD,2022-09-20 16:00,20.8,28,0
_1828,LJUBLJANA - BEŽIGRAD,2022-09-20 16:10,20,29,
_1828,LJUBLJANA - BEŽIGRAD,2022-09-20 16:20,19.5,29,
_1828,LJUBLJANA - BEŽIGRAD,2022-09-20 16:30,18.9,34,0
_1828,LJUBLJANA - BEŽIGRAD,2022-09-20 16:40,17.9,39,
_1828,LJUBLJANA - BEŽIGRAD,2022-09-20 16:50,17.4,39,
_1828,LJUBLJANA - BEŽIGRAD,2022-09-20 17:00,17.2,40,0
_1828,LJUBLJANA - BEŽIGRAD,2022-09-20 17:10,17.1,39,
_1828,LJUBLJANA - BEŽIGRAD,2022-09-20 17:20,17.1,40,
_1828,LJUBLJANA - BEŽIGRAD,2022-09-20 17:30,16.8,40,0
_1828,LJUBLJANA - BEŽIGRAD,2022-09-20 17:40,16.6,41,
_1828,LJUBLJANA - BEŽIGRAD,2022-09-20 17:50,16.3,44,
_1828,LJUBLJANA - BEŽIGRAD,2022-09-20 18:00,16.3,46,0
_1828,LJUBLJANA - BEŽIGRAD,2022-09-20 18:10,16,47,
_1828,LJUBLJANA - BEŽIGRAD,2022-09-20 18:20,15.6,49,
_1828,LJUBLJANA - BEŽIGRAD,2022-09-20 18:30,15.4,50,0
_1828,LJUBLJANA - BEŽIGRAD,2022-09-20 18:40,15.1,52,
_1828,LJUBLJANA - BEŽIGRAD,2022-09-20 18:50,14.9,54,
_1828,LJUBLJANA - BEŽIGRAD,2022-09-20 19:00,14.9,55,0
_1828,LJUBLJANA - BEŽIGRAD,2022-09-20 19:10,14.8,56,
_1828,LJUBLJANA - BEŽIGRAD,2022-09-20 19:20,14.4,62,
_1828,LJUBLJANA - BEŽIGRAD,2022-09-20 19:30,13.4,68,0.3
_1828,LJUBLJANA - BEŽIGRAD,2022-09-20 19:40,13,70,
_1828,LJUBLJANA - BEŽIGRAD,2022-09-20 19:50,12.8,73,
_1828,LJUBLJANA - BEŽIGRAD,2022-09-20 20:00,12.6,74,0
_1828,LJUBLJANA - BEŽIGRAD,2022-09-20 20:10,12.4,74,
_1828,LJUBLJANA - BEŽIGRAD,2022-09-20 20:20,12.2,74,
_1828,LJUBLJANA - BEŽIGRAD,2022-09-20 20:30,11.9,77,0
_1828,LJUBLJANA - BEŽIGRAD,2022-09-20 20:40,11.6,80,
_1828,LJUBLJANA - BEŽIGRAD,2022-09-20 20:50,11.3,81,
_1828,LJUBLJANA - BEŽIGRAD,2022-09-20 21:00,11.2,81,0
_1828,LJUBLJANA - BEŽIGRAD,2022-09-20 21:10,11.1,81,
_1828,LJUBLJANA - BEŽIGRAD,2022-09-20 21:20,11.1,81,
_1828,LJUBLJANA - BEŽIGRAD,2022-09-20 21:30,11.2,80,0
_1828,LJUBLJANA - BEŽIGRAD,2022-09-20 21:40,11.1,81,
_1828,LJUBLJANA - BEŽIGRAD,2022-09-20 21:50,11,81,
_1828,LJUBLJANA - BEŽIGRAD,2022-09-20 22:00,11.2,80,0
_1828,LJUBLJANA - BEŽIGRAD,2022-09-20 22:10,11.2,80,
_1828,LJUBLJANA - BEŽIGRAD,2022-09-20 22:20,11.2,79,
_1828,LJUBLJANA - BEŽIGRAD,2022-09-20 22:30,11.1,79,0
_1828,LJUBLJANA - BEŽIGRAD,2022-09-20 22:40,10.9,80,
_1828,LJUBLJANA - BEŽIGRAD,2022-09-20 22:50,10.6,82,
_1828,LJUBLJANA - BEŽIGRAD,2022-09-20 23:00,10.4,83,0
_1828,LJUBLJANA - BEŽIGRAD,2022-09-20 23:10,10.4,84,
_1828,LJUBLJANA - BEŽIGRAD,2022-09-20 23:20,10,85,
_1828,LJUBLJANA - BEŽIGRAD,2022-09-20 23:30,9.9,86,0
_1828,LJUBLJANA - BEŽIGRAD,2022-09-20 23:40,9.9,86,
_1828,LJUBLJANA - BEŽIGRAD,2022-09-20 23:50,9.8,88,
_1828,LJUBLJANA - BEŽIGRAD,2022-09-21 00:00,9.7,90,0
_1828,LJUBLJANA - BEŽIGRAD,2022-09-21 00:10,9.6,91,
_1828,LJUBLJANA - BEŽIGRAD,2022-09-21 00:20,9.4,92,
_1828,LJUBLJANA - BEŽIGRAD,2022-09-21 00:30,9.3,93,0
_1828,LJUBLJANA - BEŽIGRAD,2022-09-21 00:40,9,94,
_1828,LJUBLJANA - BEŽIGRAD,2022-09-21 00:50,8.9,94,
_1828,LJUBLJANA - BEŽIGRAD,2022-09-21 01:00,8.8,94,0
_1828,LJUBLJANA - BEŽIGRAD,2022-09-21 01:10,8.6,94,
_1828,LJUBLJANA - BEŽIGRAD,2022-09-21 01:20,8.6,94,
_1828,LJUBLJANA - BEŽIGRAD,2022-09-21 01:30,8.5,94,0
_1828,LJUBLJANA - BEŽIGRAD,2022-09-21 01:40,8.4,94,
_1828,LJUBLJANA - BEŽIGRAD,2022-09-21 01:50,8.1,94,
_1828,LJUBLJANA - BEŽIGRAD,2022-09-21 02:00,8.1,94,0
_1828,LJUBLJANA - BEŽIGRAD,2022-09-21 02:10,8.1,94,
_1828,LJUBLJANA - BEŽIGRAD,2022-09-21 02:20,8,95,
_1828,LJUBLJANA - BEŽIGRAD,2022-09-21 02:30,8,94,0
_1828,LJUBLJANA - BEŽIGRAD,2022-09-21 02:40,7.9,94,
_1828,LJUBLJANA - BEŽIGRAD,2022-09-21 02:50,7.7,95,
_1828,LJUBLJANA - BEŽIGRAD,2022-09-21 03:00,7.6,95,0
_1828,LJUBLJANA - BEŽIGRAD,2022-09-21 03:10,7.6,95,
_1828,LJUBLJANA - BEŽIGRAD,2022-09-21 03:20,7.3,97,
_1828,LJUBLJANA - BEŽIGRAD,2022-09-21 03:30,7.4,97,0
_1828,LJUBLJANA - BEŽIGRAD,2022-09-21 03:40,7.4,98,
_1828,LJUBLJANA - BEŽIGRAD,2022-09-21 03:50,7.4,98,
_1828,LJUBLJANA - BEŽIGRAD,2022-09-21 04:00,7.4,98,0
_1828,LJUBLJANA - BEŽIGRAD,2022-09-21 04:10,7.4,98,
_1828,LJUBLJANA - BEŽIGRAD,2022-09-21 04:20,7.5,98,
_1828,LJUBLJANA - BEŽIGRAD,2022-09-21 04:30,7.4,98,0
_1828,LJUBLJANA - BEŽIGRAD,2022-09-21 04:40,7.3,98,
_1828,LJUBLJANA - BEŽIGRAD,2022-09-21 04:50,7.3,98,
_1828,LJUBLJANA - BEŽIGRAD,2022-09-21 05:00,7.3,98,0
_1828,LJUBLJANA - BEŽIGRAD,2022-09-21 05:10,7.3,98,
_1828,LJUBLJANA - BEŽIGRAD,2022-09-21 05:20,7.2,98,
_1828,LJUBLJANA - BEŽIGRAD,2022-09-21 05:30,7.2,98,0
_1828,LJUBLJANA - BEŽIGRAD,2022-09-21 05:40,7.3,98,
_1828,LJUBLJANA - BEŽIGRAD,2022-09-21 05:50,7.2,98,
_1828,LJUBLJANA - BEŽIGRAD,2022-09-21 06:00,7.2,98,0
_1828,LJUBLJANA - BEŽIGRAD,2022-09-21 06:10,7.3,99,
_1828,LJUBLJANA - BEŽIGRAD,2022-09-21 06:20,7.3,99,
_1828,LJUBLJANA - BEŽIGRAD,2022-09-21 06:30,7.2,98,0
_1828,LJUBLJANA - BEŽIGRAD,2022-09-21 06:40,7.2,99,
_1828,LJUBLJANA - BEŽIGRAD,2022-09-21 06:50,7.3,99,
_1828,LJUBLJANA - BEŽIGRAD,2022-09-21 07:00,7.3,99,0
_1828,LJUBLJANA - BEŽIGRAD,2022-09-21 07:10,7.3,99,
_1828,LJUBLJANA - BEŽIGRAD,2022-09-21 07:20,7.3,99,
_1828,LJUBLJANA - BEŽIGRAD,2022-09-21 07:30,7.3,99,0
_1828,LJUBLJANA - BEŽIGRAD,2022-09-21 07:40,7.4,98,
_1828,LJUBLJANA - BEŽIGRAD,2022-09-21 07:50,7.5,98,
_1828,LJUBLJANA - BEŽIGRAD,2022-09-21 08:00,7.5,98,0
_1828,LJUBLJANA - BEŽIGRAD,2022-09-21 08:10,7.6,98,
_1828,LJUBLJANA - BEŽIGRAD,2022-09-21 08:20,7.7,98,
_1828,LJUBLJANA - BEŽIGRAD,2022-09-21 08:30,7.9,98,0
_1828,LJUBLJANA - BEŽIGRAD,2022-09-21 08:40,8.1,97,
_1828,LJUBLJANA - BEŽIGRAD,2022-09-21 08:50,8.3,96,
_1828,LJUBLJANA - BEŽIGRAD,2022-09-21 09:00,8.5,94,0
_1828,LJUBLJANA - BEŽIGRAD,2022-09-21 09:10,9,93,
_1828,LJUBLJANA - BEŽIGRAD,2022-09-21 09:20,9.6,89,
_1828,LJUBLJANA - BEŽIGRAD,2022-09-21 09:30,10,86,0
_1828,LJUBLJANA - BEŽIGRAD,2022-09-21 09:40,10.8,82,
_1828,LJUBLJANA - BEŽIGRAD,2022-09-21 09:50,11.2,80,
_1828,LJUBLJANA - BEŽIGRAD,2022-09-21 10:00,11.8,75,0
_1828,LJUBLJANA - BEŽIGRAD,2022-09-21 10:10,12.6,68,
_1828,LJUBLJANA - BEŽIGRAD,2022-09-21 10:20,13.1,64,
_1828,LJUBLJANA - BEŽIGRAD,2022-09-21 10:30,13.8,60,0
_1828,LJUBLJANA - BEŽIGRAD,2022-09-21 10:40,14,58,
_1828,LJUBLJANA - BEŽIGRAD,2022-09-21 10:50,14.3,57,
_1828,LJUBLJANA - BEŽIGRAD,2022-09-21 11:00,14.6,56,0
_1828,LJUBLJANA - BEŽIGRAD,2022-09-21 11:10,15.2,54,
_1828,LJUBLJANA - BEŽIGRAD,2022-09-21 11:20,15.6,52,
_1828,LJUBLJANA - BEŽIGRAD,2022-09-21 11:30,15.8,51,0
_1828,LJUBLJANA - BEŽIGRAD,2022-09-21 11:40,15.8,48,
_1828,LJUBLJANA - BEŽIGRAD,2022-09-21 11:50,16.3,47,
_1828,LJUBLJANA - BEŽIGRAD,2022-09-21 12:00,16.7,45,0
_1828,LJUBLJANA - BEŽIGRAD,2022-09-21 12:10,17.1,41,
_1828,LJUBLJANA - BEŽIGRAD,2022-09-21 12:20,16.8,41,
_1828,LJUBLJANA - BEŽIGRAD,2022-09-21 12:30,16.8,40,0
_1828,LJUBLJANA - BEŽIGRAD,2022-09-21 12:40,16.9,39,
_1828,LJUBLJANA - BEŽIGRAD,2022-09-21 12:50,16.8,39,
_1828,LJUBLJANA - BEŽIGRAD,2022-09-21 13:00,16.7,39,0
_1828,LJUBLJANA - BEŽIGRAD,2022-09-21 13:10,17.1,38,
_1828,LJUBLJANA - BEŽIGRAD,2022-09-21 13:20,16.9,37,
_1828,LJUBLJANA - BEŽIGRAD,2022-09-21 13:30,17,37,0
_1828,LJUBLJANA - BEŽIGRAD,2022-09-21 13:40,16.9,38,
_1828,LJUBLJANA - BEŽIGRAD,2022-09-21 13:50,16.7,38,
_1828,LJUBLJANA - BEŽIGRAD,2022-09-21 14:00,16.6,38,0
_1828,LJUBLJANA - BEŽIGRAD,2022-09-21 14:10,16.5,39,
_1828,LJUBLJANA - BEŽIGRAD,2022-09-21 14:20,16.4,39,
_1828,LJUBLJANA - BEŽIGRAD,2022-09-21 14:30,16.9,39,0
_1828,LJUBLJANA - BEŽIGRAD,2022-09-21 14:40,17,37,
_1828,LJUBLJANA - BEŽIGRAD,2022-09-21 14:50,17.1,38,
_1828,LJUBLJANA - BEŽIGRAD,2022-09-21 15:00,17.5,39,0
_1828,LJUBLJANA - BEŽIGRAD,2022-09-21 15:10,16.8,41,
_1828,LJUBLJANA - BEŽIGRAD,2022-09-21 15:20,16.6,42,
_1828,LJUBLJANA - BEŽIGRAD,2022-09-21 15:30,17,39,0
_1828,LJUBLJANA - BEŽIGRAD,2022-09-21 15:40,16.9,39,
_1828,LJUBLJANA - BEŽIGRAD,2022-09-21 15:50,16.7,41,
_1828,LJUBLJANA - BEŽIGRAD,2022-09-21 16:00,16.4,42,0
_1828,LJUBLJANA - BEŽIGRAD,2022-09-21 16:10,15.9,44,
_1828,LJUBLJANA - BEŽIGRAD,2022-09-21 16:20,15.7,45,
_1828,LJUBLJANA - BEŽIGRAD,2022-09-21 16:30,16.4,44,0
_1828,LJUBLJANA - BEŽIGRAD,2022-09-21 16:40,16.8,42,
_1828,LJUBLJANA - BEŽIGRAD,2022-09-21 16:50,16.8,40,
_1828,LJUBLJANA - BEŽIGRAD,2022-09-21 17:00,17.1,41,0
_1828,LJUBLJANA - BEŽIGRAD,2022-09-21 17:10,16.6,39,
_1828,LJUBLJANA - BEŽIGRAD,2022-09-21 17:20,16.2,38,
_1828,LJUBLJANA - BEŽIGRAD,2022-09-21 17:30,15.9,40,0
_1828,LJUBLJANA - BEŽIGRAD,2022-09-21 17:40,15.5,40,
_1828,LJUBLJANA - BEŽIGRAD,2022-09-21 17:50,15.2,41,
_1828,LJUBLJANA - BEŽIGRAD,2022-09-21 18:00,14.8,46,0
_1828,LJUBLJANA - BEŽIGRAD,2022-09-21 18:10,14.4,49,
_1828,LJUBLJANA - BEŽIGRAD,2022-09-21 18:20,13.9,52,
_1828,LJUBLJANA - BEŽIGRAD,2022-09-21 18:30,13.6,55,0
_1828,LJUBLJANA - BEŽIGRAD,2022-09-21 18:40,13.2,57,
_1828,LJUBLJANA - BEŽIGRAD,2022-09-21 18:50,12.7,59,
_1828,LJUBLJANA - BEŽIGRAD,2022-09-21 19:00,12.4,62,0
_1828,LJUBLJANA - BEŽIGRAD,2022-09-21 19:10,12.1,65,
_1828,LJUBLJANA - BEŽIGRAD,2022-09-21 19:20,12,65,
_1828,LJUBLJANA - BEŽIGRAD,2022-09-21 19:30,11.8,65,0
_1828,LJUBLJANA - BEŽIGRAD,2022-09-21 19:40,11.6,66,
_1828,LJUBLJANA - BEŽIGRAD,2022-09-21 19:50,11.4,70,
_1828,LJUBLJANA - BEŽIGRAD,2022-09-21 20:00,11,73,0
_1828,LJUBLJANA - BEŽIGRAD,2022-09-21 20:10,10.8,75,
_1828,LJUBLJANA - BEŽIGRAD,2022-09-21 20:20,10.6,76,
_1828,LJUBLJANA - BEŽIGRAD,2022-09-21 20:30,10.4,77,0
_1828,LJUBLJANA - BEŽIGRAD,2022-09-21 20:40,10,78,
_1828,LJUBLJANA - BEŽIGRAD,2022-09-21 20:50,9.6,80,
_1828,LJUBLJANA - BEŽIGRAD,2022-09-21 21:00,9.6,80,0
_1828,LJUBLJANA - BEŽIGRAD,2022-09-21 21:10,9.5,82,
_1828,LJUBLJANA - BEŽIGRAD,2022-09-21 21:20,9.3,82,
_1828,LJUBLJANA - BEŽIGRAD,2022-09-21 21:30,9.5,82,0
_1828,LJUBLJANA - BEŽIGRAD,2022-09-21 21:40,9.4,82,
_1828,LJUBLJANA - BEŽIGRAD,2022-09-21 21:50,9.5,78,
_1828,LJUBLJANA - BEŽIGRAD,2022-09-21 22:00,9.4,78,0
_1828,LJUBLJANA - BEŽIGRAD,2022-09-21 22:10,9.2,81,
_1828,LJUBLJANA - BEŽIGRAD,2022-09-21 22:20,9.1,81,
_1828,LJUBLJANA - BEŽIGRAD,2022-09-21 22:30,9.1,81,0
_1828,LJUBLJANA - BEŽIGRAD,2022-09-21 22:40,8.9,82,
_1828,LJUBLJANA - BEŽIGRAD,2022-09-21 22:50,8.7,83,
_1828,LJUBLJANA - BEŽIGRAD,2022-09-21 23:00,8.5,84,0
_1828,LJUBLJANA - BEŽIGRAD,2022-09-21 23:10,8.4,85,
_1828,LJUBLJANA - BEŽIGRAD,2022-09-21 23:20,8.1,86,
_1828,LJUBLJANA - BEŽIGRAD,2022-09-21 23:30,8,87,0
_1828,LJUBLJANA - BEŽIGRAD,2022-09-21 23:40,8.1,87,
_1828,LJUBLJANA - BEŽIGRAD,2022-09-21 23:50,8.2,85,
_1828,LJUBLJANA - BEŽIGRAD,2022-09-22 00:00,8,87,0
_1828,LJUBLJANA - BEŽIGRAD,2022-09-22 00:10,7.8,87,
_1828,LJUBLJANA - BEŽIGRAD,2022-09-22 00:20,7.7,88,
_1828,LJUBLJANA - BEŽIGRAD,2022-09-22 00:30,7.6,88,0
_1828,LJUBLJANA - BEŽIGRAD,2022-09-22 00:40,7.7,88,
_1828,LJUBLJANA - BEŽIGRAD,2022-09-22 00:50,7.8,88,
_1828,LJUBLJANA - BEŽIGRAD,2022-09-22 01:00,7.8,87,0
_1828,LJUBLJANA - BEŽIGRAD,2022-09-22 01:10,7.8,86,
_1828,LJUBLJANA - BEŽIGRAD,2022-09-22 01:20,7.6,86,
_1828,LJUBLJANA - BEŽIGRAD,2022-09-22 01:30,7.5,87,0
_1828,LJUBLJANA - BEŽIGRAD,2022-09-22 01:40,7.4,88,
_1828,LJUBLJANA - BEŽIGRAD,2022-09-22 01:50,7.3,87,
_1828,LJUBLJANA - BEŽIGRAD,2022-09-22 02:00,7.3,88,0
_1828,LJUBLJANA - BEŽIGRAD,2022-09-22 02:10,7.2,88,
_1828,LJUBLJANA - BEŽIGRAD,2022-09-22 02:20,7,89,
_1828,LJUBLJANA - BEŽIGRAD,2022-09-22 02:30,6.9,90,0
_1828,LJUBLJANA - BEŽIGRAD,2022-09-22 02:40,6.7,90,
_1828,LJUBLJANA - BEŽIGRAD,2022-09-22 02:50,6.5,91,
_1828,LJUBLJANA - BEŽIGRAD,2022-09-22 03:00,6.4,92,0
_1828,LJUBLJANA - BEŽIGRAD,2022-09-22 03:10,6.4,92,
_1828,LJUBLJANA - BEŽIGRAD,2022-09-22 03:20,6.2,92,
_1828,LJUBLJANA - BEŽIGRAD,2022-09-22 03:30,6.1,93,0
_1828,LJUBLJANA - BEŽIGRAD,2022-09-22 03:40,5.9,93,
_1828,LJUBLJANA - BEŽIGRAD,2022-09-22 03:50,5.8,94,
_1828,LJUBLJANA - BEŽIGRAD,2022-09-22 04:00,5.6,94,0
_1828,LJUBLJANA - BEŽIGRAD,2022-09-22 04:10,5.6,94,
_1828,LJUBLJANA - BEŽIGRAD,2022-09-22 04:20,5.3,95,
_1828,LJUBLJANA - BEŽIGRAD,2022-09-22 04:30,5.3,94,0
_1828,LJUBLJANA - BEŽIGRAD,2022-09-22 04:40,5.2,94,
_1828,LJUBLJANA - BEŽIGRAD,2022-09-22 04:50,5,94,
_1828,LJUBLJANA - BEŽIGRAD,2022-09-22 05:00,5,94,0
_1828,LJUBLJANA - BEŽIGRAD,2022-09-22 05:10,5.1,94,
_1828,LJUBLJANA - BEŽIGRAD,2022-09-22 05:20,5,94,
_1828,LJUBLJANA - BEŽIGRAD,2022-09-22 05:30,5,94,0
_1828,LJUBLJANA - BEŽIGRAD,2022-09-22 05:40,4.9,94,
_1828,LJUBLJANA - BEŽIGRAD,2022-09-22 05:50,4.9,94,
_1828,LJUBLJANA - BEŽIGRAD,2022-09-22 06:00,4.9,94,0
_1828,LJUBLJANA - BEŽIGRAD,2022-09-22 06:10,4.9,93,
_1828,LJUBLJANA - BEŽIGRAD,2022-09-22 06:20,4.9,93,
_1828,LJUBLJANA - BEŽIGRAD,2022-09-22 06:30,4.9,93,0
_1828,LJUBLJANA - BEŽIGRAD,2022-09-22 06:40,4.9,94,
_1828,LJUBLJANA - BEŽIGRAD,2022-09-22 06:50,5.3,95,
_1828,LJUBLJANA - BEŽIGRAD,2022-09-22 07:00,5.4,95,0
_1828,LJUBLJANA - BEŽIGRAD,2022-09-22 07:10,5.5,94,
_1828,LJUBLJANA - BEŽIGRAD,2022-09-22 07:20,5.6,93,
_1828,LJUBLJANA - BEŽIGRAD,2022-09-22 07:30,5.7,92,0
_1828,LJUBLJANA - BEŽIGRAD,2022-09-22 07:40,5.7,92,
_1828,LJUBLJANA - BEŽIGRAD,2022-09-22 07:50,5.9,92,
_1828,LJUBLJANA - BEŽIGRAD,2022-09-22 08:00,6.2,91,0
_1828,LJUBLJANA - BEŽIGRAD,2022-09-22 08:10,6.6,90,
_1828,LJUBLJANA - BEŽIGRAD,2022-09-22 08:20,6.8,90,
_1828,LJUBLJANA - BEŽIGRAD,2022-09-22 08:30,7,88,0
_1828,LJUBLJANA - BEŽIGRAD,2022-09-22 08:40,7.2,87,
_1828,LJUBLJANA - BEŽIGRAD,2022-09-22 08:50,7.6,85,
_1828,LJUBLJANA - BEŽIGRAD,2022-09-22 09:00,8,82,0
_1828,LJUBLJANA - BEŽIGRAD,2022-09-22 09:10,8.2,81,
_1828,LJUBLJANA - BEŽIGRAD,2022-09-22 09:20,9,78,
_1828,LJUBLJANA - BEŽIGRAD,2022-09-22 09:30,9.6,75,0
_1828,LJUBLJANA - BEŽIGRAD,2022-09-22 09:40,10.1,73,
_1828,LJUBLJANA - BEŽIGRAD,2022-09-22 09:50,10.9,70,
_1828,LJUBLJANA - BEŽIGRAD,2022-09-22 10:00,11.3,66,0
_1828,LJUBLJANA - BEŽIGRAD,2022-09-22 10:10,11.8,62,
_1828,LJUBLJANA - BEŽIGRAD,2022-09-22 10:20,12.5,60,
_1828,LJUBLJANA - BEŽIGRAD,2022-09-22 10:30,12.8,57,0
_1828,LJUBLJANA - BEŽIGRAD,2022-09-22 10:40,13.5,54,
_1828,LJUBLJANA - BEŽIGRAD,2022-09-22 10:50,14.2,53,
_1828,LJUBLJANA - BEŽIGRAD,2022-09-22 11:00,14.3,52,0
_1828,LJUBLJANA - BEŽIGRAD,2022-09-22 11:10,14.7,51,
_1828,LJUBLJANA - BEŽIGRAD,2022-09-22 11:20,15.4,49,
_1828,LJUBLJANA - BEŽIGRAD,2022-09-22 11:30,15.5,49,0
_1828,LJUBLJANA - BEŽIGRAD,2022-09-22 11:40,15.3,48,
_1828,LJUBLJANA - BEŽIGRAD,2022-09-22 11:50,15.8,47,
_1828,LJUBLJANA - BEŽIGRAD,2022-09-22 12:00,16.1,46,0
_1828,LJUBLJANA - BEŽIGRAD,2022-09-22 12:10,16.3,45,
_1828,LJUBLJANA - BEŽIGRAD,2022-09-22 12:20,16.3,44,
_1828,LJUBLJANA - BEŽIGRAD,2022-09-22 12:30,16.6,42,0
_1828,LJUBLJANA - BEŽIGRAD,2022-09-22 12:40,16.2,43,
_1828,LJUBLJANA - BEŽIGRAD,2022-09-22 12:50,17,43,
_1828,LJUBLJANA - BEŽIGRAD,2022-09-22 13:00,17.2,42,0
_1828,LJUBLJANA - BEŽIGRAD,2022-09-22 13:10,17.3,41,
_1828,LJUBLJANA - BEŽIGRAD,2022-09-22 13:20,16.9,41,
_1828,LJUBLJANA - BEŽIGRAD,2022-09-22 13:30,17.1,40,0
_1828,LJUBLJANA - BEŽIGRAD,2022-09-22 13:40,17.3,39,
_1828,LJUBLJANA - BEŽIGRAD,2022-09-22 13:50,17.4,38,
_1828,LJUBLJANA - BEŽIGRAD,2022-09-22 14:00,17.2,38,0
_1828,LJUBLJANA - BEŽIGRAD,2022-09-22 14:10,16.9,38,
_1828,LJUBLJANA - BEŽIGRAD,2022-09-22 14:20,16.6,39,
_1828,LJUBLJANA - BEŽIGRAD,2022-09-22 14:30,16.6,40,0
_1828,LJUBLJANA - BEŽIGRAD,2022-09-22 14:40,17.1,40,
_1828,LJUBLJANA - BEŽIGRAD,2022-09-22 14:50,17.5,38,
_1828,LJUBLJANA - BEŽIGRAD,2022-09-22 15:00,17.9,38,0
_1828,LJUBLJANA - BEŽIGRAD,2022-09-22 15:10,17.5,37,
_1828,LJUBLJANA - BEŽIGRAD,2022-09-22 15:20,17.2,38,
_1828,LJUBLJANA - BEŽIGRAD,2022-09-22 15:30,16.7,40,0
_1828,LJUBLJANA - BEŽIGRAD,2022-09-22 15:40,16.7,41,
_1828,LJUBLJANA - BEŽIGRAD,2022-09-22 15:50,16.8,41,
_1828,LJUBLJANA - BEŽIGRAD,2022-09-22 16:00,17.3,40,0
_1828,LJUBLJANA - BEŽIGRAD,2022-09-22 16:10,17.3,40,
_1828,LJUBLJANA - BEŽIGRAD,2022-09-22 16:20,17.1,40,
_1828,LJUBLJANA - BEŽIGRAD,2022-09-22 16:30,17.1,40,0
_1828,LJUBLJANA - BEŽIGRAD,2022-09-22 16:40,16.9,40,
_1828,LJUBLJANA - BEŽIGRAD,2022-09-22 16:50,16.7,41,
_1828,LJUBLJANA - BEŽIGRAD,2022-09-22 17:00,16.3,41,0
_1828,LJUBLJANA - BEŽIGRAD,2022-09-22 17:10,16,42,
_1828,LJUBLJANA - BEŽIGRAD,2022-09-22 17:20,15.6,44,
_1828,LJUBLJANA - BEŽIGRAD,2022-09-22 17:30,15.4,44,0
_1828,LJUBLJANA - BEŽIGRAD,2022-09-22 17:40,15.2,45,
_1828,LJUBLJANA - BEŽIGRAD,2022-09-22 17:50,14.8,47,
_1828,LJUBLJANA - BEŽIGRAD,2022-09-22 18:00,14.4,49,0
_1828,LJUBLJANA - BEŽIGRAD,2022-09-22 18:10,14,51,
_1828,LJUBLJANA - BEŽIGRAD,2022-09-22 18:20,13.7,52,
_1828,LJUBLJANA - BEŽIGRAD,2022-09-22 18:30,13.1,55,0
_1828,LJUBLJANA - BEŽIGRAD,2022-09-22 18:40,12.6,57,
_1828,LJUBLJANA - BEŽIGRAD,2022-09-22 18:50,12.2,58,
_1828,LJUBLJANA - BEŽIGRAD,2022-09-22 19:00,12.1,60,0
_1828,LJUBLJANA - BEŽIGRAD,2022-09-22 19:10,11.8,63,
_1828,LJUBLJANA - BEŽIGRAD,2022-09-22 19:20,11.6,65,
_1828,LJUBLJANA - BEŽIGRAD,2022-09-22 19:30,11.3,66,0
_1828,LJUBLJANA - BEŽIGRAD,2022-09-22 19:40,11.4,67,
_1828,LJUBLJANA - BEŽIGRAD,2022-09-22 19:50,11.2,68,
_1828,LJUBLJANA - BEŽIGRAD,2022-09-22 20:00,10.8,71,0
_1828,LJUBLJANA - BEŽIGRAD,2022-09-22 20:10,10.3,73,
_1828,LJUBLJANA - BEŽIGRAD,2022-09-22 20:20,10,75,
_1828,LJUBLJANA - BEŽIGRAD,2022-09-22 20:30,10.1,75,0
_1828,LJUBLJANA - BEŽIGRAD,2022-09-22 20:40,10,76,
_1828,LJUBLJANA - BEŽIGRAD,2022-09-22 20:50,9.7,77,
_1828,LJUBLJANA - BEŽIGRAD,2022-09-22 21:00,9.6,77,0
_1828,LJUBLJANA - BEŽIGRAD,2022-09-22 21:10,9.6,77,
_1828,LJUBLJANA - BEŽIGRAD,2022-09-22 21:20,9.5,78,
_1828,LJUBLJANA - BEŽIGRAD,2022-09-22 21:30,9.3,79,0
_1828,LJUBLJANA - BEŽIGRAD,2022-09-22 21:40,9.2,80,
_1828,LJUBLJANA - BEŽIGRAD,2022-09-22 21:50,9,81,
_1828,LJUBLJANA - BEŽIGRAD,2022-09-22 22:00,8.9,80,0
_1828,LJUBLJANA - BEŽIGRAD,2022-09-22 22:10,8.6,81,
_1828,LJUBLJANA - BEŽIGRAD,2022-09-22 22:20,8.6,81,
_1828,LJUBLJANA - BEŽIGRAD,2022-09-22 22:30,8.3,83,0
_1828,LJUBLJANA - BEŽIGRAD,2022-09-22 22:40,8,85,
_1828,LJUBLJANA - BEŽIGRAD,2022-09-22 22:50,7.8,86,
_1828,LJUBLJANA - BEŽIGRAD,2022-09-22 23:00,7.7,86,0
_1828,LJUBLJANA - BEŽIGRAD,2022-09-22 23:10,7.6,87,
_1828,LJUBLJANA - BEŽIGRAD,2022-09-22 23:20,7.7,86,
_1828,LJUBLJANA - BEŽIGRAD,2022-09-22 23:30,7.4,86,0
_1828,LJUBLJANA - BEŽIGRAD,2022-09-22 23:40,7.2,87,
_1828,LJUBLJANA - BEŽIGRAD,2022-09-22 23:50,7.2,88,
_1828,LJUBLJANA - BEŽIGRAD,2022-09-23 00:00,7.3,87,0
_1828,LJUBLJANA - BEŽIGRAD,2022-09-23 00:10,7.1,89,
_1828,LJUBLJANA - BEŽIGRAD,2022-09-23 00:20,7,89,
_1828,LJUBLJANA - BEŽIGRAD,2022-09-23 00:30,6.9,90,0
_1828,LJUBLJANA - BEŽIGRAD,2022-09-23 00:40,6.7,90,
_1828,LJUBLJANA - BEŽIGRAD,2022-09-23 00:50,6.7,91,
_1828,LJUBLJANA - BEŽIGRAD,2022-09-23 01:00,6.9,89,0
_1828,LJUBLJANA - BEŽIGRAD,2022-09-23 01:10,6.9,89,
_1828,LJUBLJANA - BEŽIGRAD,2022-09-23 01:20,6.8,89,
_1828,LJUBLJANA - BEŽIGRAD,2022-09-23 01:30,6.6,90,0
_1828,LJUBLJANA - BEŽIGRAD,2022-09-23 01:40,6.4,90,
_1828,LJUBLJANA - BEŽIGRAD,2022-09-23 01:50,6.4,90,
_1828,LJUBLJANA - BEŽIGRAD,2022-09-23 02:00,6.3,91,0
_1828,LJUBLJANA - BEŽIGRAD,2022-09-23 02:10,6.2,91,
_1828,LJUBLJANA - BEŽIGRAD,2022-09-23 02:20,6.1,92,
_1828,LJUBLJANA - BEŽIGRAD,2022-09-23 02:30,6.1,92,0
_1828,LJUBLJANA - BEŽIGRAD,2022-09-23 02:40,6,92,
_1828,LJUBLJANA - BEŽIGRAD,2022-09-23 02:50,5.8,92,
_1828,LJUBLJANA - BEŽIGRAD,2022-09-23 03:00,5.8,92,0
_1828,LJUBLJANA - BEŽIGRAD,2022-09-23 03:10,5.6,93,
_1828,LJUBLJANA - BEŽIGRAD,2022-09-23 03:20,5.5,93,
_1828,LJUBLJANA - BEŽIGRAD,2022-09-23 03:30,5.6,94,0
_1828,LJUBLJANA - BEŽIGRAD,2022-09-23 03:40,5.4,94,
_1828,LJUBLJANA - BEŽIGRAD,2022-09-23 03:50,5.2,95,
_1828,LJUBLJANA - BEŽIGRAD,2022-09-23 04:00,5.1,94,0
_1828,LJUBLJANA - BEŽIGRAD,2022-09-23 04:10,5.1,94,
_1828,LJUBLJANA - BEŽIGRAD,2022-09-23 04:20,5.2,95,
_1828,LJUBLJANA - BEŽIGRAD,2022-09-23 04:30,5.1,95,0
_1828,LJUBLJANA - BEŽIGRAD,2022-09-23 04:40,5.1,96,
_1828,LJUBLJANA - BEŽIGRAD,2022-09-23 04:50,5.1,96,
_1828,LJUBLJANA - BEŽIGRAD,2022-09-23 05:00,5,96,0
_1828,LJUBLJANA - BEŽIGRAD,2022-09-23 05:10,4.9,95,
_1828,LJUBLJANA - BEŽIGRAD,2022-09-23 05:20,4.9,95,
_1828,LJUBLJANA - BEŽIGRAD,2022-09-23 05:30,4.7,95,0
_1828,LJUBLJANA - BEŽIGRAD,2022-09-23 05:40,4.5,95,
_1828,LJUBLJANA - BEŽIGRAD,2022-09-23 05:50,4.5,95,
_1828,LJUBLJANA - BEŽIGRAD,2022-09-23 06:00,4.5,95,0
_1828,LJUBLJANA - BEŽIGRAD,2022-09-23 06:10,4.6,95,
_1828,LJUBLJANA - BEŽIGRAD,2022-09-23 06:20,4.9,95,
_1828,LJUBLJANA - BEŽIGRAD,2022-09-23 06:30,4.9,95,0
_1828,LJUBLJANA - BEŽIGRAD,2022-09-23 06:40,4.8,95,
_1828,LJUBLJANA - BEŽIGRAD,2022-09-23 06:50,4.8,96,
_1828,LJUBLJANA - BEŽIGRAD,2022-09-23 07:00,4.9,97,0
_1828,LJUBLJANA - BEŽIGRAD,2022-09-23 07:10,5.1,96,
_1828,LJUBLJANA - BEŽIGRAD,2022-09-23 07:20,5.3,96,
_1828,LJUBLJANA - BEŽIGRAD,2022-09-23 07:30,5.4,96,0
_1828,LJUBLJANA - BEŽIGRAD,2022-09-23 07:40,5.4,97,
_1828,LJUBLJANA - BEŽIGRAD,2022-09-23 07:50,5.4,97,
_1828,LJUBLJANA - BEŽIGRAD,2022-09-23 08:00,5.6,97,0
_1828,LJUBLJANA - BEŽIGRAD,2022-09-23 08:10,5.7,96,
_1828,LJUBLJANA - BEŽIGRAD,2022-09-23 08:20,5.9,95,
_1828,LJUBLJANA - BEŽIGRAD,2022-09-23 08:30,6.1,94,0
_1828,LJUBLJANA - BEŽIGRAD,2022-09-23 08:40,6.3,93,
_1828,LJUBLJANA - BEŽIGRAD,2022-09-23 08:50,6.8,91,
_1828,LJUBLJANA - BEŽIGRAD,2022-09-23 09:00,7.2,89,0
_1828,LJUBLJANA - BEŽIGRAD,2022-09-23 09:10,8,85,
_1828,LJUBLJANA - BEŽIGRAD,2022-09-23 09:20,8.7,81,
_1828,LJUBLJANA - BEŽIGRAD,2022-09-23 09:30,9.3,77,0
_1828,LJUBLJANA - BEŽIGRAD,2022-09-23 09:40,9.9,75,
_1828,LJUBLJANA - BEŽIGRAD,2022-09-23 09:50,10.6,71,
_1828,LJUBLJANA - BEŽIGRAD,2022-09-23 10:00,10.9,69,0
_1828,LJUBLJANA - BEŽIGRAD,2022-09-23 10:10,11.7,65,
_1828,LJUBLJANA - BEŽIGRAD,2022-09-23 10:20,12.1,64,
_1828,LJUBLJANA - BEŽIGRAD,2022-09-23 10:30,12.8,60,0
_1828,LJUBLJANA - BEŽIGRAD,2022-09-23 10:40,13.1,60,
_1828,LJUBLJANA - BEŽIGRAD,2022-09-23 10:50,13.4,58,
_1828,LJUBLJANA - BEŽIGRAD,2022-09-23 11:00,14.3,55,0
_1828,LJUBLJANA - BEŽIGRAD,2022-09-23 11:10,14.7,52,
_1828,LJUBLJANA - BEŽIGRAD,2022-09-23 11:20,14.8,51,
_1828,LJUBLJANA - BEŽIGRAD,2022-09-23 11:30,14.9,51,0
_1828,LJUBLJANA - BEŽIGRAD,2022-09-23 11:40,15.5,50,
_1828,LJUBLJANA - BEŽIGRAD,2022-09-23 11:50,15.8,48,
_1828,LJUBLJANA - BEŽIGRAD,2022-09-23 12:00,16.3,47,0
_1828,LJUBLJANA - BEŽIGRAD,2022-09-23 12:10,16.6,46,
_1828,LJUBLJANA - BEŽIGRAD,2022-09-23 12:20,17,44,
_1828,LJUBLJANA - BEŽIGRAD,2022-09-23 12:30,17.1,44,0
_1828,LJUBLJANA - BEŽIGRAD,2022-09-23 12:40,17.3,43,
_1828,LJUBLJANA - BEŽIGRAD,2022-09-23 12:50,17.5,43,
_1828,LJUBLJANA - BEŽIGRAD,2022-09-23 13:00,17.8,43,0
_1828,LJUBLJANA - BEŽIGRAD,2022-09-23 13:10,17.8,43,
_1828,LJUBLJANA - BEŽIGRAD,2022-09-23 13:20,17.8,43,
_1828,LJUBLJANA - BEŽIGRAD,2022-09-23 13:30,18.2,42,0
_1828,LJUBLJANA - BEŽIGRAD,2022-09-23 13:40,18.9,41,
_1828,LJUBLJANA - BEŽIGRAD,2022-09-23 13:50,18.8,41,
_1828,LJUBLJANA - BEŽIGRAD,2022-09-23 14:00,18.6,41,0
_1828,LJUBLJANA - BEŽIGRAD,2022-09-23 14:10,19,41,
_1828,LJUBLJANA - BEŽIGRAD,2022-09-23 14:20,18.8,42,
_1828,LJUBLJANA - BEŽIGRAD,2022-09-23 14:30,18.9,42,0
_1828,LJUBLJANA - BEŽIGRAD,2022-09-23 14:40,19.3,42,
_1828,LJUBLJANA - BEŽIGRAD,2022-09-23 14:50,19.4,41,
_1828,LJUBLJANA - BEŽIGRAD,2022-09-23 15:00,19.4,42,0
_1828,LJUBLJANA - BEŽIGRAD,2022-09-23 15:10,19.7,41,
_1828,LJUBLJANA - BEŽIGRAD,2022-09-23 15:20,19.8,37,
_1828,LJUBLJANA - BEŽIGRAD,2022-09-23 15:30,19.9,39,0
_1828,LJUBLJANA - BEŽIGRAD,2022-09-23 15:40,19.8,38,
_1828,LJUBLJANA - BEŽIGRAD,2022-09-23 15:50,20.1,38,
_1828,LJUBLJANA - BEŽIGRAD,2022-09-23 16:00,19.9,40,0
_1828,LJUBLJANA - BEŽIGRAD,2022-09-23 16:10,20.1,40,
_1828,LJUBLJANA - BEŽIGRAD,2022-09-23 16:20,19.7,40,
_1828,LJUBLJANA - BEŽIGRAD,2022-09-23 16:30,19.2,41,0
_1828,LJUBLJANA - BEŽIGRAD,2022-09-23 16:40,18.9,42,
_1828,LJUBLJANA - BEŽIGRAD,2022-09-23 16:50,18.4,43,
_1828,LJUBLJANA - BEŽIGRAD,2022-09-23 17:00,18.1,44,0
_1828,LJUBLJANA - BEŽIGRAD,2022-09-23 17:10,17.9,45,
_1828,LJUBLJANA - BEŽIGRAD,2022-09-23 17:20,17.6,47,
_1828,LJUBLJANA - BEŽIGRAD,2022-09-23 17:30,17.3,48,0
_1828,LJUBLJANA - BEŽIGRAD,2022-09-23 17:40,16.9,49,
_1828,LJUBLJANA - BEŽIGRAD,2022-09-23 17:50,16.6,50,
_1828,LJUBLJANA - BEŽIGRAD,2022-09-23 18:00,16.3,52,0
_1828,LJUBLJANA - BEŽIGRAD,2022-09-23 18:10,16,53,
_1828,LJUBLJANA - BEŽIGRAD,2022-09-23 18:20,15.7,55,
_1828,LJUBLJANA - BEŽIGRAD,2022-09-23 18:30,15.4,57,0
_1828,LJUBLJANA - BEŽIGRAD,2022-09-23 18:40,15,58,
_1828,LJUBLJANA - BEŽIGRAD,2022-09-23 18:50,14.7,60,
_1828,LJUBLJANA - BEŽIGRAD,2022-09-23 19:00,14.4,61,0
_1828,LJUBLJANA - BEŽIGRAD,2022-09-23 19:10,14.3,62,
_1828,LJUBLJANA - BEŽIGRAD,2022-09-23 19:20,14.2,63,
_1828,LJUBLJANA - BEŽIGRAD,2022-09-23 19:30,14,64,0
_1828,LJUBLJANA - BEŽIGRAD,2022-09-23 19:40,13.9,64,
_1828,LJUBLJANA - BEŽIGRAD,2022-09-23 19:50,13.7,65,
_1828,LJUBLJANA - BEŽIGRAD,2022-09-23 20:00,13.6,66,0
_1828,LJUBLJANA - BEŽIGRAD,2022-09-23 20:10,13.5,67,
_1828,LJUBLJANA - BEŽIGRAD,2022-09-23 20:20,13.4,67,
_1828,LJUBLJANA - BEŽIGRAD,2022-09-23 20:30,13.5,67,0
_1828,LJUBLJANA - BEŽIGRAD,2022-09-23 20:40,13.4,67,
_1828,LJUBLJANA - BEŽIGRAD,2022-09-23 20:50,13.4,67,
_1828,LJUBLJANA - BEŽIGRAD,2022-09-23 21:00,13.5,67,0
_1828,LJUBLJANA - BEŽIGRAD,2022-09-23 21:10,13.3,68,
_1828,LJUBLJANA - BEŽIGRAD,2022-09-23 21:20,13.1,69,
_1828,LJUBLJANA - BEŽIGRAD,2022-09-23 21:30,12.9,70,0
_1828,LJUBLJANA - BEŽIGRAD,2022-09-23 21:40,12.7,71,
_1828,LJUBLJANA - BEŽIGRAD,2022-09-23 21:50,12.7,71,
_1828,LJUBLJANA - BEŽIGRAD,2022-09-23 22:00,12.6,71,0
_1828,LJUBLJANA - BEŽIGRAD,2022-09-23 22:10,12.5,72,
_1828,LJUBLJANA - BEŽIGRAD,2022-09-23 22:20,12.3,73,
_1828,LJUBLJANA - BEŽIGRAD,2022-09-23 22:30,12.1,74,0
_1828,LJUBLJANA - BEŽIGRAD,2022-09-23 22:40,11.9,75,
_1828,LJUBLJANA - BEŽIGRAD,2022-09-23 22:50,11.7,75,
_1828,LJUBLJANA - BEŽIGRAD,2022-09-23 23:00,11.5,77,0
_1828,LJUBLJANA - BEŽIGRAD,2022-09-23 23:10,11.3,78,
_1828,LJUBLJANA - BEŽIGRAD,2022-09-23 23:20,11.3,78,
_1828,LJUBLJANA - BEŽIGRAD,2022-09-23 23:30,11.1,79,0
_1828,LJUBLJANA - BEŽIGRAD,2022-09-23 23:40,10.9,81,
_1828,LJUBLJANA - BEŽIGRAD,2022-09-23 23:50,10.5,82,
_1828,LJUBLJANA - BEŽIGRAD,2022-09-24 00:00,10.1,84,0
_1828,LJUBLJANA - BEŽIGRAD,2022-09-24 00:10,9.9,85,
_1828,LJUBLJANA - BEŽIGRAD,2022-09-24 00:20,9.8,86,
_1828,LJUBLJANA - BEŽIGRAD,2022-09-24 00:30,9.7,86,0
_1828,LJUBLJANA - BEŽIGRAD,2022-09-24 00:40,9.7,87,
_1828,LJUBLJANA - BEŽIGRAD,2022-09-24 00:50,9.5,88,
_1828,LJUBLJANA - BEŽIGRAD,2022-09-24 01:00,9.4,88,0
_1828,LJUBLJANA - BEŽIGRAD,2022-09-24 01:10,9.2,89,
_1828,LJUBLJANA - BEŽIGRAD,2022-09-24 01:20,9.2,89,
_1828,LJUBLJANA - BEŽIGRAD,2022-09-24 01:30,9.1,89,0
_1828,LJUBLJANA - BEŽIGRAD,2022-09-24 01:40,8.9,90,
_1828,LJUBLJANA - BEŽIGRAD,2022-09-24 01:50,8.8,91,
_1828,LJUBLJANA - BEŽIGRAD,2022-09-24 02:00,8.7,91,0
_1828,LJUBLJANA - BEŽIGRAD,2022-09-24 02:10,8.5,92,
_1828,LJUBLJANA - BEŽIGRAD,2022-09-24 02:20,8.4,93,
_1828,LJUBLJANA - BEŽIGRAD,2022-09-24 02:30,8.3,93,0
_1828,LJUBLJANA - BEŽIGRAD,2022-09-24 02:40,8.3,93,
_1828,LJUBLJANA - BEŽIGRAD,2022-09-24 02:50,8.3,93,
_1828,LJUBLJANA - BEŽIGRAD,2022-09-24 03:00,8.2,93,0
_1828,LJUBLJANA - BEŽIGRAD,2022-09-24 03:10,8.1,93,
_1828,LJUBLJANA - BEŽIGRAD,2022-09-24 03:20,8,93,
_1828,LJUBLJANA - BEŽIGRAD,2022-09-24 03:30,7.9,93,0
_1828,LJUBLJANA - BEŽIGRAD,2022-09-24 03:40,7.8,93,
_1828,LJUBLJANA - BEŽIGRAD,2022-09-24 03:50,7.8,93,
_1828,LJUBLJANA - BEŽIGRAD,2022-09-24 04:00,7.9,93,0
_1828,LJUBLJANA - BEŽIGRAD,2022-09-24 04:10,7.8,93,
_1828,LJUBLJANA - BEŽIGRAD,2022-09-24 04:20,7.7,93,
_1828,LJUBLJANA - BEŽIGRAD,2022-09-24 04:30,7.6,93,0
_1828,LJUBLJANA - BEŽIGRAD,2022-09-24 04:40,7.5,93,
_1828,LJUBLJANA - BEŽIGRAD,2022-09-24 04:50,7.4,94,
_1828,LJUBLJANA - BEŽIGRAD,2022-09-24 05:00,7.4,95,0
_1828,LJUBLJANA - BEŽIGRAD,2022-09-24 05:10,7.5,95,
_1828,LJUBLJANA - BEŽIGRAD,2022-09-24 05:20,7.5,95,
_1828,LJUBLJANA - BEŽIGRAD,2022-09-24 05:30,7.5,94,0
_1828,LJUBLJANA - BEŽIGRAD,2022-09-24 05:40,7.6,94,
_1828,LJUBLJANA - BEŽIGRAD,2022-09-24 05:50,7.5,94,
_1828,LJUBLJANA - BEŽIGRAD,2022-09-24 06:00,7.4,93,0
_1828,LJUBLJANA - BEŽIGRAD,2022-09-24 06:10,7.4,93,
_1828,LJUBLJANA - BEŽIGRAD,2022-09-24 06:20,7.4,93,
_1828,LJUBLJANA - BEŽIGRAD,2022-09-24 06:30,7.3,93,0
_1828,LJUBLJANA - BEŽIGRAD,2022-09-24 06:40,7.3,93,
_1828,LJUBLJANA - BEŽIGRAD,2022-09-24 06:50,7.4,92,
_1828,LJUBLJANA - BEŽIGRAD,2022-09-24 07:00,7.6,92,0
_1828,LJUBLJANA - BEŽIGRAD,2022-09-24 07:10,7.8,91,
_1828,LJUBLJANA - BEŽIGRAD,2022-09-24 07:20,8.1,91,
_1828,LJUBLJANA - BEŽIGRAD,2022-09-24 07:30,8.3,89,0
_1828,LJUBLJANA - BEŽIGRAD,2022-09-24 07:40,8.4,90,
_1828,LJUBLJANA - BEŽIGRAD,2022-09-24 07:50,8.6,89,
_1828,LJUBLJANA - BEŽIGRAD,2022-09-24 08:00,8.8,88,0
_1828,LJUBLJANA - BEŽIGRAD,2022-09-24 08:10,8.9,88,
_1828,LJUBLJANA - BEŽIGRAD,2022-09-24 08:20,9.1,87,
_1828,LJUBLJANA - BEŽIGRAD,2022-09-24 08:30,9.4,87,0
_1828,LJUBLJANA - BEŽIGRAD,2022-09-24 08:40,9.6,85,
_1828,LJUBLJANA - BEŽIGRAD,2022-09-24 08:50,9.7,84,
_1828,LJUBLJANA - BEŽIGRAD,2022-09-24 09:00,9.8,85,0
_1828,LJUBLJANA - BEŽIGRAD,2022-09-24 09:10,9.9,84,
_1828,LJUBLJANA - BEŽIGRAD,2022-09-24 09:20,10.1,84,
_1828,LJUBLJANA - BEŽIGRAD,2022-09-24 09:30,10.3,83,0
_1828,LJUBLJANA - BEŽIGRAD,2022-09-24 09:40,10.7,82,
_1828,LJUBLJANA - BEŽIGRAD,2022-09-24 09:50,11.2,81,
_1828,LJUBLJANA - BEŽIGRAD,2022-09-24 10:00,11.6,79,0
_1828,LJUBLJANA - BEŽIGRAD,2022-09-24 10:10,12,78,
_1828,LJUBLJANA - BEŽIGRAD,2022-09-24 10:20,12.4,76,
_1828,LJUBLJANA - BEŽIGRAD,2022-09-24 10:30,12.8,75,0
_1828,LJUBLJANA - BEŽIGRAD,2022-09-24 10:40,13.1,75,
_1828,LJUBLJANA - BEŽIGRAD,2022-09-24 10:50,13.7,74,
_1828,LJUBLJANA - BEŽIGRAD,2022-09-24 11:00,14.3,72,0
_1828,LJUBLJANA - BEŽIGRAD,2022-09-24 11:10,15.1,68,
_1828,LJUBLJANA - BEŽIGRAD,2022-09-24 11:20,15.9,64,
_1828,LJUBLJANA - BEŽIGRAD,2022-09-24 11:30,16.5,61,0
_1828,LJUBLJANA - BEŽIGRAD,2022-09-24 11:40,16.5,60,
_1828,LJUBLJANA - BEŽIGRAD,2022-09-24 11:50,16.6,61,
_1828,LJUBLJANA - BEŽIGRAD,2022-09-24 12:00,16.4,64,0
_1828,LJUBLJANA - BEŽIGRAD,2022-09-24 12:10,16.3,64,
_1828,LJUBLJANA - BEŽIGRAD,2022-09-24 12:20,16.5,63,
_1828,LJUBLJANA - BEŽIGRAD,2022-09-24 12:30,16.5,63,0
_1828,LJUBLJANA - BEŽIGRAD,2022-09-24 12:40,16.3,63,
_1828,LJUBLJANA - BEŽIGRAD,2022-09-24 12:50,16.2,64,
_1828,LJUBLJANA - BEŽIGRAD,2022-09-24 13:00,16.3,64,0
_1828,LJUBLJANA - BEŽIGRAD,2022-09-24 13:10,16.3,64,
_1828,LJUBLJANA - BEŽIGRAD,2022-09-24 13:20,16.4,64,
_1828,LJUBLJANA - BEŽIGRAD,2022-09-24 13:30,16.5,63,0
_1828,LJUBLJANA - BEŽIGRAD,2022-09-24 13:40,16.4,62,
_1828,LJUBLJANA - BEŽIGRAD,2022-09-24 13:50,16.3,62,
_1828,LJUBLJANA - BEŽIGRAD,2022-09-24 14:00,16.2,64,0
_1828,LJUBLJANA - BEŽIGRAD,2022-09-24 14:10,16.1,65,
_1828,LJUBLJANA - BEŽIGRAD,2022-09-24 14:20,16.1,63,
_1828,LJUBLJANA - BEŽIGRAD,2022-09-24 14:30,16.1,64,0
_1828,LJUBLJANA - BEŽIGRAD,2022-09-24 14:40,16.1,65,
_1828,LJUBLJANA - BEŽIGRAD,2022-09-24 14:50,16,66,
_1828,LJUBLJANA - BEŽIGRAD,2022-09-24 15:00,16.1,66,0
_1828,LJUBLJANA - BEŽIGRAD,2022-09-24 15:10,16.2,66,
_1828,LJUBLJANA - BEŽIGRAD,2022-09-24 15:20,16.2,66,
_1828,LJUBLJANA - BEŽIGRAD,2022-09-24 15:30,16.3,66,0
_1828,LJUBLJANA - BEŽIGRAD,2022-09-24 15:40,16.3,66,
_1828,LJUBLJANA - BEŽIGRAD,2022-09-24 15:50,16.3,66,
_1828,LJUBLJANA - BEŽIGRAD,2022-09-24 16:00,16.4,66,0
_1828,LJUBLJANA - BEŽIGRAD,2022-09-24 16:10,16.4,66,
_1828,LJUBLJANA - BEŽIGRAD,2022-09-24 16:20,16.4,66,
_1828,LJUBLJANA - BEŽIGRAD,2022-09-24 16:30,16.3,66,0
_1828,LJUBLJANA - BEŽIGRAD,2022-09-24 16:40,16.3,66,
_1828,LJUBLJANA - BEŽIGRAD,2022-09-24 16:50,16.2,67,
_1828,LJUBLJANA - BEŽIGRAD,2022-09-24 17:00,16.1,67,0
_1828,LJUBLJANA - BEŽIGRAD,2022-09-24 17:10,15.9,69,
_1828,LJUBLJANA - BEŽIGRAD,2022-09-24 17:20,15.8,70,
_1828,LJUBLJANA - BEŽIGRAD,2022-09-24 17:30,15.7,70,0
_1828,LJUBLJANA - BEŽIGRAD,2022-09-24 17:40,15.5,71,
_1828,LJUBLJANA - BEŽIGRAD,2022-09-24 17:50,15.3,73,
_1828,LJUBLJANA - BEŽIGRAD,2022-09-24 18:00,15.2,73,0
_1828,LJUBLJANA - BEŽIGRAD,2022-09-24 18:10,15.2,73,
_1828,LJUBLJANA - BEŽIGRAD,2022-09-24 18:20,15.2,73,
_1828,LJUBLJANA - BEŽIGRAD,2022-09-24 18:30,15.1,74,0
_1828,LJUBLJANA - BEŽIGRAD,2022-09-24 18:40,14.9,75,
_1828,LJUBLJANA - BEŽIGRAD,2022-09-24 18:50,14.8,75,
_1828,LJUBLJANA - BEŽIGRAD,2022-09-24 19:00,14.7,76,0
_1828,LJUBLJANA - BEŽIGRAD,2022-09-24 19:10,14.7,77,
_1828,LJUBLJANA - BEŽIGRAD,2022-09-24 19:20,14.8,77,
_1828,LJUBLJANA - BEŽIGRAD,2022-09-24 19:30,14.9,77,0
_1828,LJUBLJANA - BEŽIGRAD,2022-09-24 19:40,15,78,
_1828,LJUBLJANA - BEŽIGRAD,2022-09-24 19:50,14.9,80,
_1828,LJUBLJANA - BEŽIGRAD,2022-09-24 20:00,15,79,0
_1828,LJUBLJANA - BEŽIGRAD,2022-09-24 20:10,15.1,78,
_1828,LJUBLJANA - BEŽIGRAD,2022-09-24 20:20,15.3,76,
_1828,LJUBLJANA - BEŽIGRAD,2022-09-24 20:30,15.2,77,0
_1828,LJUBLJANA - BEŽIGRAD,2022-09-24 20:40,15.1,77,
_1828,LJUBLJANA - BEŽIGRAD,2022-09-24 20:50,15.1,77,
_1828,LJUBLJANA - BEŽIGRAD,2022-09-24 21:00,15.1,74,0
_1828,LJUBLJANA - BEŽIGRAD,2022-09-24 21:10,15.2,72,
_1828,LJUBLJANA - BEŽIGRAD,2022-09-24 21:20,15.3,72,
_1828,LJUBLJANA - BEŽIGRAD,2022-09-24 21:30,15.2,74,0
_1828,LJUBLJANA - BEŽIGRAD,2022-09-24 21:40,15.1,75,
_1828,LJUBLJANA - BEŽIGRAD,2022-09-24 21:50,15,76,
_1828,LJUBLJANA - BEŽIGRAD,2022-09-24 22:00,14.9,77,0
_1828,LJUBLJANA - BEŽIGRAD,2022-09-24 22:10,14.9,78,
_1828,LJUBLJANA - BEŽIGRAD,2022-09-24 22:20,14.8,79,
_1828,LJUBLJANA - BEŽIGRAD,2022-09-24 22:30,14.8,80,0
_1828,LJUBLJANA - BEŽIGRAD,2022-09-24 22:40,14.7,81,
_1828,LJUBLJANA - BEŽIGRAD,2022-09-24 22:50,14.7,81,
_1828,LJUBLJANA - BEŽIGRAD,2022-09-24 23:00,14.7,81,0
_1828,LJUBLJANA - BEŽIGRAD,2022-09-24 23:10,14.6,82,
_1828,LJUBLJANA - BEŽIGRAD,2022-09-24 23:20,14.5,83,
_1828,LJUBLJANA - BEŽIGRAD,2022-09-24 23:30,14.5,82,0
_1828,LJUBLJANA - BEŽIGRAD,2022-09-24 23:40,14.5,82,
_1828,LJUBLJANA - BEŽIGRAD,2022-09-24 23:50,14.5,82,
_1828,LJUBLJANA - BEŽIGRAD,2022-09-25 00:00,14.5,81,0
_1828,LJUBLJANA - BEŽIGRAD,2022-09-25 00:10,14.5,80,
_1828,LJUBLJANA - BEŽIGRAD,2022-09-25 00:20,14.5,80,
_1828,LJUBLJANA - BEŽIGRAD,2022-09-25 00:30,14.3,82,0
_1828,LJUBLJANA - BEŽIGRAD,2022-09-25 00:40,14,85,
_1828,LJUBLJANA - BEŽIGRAD,2022-09-25 00:50,13.7,86,
_1828,LJUBLJANA - BEŽIGRAD,2022-09-25 01:00,13.6,87,0
_1828,LJUBLJANA - BEŽIGRAD,2022-09-25 01:10,13.4,87,
_1828,LJUBLJANA - BEŽIGRAD,2022-09-25 01:20,13.4,88,
_1828,LJUBLJANA - BEŽIGRAD,2022-09-25 01:30,13.4,89,0
_1828,LJUBLJANA - BEŽIGRAD,2022-09-25 01:40,13.3,89,
_1828,LJUBLJANA - BEŽIGRAD,2022-09-25 01:50,13.3,89,
_1828,LJUBLJANA - BEŽIGRAD,2022-09-25 02:00,13.3,89,0
_1828,LJUBLJANA - BEŽIGRAD,2022-09-25 02:10,13.3,90,
_1828,LJUBLJANA - BEŽIGRAD,2022-09-25 02:20,13.2,90,
_1828,LJUBLJANA - BEŽIGRAD,2022-09-25 02:30,13.2,91,0.1
_1828,LJUBLJANA - BEŽIGRAD,2022-09-25 02:40,13.2,91,
_1828,LJUBLJANA - BEŽIGRAD,2022-09-25 02:50,13.1,92,
_1828,LJUBLJANA - BEŽIGRAD,2022-09-25 03:00,13.1,93,0.1
_1828,LJUBLJANA - BEŽIGRAD,2022-09-25 03:10,13,94,
_1828,LJUBLJANA - BEŽIGRAD,2022-09-25 03:20,12.9,94,
_1828,LJUBLJANA - BEŽIGRAD,2022-09-25 03:30,12.8,95,0.8
_1828,LJUBLJANA - BEŽIGRAD,2022-09-25 03:40,12.8,96,
_1828,LJUBLJANA - BEŽIGRAD,2022-09-25 03:50,12.7,96,
_1828,LJUBLJANA - BEŽIGRAD,2022-09-25 04:00,12.7,96,0.4
_1828,LJUBLJANA - BEŽIGRAD,2022-09-25 04:10,12.6,97,
_1828,LJUBLJANA - BEŽIGRAD,2022-09-25 04:20,12.6,97,
_1828,LJUBLJANA - BEŽIGRAD,2022-09-25 04:30,12.6,97,0
_1828,LJUBLJANA - BEŽIGRAD,2022-09-25 04:40,12.6,97,
_1828,LJUBLJANA - BEŽIGRAD,2022-09-25 04:50,12.6,97,
_1828,LJUBLJANA - BEŽIGRAD,2022-09-25 05:00,12.6,96,0
_1828,LJUBLJANA - BEŽIGRAD,2022-09-25 05:10,12.5,96,
_1828,LJUBLJANA - BEŽIGRAD,2022-09-25 05:20,12.5,96,
_1828,LJUBLJANA - BEŽIGRAD,2022-09-25 05:30,12.5,97,0.3
_1828,LJUBLJANA - BEŽIGRAD,2022-09-25 05:40,12.5,96,
_1828,LJUBLJANA - BEŽIGRAD,2022-09-25 05:50,12.5,96,
_1828,LJUBLJANA - BEŽIGRAD,2022-09-25 06:00,12.5,97,0.2
_1828,LJUBLJANA - BEŽIGRAD,2022-09-25 06:10,12.5,96,
_1828,LJUBLJANA - BEŽIGRAD,2022-09-25 06:20,12.5,97,
_1828,LJUBLJANA - BEŽIGRAD,2022-09-25 06:30,12.4,97,0.2
_1828,LJUBLJANA - BEŽIGRAD,2022-09-25 06:40,12.4,96,
_1828,LJUBLJANA - BEŽIGRAD,2022-09-25 06:50,12.4,97,
_1828,LJUBLJANA - BEŽIGRAD,2022-09-25 07:00,12.4,97,1.4
_1828,LJUBLJANA - BEŽIGRAD,2022-09-25 07:10,12.4,97,
_1828,LJUBLJANA - BEŽIGRAD,2022-09-25 07:20,12.4,97,
_1828,LJUBLJANA - BEŽIGRAD,2022-09-25 07:30,12.4,97,1.3
_1828,LJUBLJANA - BEŽIGRAD,2022-09-25 07:40,12.2,96,
_1828,LJUBLJANA - BEŽIGRAD,2022-09-25 07:50,12.3,96,
_1828,LJUBLJANA - BEŽIGRAD,2022-09-25 08:00,12.2,96,0.5
_1828,LJUBLJANA - BEŽIGRAD,2022-09-25 08:10,12,96,
_1828,LJUBLJANA - BEŽIGRAD,2022-09-25 08:20,12,96,
_1828,LJUBLJANA - BEŽIGRAD,2022-09-25 08:30,12,96,0.1
_1828,LJUBLJANA - BEŽIGRAD,2022-09-25 08:40,12,96,
_1828,LJUBLJANA - BEŽIGRAD,2022-09-25 08:50,12,96,
_1828,LJUBLJANA - BEŽIGRAD,2022-09-25 09:00,12,97,1.4
_1828,LJUBLJANA - BEŽIGRAD,2022-09-25 09:10,12,96,
_1828,LJUBLJANA - BEŽIGRAD,2022-09-25 09:20,12,96,
_1828,LJUBLJANA - BEŽIGRAD,2022-09-25 09:30,12.1,96,1.6
_1828,LJUBLJANA - BEŽIGRAD,2022-09-25 09:40,12.1,96,
_1828,LJUBLJANA - BEŽIGRAD,2022-09-25 09:50,12,96,
_1828,LJUBLJANA - BEŽIGRAD,2022-09-25 10:00,12,96,1.6
_1828,LJUBLJANA - BEŽIGRAD,2022-09-25 10:10,11.9,96,
_1828,LJUBLJANA - BEŽIGRAD,2022-09-25 10:20,12,96,
_1828,LJUBLJANA - BEŽIGRAD,2022-09-25 10:30,12,96,2.6
_1828,LJUBLJANA - BEŽIGRAD,2022-09-25 10:40,12.2,96,
_1828,LJUBLJANA - BEŽIGRAD,2022-09-25 10:50,12.2,96,
_1828,LJUBLJANA - BEŽIGRAD,2022-09-25 11:00,12.3,96,0.9
_1828,LJUBLJANA - BEŽIGRAD,2022-09-25 11:10,12.4,96,
_1828,LJUBLJANA - BEŽIGRAD,2022-09-25 11:20,12.4,96,
_1828,LJUBLJANA - BEŽIGRAD,2022-09-25 11:30,12.4,96,1.2
_1828,LJUBLJANA - BEŽIGRAD,2022-09-25 11:40,12.4,96,
_1828,LJUBLJANA - BEŽIGRAD,2022-09-25 11:50,12.4,96,
_1828,LJUBLJANA - BEŽIGRAD,2022-09-25 12:00,12.5,96,2.5
_1828,LJUBLJANA - BEŽIGRAD,2022-09-25 12:10,12.5,96,
_1828,LJUBLJANA - BEŽIGRAD,2022-09-25 12:20,12.6,96,
_1828,LJUBLJANA - BEŽIGRAD,2022-09-25 12:30,12.6,96,2
_1828,LJUBLJANA - BEŽIGRAD,2022-09-25 12:40,12.6,95,
_1828,LJUBLJANA - BEŽIGRAD,2022-09-25 12:50,12.7,96,
_1828,LJUBLJANA - BEŽIGRAD,2022-09-25 13:00,12.7,96,1.6
_1828,LJUBLJANA - BEŽIGRAD,2022-09-25 13:10,12.7,95,
_1828,LJUBLJANA - BEŽIGRAD,2022-09-25 13:20,12.8,96,
_1828,LJUBLJANA - BEŽIGRAD,2022-09-25 13:30,12.8,95,2.8
_1828,LJUBLJANA - BEŽIGRAD,2022-09-25 13:40,12.8,95,
_1828,LJUBLJANA - BEŽIGRAD,2022-09-25 13:50,12.7,95,
_1828,LJUBLJANA - BEŽIGRAD,2022-09-25 14:00,12.8,95,3.5
_1828,LJUBLJANA - BEŽIGRAD,2022-09-25 14:10,12.9,95,
_1828,LJUBLJANA - BEŽIGRAD,2022-09-25 14:20,12.9,95,
_1828,LJUBLJANA - BEŽIGRAD,2022-09-25 14:30,13,95,2.7
_1828,LJUBLJANA - BEŽIGRAD,2022-09-25 14:40,13,94,
_1828,LJUBLJANA - BEŽIGRAD,2022-09-25 14:50,13.1,94,
_1828,LJUBLJANA - BEŽIGRAD,2022-09-25 15:00,13.1,94,0.5
_1828,LJUBLJANA - BEŽIGRAD,2022-09-25 15:10,13.2,94,
_1828,LJUBLJANA - BEŽIGRAD,2022-09-25 15:20,13.2,94,
_1828,LJUBLJANA - BEŽIGRAD,2022-09-25 15:30,13.1,94,0
_1828,LJUBLJANA - BEŽIGRAD,2022-09-25 15:40,13.1,94,
_1828,LJUBLJANA - BEŽIGRAD,2022-09-25 15:50,13,93,
_1828,LJUBLJANA - BEŽIGRAD,2022-09-25 16:00,13.1,94,0
_1828,LJUBLJANA - BEŽIGRAD,2022-09-25 16:10,13.1,94,
_1828,LJUBLJANA - BEŽIGRAD,2022-09-25 16:20,13,93,
_1828,LJUBLJANA - BEŽIGRAD,2022-09-25 16:30,13,93,0.8
_1828,LJUBLJANA - BEŽIGRAD,2022-09-25 16:40,12.9,94,
_1828,LJUBLJANA - BEŽIGRAD,2022-09-25 16:50,12.9,94,
_1828,LJUBLJANA - BEŽIGRAD,2022-09-25 17:00,12.8,94,2.2
_1828,LJUBLJANA - BEŽIGRAD,2022-09-25 17:10,12.8,95,
_1828,LJUBLJANA - BEŽIGRAD,2022-09-25 17:20,12.7,95,
_1828,LJUBLJANA - BEŽIGRAD,2022-09-25 17:30,12.5,95,1.5
_1828,LJUBLJANA - BEŽIGRAD,2022-09-25 17:40,12.5,95,
_1828,LJUBLJANA - BEŽIGRAD,2022-09-25 17:50,12.5,96,
_1828,LJUBLJANA - BEŽIGRAD,2022-09-25 18:00,12.5,95,0.2
_1828,LJUBLJANA - BEŽIGRAD,2022-09-25 18:10,12.5,96,
_1828,LJUBLJANA - BEŽIGRAD,2022-09-25 18:20,12.5,96,
_1828,LJUBLJANA - BEŽIGRAD,2022-09-25 18:30,12.5,96,0.4
_1828,LJUBLJANA - BEŽIGRAD,2022-09-25 18:40,12.5,96,
_1828,LJUBLJANA - BEŽIGRAD,2022-09-25 18:50,12.5,96,
_1828,LJUBLJANA - BEŽIGRAD,2022-09-25 19:00,12.5,96,1.6
_1828,LJUBLJANA - BEŽIGRAD,2022-09-25 19:10,12.5,96,
_1828,LJUBLJANA - BEŽIGRAD,2022-09-25 19:20,12.4,96,
_1828,LJUBLJANA - BEŽIGRAD,2022-09-25 19:30,12.5,97,3.9
_1828,LJUBLJANA - BEŽIGRAD,2022-09-25 19:40,12.4,97,
_1828,LJUBLJANA - BEŽIGRAD,2022-09-25 19:50,12.5,97,
_1828,LJUBLJANA - BEŽIGRAD,2022-09-25 20:00,12.5,97,3
_1828,LJUBLJANA - BEŽIGRAD,2022-09-25 20:10,12.6,97,
_1828,LJUBLJANA - BEŽIGRAD,2022-09-25 20:20,12.6,98,
_1828,LJUBLJANA - BEŽIGRAD,2022-09-25 20:30,12.6,97,2.6
_1828,LJUBLJANA - BEŽIGRAD,2022-09-25 20:40,12.6,97,
_1828,LJUBLJANA - BEŽIGRAD,2022-09-25 20:50,12.6,98,
_1828,LJUBLJANA - BEŽIGRAD,2022-09-25 21:00,12.6,97,0
_1828,LJUBLJANA - BEŽIGRAD,2022-09-25 21:10,12.7,97,
_1828,LJUBLJANA - BEŽIGRAD,2022-09-25 21:20,12.7,97,
_1828,LJUBLJANA - BEŽIGRAD,2022-09-25 21:30,12.7,97,0.1
_1828,LJUBLJANA - BEŽIGRAD,2022-09-25 21:40,12.8,97,
_1828,LJUBLJANA - BEŽIGRAD,2022-09-25 21:50,12.6,97,
_1828,LJUBLJANA - BEŽIGRAD,2022-09-25 22:00,12.5,97,0.6
_1828,LJUBLJANA - BEŽIGRAD,2022-09-25 22:10,12.5,97,
_1828,LJUBLJANA - BEŽIGRAD,2022-09-25 22:20,12.5,97,
_1828,LJUBLJANA - BEŽIGRAD,2022-09-25 22:30,12.4,97,3.3
_1828,LJUBLJANA - BEŽIGRAD,2022-09-25 22:40,12.4,97,
_1828,LJUBLJANA - BEŽIGRAD,2022-09-25 22:50,12.4,97,
_1828,LJUBLJANA - BEŽIGRAD,2022-09-25 23:00,12.4,97,3.6
_1828,LJUBLJANA - BEŽIGRAD,2022-09-25 23:10,12.4,97,
_1828,LJUBLJANA - BEŽIGRAD,2022-09-25 23:20,12.4,97,
_1828,LJUBLJANA - BEŽIGRAD,2022-09-25 23:30,12.5,97,0.3
_1828,LJUBLJANA - BEŽIGRAD,2022-09-25 23:40,12.5,97,
_1828,LJUBLJANA - BEŽIGRAD,2022-09-25 23:50,12.5,97,
_1828,LJUBLJANA - BEŽIGRAD,2022-09-26 00:00,12.5,97,0.3
_1828,LJUBLJANA - BEŽIGRAD,2022-09-26 00:10,12.5,97,
_1828,LJUBLJANA - BEŽIGRAD,2022-09-26 00:20,12.5,98,
_1828,LJUBLJANA - BEŽIGRAD,2022-09-26 00:30,12.6,97,3.1
_1828,LJUBLJANA - BEŽIGRAD,2022-09-26 00:40,12.6,97,
_1828,LJUBLJANA - BEŽIGRAD,2022-09-26 00:50,12.6,97,
_1828,LJUBLJANA - BEŽIGRAD,2022-09-26 01:00,12.6,97,1.4
_1828,LJUBLJANA - BEŽIGRAD,2022-09-26 01:10,12.6,98,
_1828,LJUBLJANA - BEŽIGRAD,2022-09-26 01:20,12.6,98,
_1828,LJUBLJANA - BEŽIGRAD,2022-09-26 01:30,12.6,97,1.2
_1828,LJUBLJANA - BEŽIGRAD,2022-09-26 01:40,12.6,97,
_1828,LJUBLJANA - BEŽIGRAD,2022-09-26 01:50,12.6,98,
_1828,LJUBLJANA - BEŽIGRAD,2022-09-26 02:00,12.6,98,0
_1828,LJUBLJANA - BEŽIGRAD,2022-09-26 02:10,12.7,97,
_1828,LJUBLJANA - BEŽIGRAD,2022-09-26 02:20,12.6,98,
_1828,LJUBLJANA - BEŽIGRAD,2022-09-26 02:30,12.7,97,0
_1828,LJUBLJANA - BEŽIGRAD,2022-09-26 02:40,12.7,97,
_1828,LJUBLJANA - BEŽIGRAD,2022-09-26 02:50,12.7,97,
_1828,LJUBLJANA - BEŽIGRAD,2022-09-26 03:00,12.6,97,1.5
_1828,LJUBLJANA - BEŽIGRAD,2022-09-26 03:10,12.6,97,
_1828,LJUBLJANA - BEŽIGRAD,2022-09-26 03:20,12.5,97,
_1828,LJUBLJANA - BEŽIGRAD,2022-09-26 03:30,12.5,97,0
_1828,LJUBLJANA - BEŽIGRAD,2022-09-26 03:40,12.5,97,
_1828,LJUBLJANA - BEŽIGRAD,2022-09-26 03:50,12.5,97,
_1828,LJUBLJANA - BEŽIGRAD,2022-09-26 04:00,12.5,97,0
_1828,LJUBLJANA - BEŽIGRAD,2022-09-26 04:10,12.5,97,
_1828,LJUBLJANA - BEŽIGRAD,2022-09-26 04:20,12.5,97,
_1828,LJUBLJANA - BEŽIGRAD,2022-09-26 04:30,12.4,97,0
_1828,LJUBLJANA - BEŽIGRAD,2022-09-26 04:40,12.4,97,
_1828,LJUBLJANA - BEŽIGRAD,2022-09-26 04:50,12.4,97,
_1828,LJUBLJANA - BEŽIGRAD,2022-09-26 05:00,12.4,97,0
_1828,LJUBLJANA - BEŽIGRAD,2022-09-26 05:10,12.4,97,
_1828,LJUBLJANA - BEŽIGRAD,2022-09-26 05:20,12.4,97,
_1828,LJUBLJANA - BEŽIGRAD,2022-09-26 05:30,12.4,97,0
_1828,LJUBLJANA - BEŽIGRAD,2022-09-26 05:40,12.5,97,
_1828,LJUBLJANA - BEŽIGRAD,2022-09-26 05:50,12.5,97,
_1828,LJUBLJANA - BEŽIGRAD,2022-09-26 06:00,12.5,98,0
_1828,LJUBLJANA - BEŽIGRAD,2022-09-26 06:10,12.5,97,
_1828,LJUBLJANA - BEŽIGRAD,2022-09-26 06:20,12.5,97,
_1828,LJUBLJANA - BEŽIGRAD,2022-09-26 06:30,12.4,97,0
_1828,LJUBLJANA - BEŽIGRAD,2022-09-26 06:40,12.4,97,
_1828,LJUBLJANA - BEŽIGRAD,2022-09-26 06:50,12.4,97,
_1828,LJUBLJANA - BEŽIGRAD,2022-09-26 07:00,12.4,97,0
_1828,LJUBLJANA - BEŽIGRAD,2022-09-26 07:10,12.5,97,
_1828,LJUBLJANA - BEŽIGRAD,2022-09-26 07:20,12.6,97,
_1828,LJUBLJANA - BEŽIGRAD,2022-09-26 07:30,12.7,96,0
_1828,LJUBLJANA - BEŽIGRAD,2022-09-26 07:40,12.8,96,
_1828,LJUBLJANA - BEŽIGRAD,2022-09-26 07:50,12.8,95,
_1828,LJUBLJANA - BEŽIGRAD,2022-09-26 08:00,12.8,95,0
_1828,LJUBLJANA - BEŽIGRAD,2022-09-26 08:10,12.9,95,
_1828,LJUBLJANA - BEŽIGRAD,2022-09-26 08:20,13,95,
_1828,LJUBLJANA - BEŽIGRAD,2022-09-26 08:30,13.1,93,0
_1828,LJUBLJANA - BEŽIGRAD,2022-09-26 08:40,13.2,93,
_1828,LJUBLJANA - BEŽIGRAD,2022-09-26 08:50,13.3,94,
_1828,LJUBLJANA - BEŽIGRAD,2022-09-26 09:00,13.3,93,0
_1828,LJUBLJANA - BEŽIGRAD,2022-09-26 09:10,13.4,92,
_1828,LJUBLJANA - BEŽIGRAD,2022-09-26 09:20,13.5,92,
_1828,LJUBLJANA - BEŽIGRAD,2022-09-26 09:30,13.5,93,0
_1828,LJUBLJANA - BEŽIGRAD,2022-09-26 09:40,13.6,93,
_1828,LJUBLJANA - BEŽIGRAD,2022-09-26 09:50,13.9,93,
_1828,LJUBLJANA - BEŽIGRAD,2022-09-26 10:00,13.9,92,0
_1828,LJUBLJANA - BEŽIGRAD,2022-09-26 10:10,14,92,
_1828,LJUBLJANA - BEŽIGRAD,2022-09-26 10:20,14.1,92,
_1828,LJUBLJANA - BEŽIGRAD,2022-09-26 10:30,14.1,91,0
_1828,LJUBLJANA - BEŽIGRAD,2022-09-26 10:40,14.3,91,
_1828,LJUBLJANA - BEŽIGRAD,2022-09-26 10:50,14.4,90,
_1828,LJUBLJANA - BEŽIGRAD,2022-09-26 11:00,14.6,90,0
_1828,LJUBLJANA - BEŽIGRAD,2022-09-26 11:10,14.6,88,
_1828,LJUBLJANA - BEŽIGRAD,2022-09-26 11:20,14.9,87,
_1828,LJUBLJANA - BEŽIGRAD,2022-09-26 11:30,15,87,0
_1828,LJUBLJANA - BEŽIGRAD,2022-09-26 11:40,15.1,86,
_1828,LJUBLJANA - BEŽIGRAD,2022-09-26 11:50,15.2,86,
_1828,LJUBLJANA - BEŽIGRAD,2022-09-26 12:00,15.3,86,0
_1828,LJUBLJANA - BEŽIGRAD,2022-09-26 12:10,15.6,84,
_1828,LJUBLJANA - BEŽIGRAD,2022-09-26 12:20,15.6,84,
_1828,LJUBLJANA - BEŽIGRAD,2022-09-26 12:30,15.7,83,0
_1828,LJUBLJANA - BEŽIGRAD,2022-09-26 12:40,15.6,83,
_1828,LJUBLJANA - BEŽIGRAD,2022-09-26 12:50,15.9,83,
_1828,LJUBLJANA - BEŽIGRAD,2022-09-26 13:00,16,82,0
_1828,LJUBLJANA - BEŽIGRAD,2022-09-26 13:10,16.1,81,
_1828,LJUBLJANA - BEŽIGRAD,2022-09-26 13:20,16.1,80,
_1828,LJUBLJANA - BEŽIGRAD,2022-09-26 13:30,16,81,0
_1828,LJUBLJANA - BEŽIGRAD,2022-09-26 13:40,16.1,81,
_1828,LJUBLJANA - BEŽIGRAD,2022-09-26 13:50,16.1,81,
_1828,LJUBLJANA - BEŽIGRAD,2022-09-26 14:00,16.5,80,0
_1828,LJUBLJANA - BEŽIGRAD,2022-09-26 14:10,16.7,79,
_1828,LJUBLJANA - BEŽIGRAD,2022-09-26 14:20,16.8,79,
_1828,LJUBLJANA - BEŽIGRAD,2022-09-26 14:30,16.8,79,0
_1828,LJUBLJANA - BEŽIGRAD,2022-09-26 14:40,16.9,78,
_1828,LJUBLJANA - BEŽIGRAD,2022-09-26 14:50,16.8,78,
_1828,LJUBLJANA - BEŽIGRAD,2022-09-26 15:00,16.8,77,0
_1828,LJUBLJANA - BEŽIGRAD,2022-09-26 15:10,16.7,78,
_1828,LJUBLJANA - BEŽIGRAD,2022-09-26 15:20,16.7,79,
_1828,LJUBLJANA - BEŽIGRAD,2022-09-26 15:30,16.4,84,0.7
_1828,LJUBLJANA - BEŽIGRAD,2022-09-26 15:40,16.1,87,
_1828,LJUBLJANA - BEŽIGRAD,2022-09-26 15:50,15.9,88,
_1828,LJUBLJANA - BEŽIGRAD,2022-09-26 16:00,15.8,90,1.9
_1828,LJUBLJANA - BEŽIGRAD,2022-09-26 16:10,15.8,90,
_1828,LJUBLJANA - BEŽIGRAD,2022-09-26 16:20,15.9,89,
_1828,LJUBLJANA - BEŽIGRAD,2022-09-26 16:30,16,89,0
_1828,LJUBLJANA - BEŽIGRAD,2022-09-26 16:40,15.9,90,
_1828,LJUBLJANA - BEŽIGRAD,2022-09-26 16:50,15.5,90,
_1828,LJUBLJANA - BEŽIGRAD,2022-09-26 17:00,15.1,86,0
_1828,LJUBLJANA - BEŽIGRAD,2022-09-26 17:10,14.9,85,
_1828,LJUBLJANA - BEŽIGRAD,2022-09-26 17:20,14.6,84,
_1828,LJUBLJANA - BEŽIGRAD,2022-09-26 17:30,14.3,85,0
_1828,LJUBLJANA - BEŽIGRAD,2022-09-26 17:40,14.1,87,
_1828,LJUBLJANA - BEŽIGRAD,2022-09-26 17:50,13.7,88,
_1828,LJUBLJANA - BEŽIGRAD,2022-09-26 18:00,13.6,89,0
_1828,LJUBLJANA - BEŽIGRAD,2022-09-26 18:10,13.5,88,
_1828,LJUBLJANA - BEŽIGRAD,2022-09-26 18:20,13.3,87,
_1828,LJUBLJANA - BEŽIGRAD,2022-09-26 18:30,13.1,88,0
_1828,LJUBLJANA - BEŽIGRAD,2022-09-26 18:40,12.7,91,
_1828,LJUBLJANA - BEŽIGRAD,2022-09-26 18:50,12.4,93,
_1828,LJUBLJANA - BEŽIGRAD,2022-09-26 19:00,12.2,93,0
_1828,LJUBLJANA - BEŽIGRAD,2022-09-26 19:10,12.1,94,
_1828,LJUBLJANA - BEŽIGRAD,2022-09-26 19:20,12.1,94,
_1828,LJUBLJANA - BEŽIGRAD,2022-09-26 19:30,12,94,0
_1828,LJUBLJANA - BEŽIGRAD,2022-09-26 19:40,11.9,94,
_1828,LJUBLJANA - BEŽIGRAD,2022-09-26 19:50,11.9,93,
_1828,LJUBLJANA - BEŽIGRAD,2022-09-26 20:00,12,93,0
_1828,LJUBLJANA - BEŽIGRAD,2022-09-26 20:10,12,93,
_1828,LJUBLJANA - BEŽIGRAD,2022-09-26 20:20,12,92,
_1828,LJUBLJANA - BEŽIGRAD,2022-09-26 20:30,12,92,0
_1828,LJUBLJANA - BEŽIGRAD,2022-09-26 20:40,12,91,
_1828,LJUBLJANA - BEŽIGRAD,2022-09-26 20:50,12.1,92,
_1828,LJUBLJANA - BEŽIGRAD,2022-09-26 21:00,12,92,0
_1828,LJUBLJANA - BEŽIGRAD,2022-09-26 21:10,12,92,
_1828,LJUBLJANA - BEŽIGRAD,2022-09-26 21:20,12,93,
_1828,LJUBLJANA - BEŽIGRAD,2022-09-26 21:30,12,94,0
_1828,LJUBLJANA - BEŽIGRAD,2022-09-26 21:40,11.9,93,
_1828,LJUBLJANA - BEŽIGRAD,2022-09-26 21:50,11.9,93,
_1828,LJUBLJANA - BEŽIGRAD,2022-09-26 22:00,11.9,93,0
_1828,LJUBLJANA - BEŽIGRAD,2022-09-26 22:10,11.9,91,
_1828,LJUBLJANA - BEŽIGRAD,2022-09-26 22:20,11.9,92,
_1828,LJUBLJANA - BEŽIGRAD,2022-09-26 22:30,11.9,91,0
_1828,LJUBLJANA - BEŽIGRAD,2022-09-26 22:40,11.8,91,
_1828,LJUBLJANA - BEŽIGRAD,2022-09-26 22:50,11.8,91,
_1828,LJUBLJANA - BEŽIGRAD,2022-09-26 23:00,11.8,91,0
_1828,LJUBLJANA - BEŽIGRAD,2022-09-26 23:10,11.8,91,
_1828,LJUBLJANA - BEŽIGRAD,2022-09-26 23:20,11.7,91,
_1828,LJUBLJANA - BEŽIGRAD,2022-09-26 23:30,11.7,92,0
_1828,LJUBLJANA - BEŽIGRAD,2022-09-26 23:40,11.7,92,
_1828,LJUBLJANA - BEŽIGRAD,2022-09-26 23:50,11.7,92,
_1828,LJUBLJANA - BEŽIGRAD,2022-09-27 00:00,11.8,92,0
_1828,LJUBLJANA - BEŽIGRAD,2022-09-27 00:10,11.7,91,
_1828,LJUBLJANA - BEŽIGRAD,2022-09-27 00:20,11.7,92,
_1828,LJUBLJANA - BEŽIGRAD,2022-09-27 00:30,11.6,91,0
_1828,LJUBLJANA - BEŽIGRAD,2022-09-27 00:40,11.6,92,
_1828,LJUBLJANA - BEŽIGRAD,2022-09-27 00:50,11.6,92,
_1828,LJUBLJANA - BEŽIGRAD,2022-09-27 01:00,11.6,92,0.1
_1828,LJUBLJANA - BEŽIGRAD,2022-09-27 01:10,11.5,93,
_1828,LJUBLJANA - BEŽIGRAD,2022-09-27 01:20,11.5,94,
_1828,LJUBLJANA - BEŽIGRAD,2022-09-27 01:30,11.5,95,2.2
_1828,LJUBLJANA - BEŽIGRAD,2022-09-27 01:40,11.6,96,
_1828,LJUBLJANA - BEŽIGRAD,2022-09-27 01:50,11.7,96,
_1828,LJUBLJANA - BEŽIGRAD,2022-09-27 02:00,11.8,97,4.1
_1828,LJUBLJANA - BEŽIGRAD,2022-09-27 02:10,11.8,96,
_1828,LJUBLJANA - BEŽIGRAD,2022-09-27 02:20,11.8,97,
_1828,LJUBLJANA - BEŽIGRAD,2022-09-27 02:30,11.7,96,0
_1828,LJUBLJANA - BEŽIGRAD,2022-09-27 02:40,11.7,96,
_1828,LJUBLJANA - BEŽIGRAD,2022-09-27 02:50,11.7,96,
_1828,LJUBLJANA - BEŽIGRAD,2022-09-27 03:00,11.8,96,0.1
_1828,LJUBLJANA - BEŽIGRAD,2022-09-27 03:10,11.7,97,
_1828,LJUBLJANA - BEŽIGRAD,2022-09-27 03:20,11.7,97,
_1828,LJUBLJANA - BEŽIGRAD,2022-09-27 03:30,11.7,97,1.3
_1828,LJUBLJANA - BEŽIGRAD,2022-09-27 03:40,11.6,97,
_1828,LJUBLJANA - BEŽIGRAD,2022-09-27 03:50,11.5,97,
_1828,LJUBLJANA - BEŽIGRAD,2022-09-27 04:00,11.5,97,0.4
_1828,LJUBLJANA - BEŽIGRAD,2022-09-27 04:10,11.5,97,
_1828,LJUBLJANA - BEŽIGRAD,2022-09-27 04:20,11.5,97,
_1828,LJUBLJANA - BEŽIGRAD,2022-09-27 04:30,11.5,96,0
_1828,LJUBLJANA - BEŽIGRAD,2022-09-27 04:40,11.4,97,
_1828,LJUBLJANA - BEŽIGRAD,2022-09-27 04:50,11.3,97,
_1828,LJUBLJANA - BEŽIGRAD,2022-09-27 05:00,11.3,97,0
_1828,LJUBLJANA - BEŽIGRAD,2022-09-27 05:10,11.4,97,
_1828,LJUBLJANA - BEŽIGRAD,2022-09-27 05:20,11.5,97,
_1828,LJUBLJANA - BEŽIGRAD,2022-09-27 05:30,11.5,97,0
_1828,LJUBLJANA - BEŽIGRAD,2022-09-27 05:40,11.5,97,
_1828,LJUBLJANA - BEŽIGRAD,2022-09-27 05:50,11.5,97,
_1828,LJUBLJANA - BEŽIGRAD,2022-09-27 06:00,11.5,97,0
_1828,LJUBLJANA - BEŽIGRAD,2022-09-27 06:10,11.5,97,
_1828,LJUBLJANA - BEŽIGRAD,2022-09-27 06:20,11.5,97,
_1828,LJUBLJANA - BEŽIGRAD,2022-09-27 06:30,11.6,97,0
_1828,LJUBLJANA - BEŽIGRAD,2022-09-27 06:40,11.6,97,
_1828,LJUBLJANA - BEŽIGRAD,2022-09-27 06:50,11.6,96,
_1828,LJUBLJANA - BEŽIGRAD,2022-09-27 07:00,11.6,96,0
_1828,LJUBLJANA - BEŽIGRAD,2022-09-27 07:10,11.6,96,
_1828,LJUBLJANA - BEŽIGRAD,2022-09-27 07:20,11.7,95,
_1828,LJUBLJANA - BEŽIGRAD,2022-09-27 07:30,11.7,95,0
_1828,LJUBLJANA - BEŽIGRAD,2022-09-27 07:40,11.7,94,
_1828,LJUBLJANA - BEŽIGRAD,2022-09-27 07:50,11.9,95,
_1828,LJUBLJANA - BEŽIGRAD,2022-09-27 08:00,11.9,94,0
_1828,LJUBLJANA - BEŽIGRAD,2022-09-27 08:10,11.9,93,
_1828,LJUBLJANA - BEŽIGRAD,2022-09-27 08:20,12.1,93,
_1828,LJUBLJANA - BEŽIGRAD,2022-09-27 08:30,12.1,92,0
_1828,LJUBLJANA - BEŽIGRAD,2022-09-27 08:40,12.2,92,
_1828,LJUBLJANA - BEŽIGRAD,2022-09-27 08:50,12.3,92,
_1828,LJUBLJANA - BEŽIGRAD,2022-09-27 09:00,12.4,92,0.2
_1828,LJUBLJANA - BEŽIGRAD,2022-09-27 09:10,12.5,92,
_1828,LJUBLJANA - BEŽIGRAD,2022-09-27 09:20,12.7,92,
_1828,LJUBLJANA - BEŽIGRAD,2022-09-27 09:30,12.6,90,0.3
_1828,LJUBLJANA - BEŽIGRAD,2022-09-27 09:40,12.7,90,
_1828,LJUBLJANA - BEŽIGRAD,2022-09-27 09:50,12.9,92,
_1828,LJUBLJANA - BEŽIGRAD,2022-09-27 10:00,12.8,91,0.2
_1828,LJUBLJANA - BEŽIGRAD,2022-09-27 10:10,12.8,91,
_1828,LJUBLJANA - BEŽIGRAD,2022-09-27 10:20,12.7,92,
_1828,LJUBLJANA - BEŽIGRAD,2022-09-27 10:30,12.7,93,0.3
_1828,LJUBLJANA - BEŽIGRAD,2022-09-27 10:40,12.7,92,
_1828,LJUBLJANA - BEŽIGRAD,2022-09-27 10:50,12.6,93,
_1828,LJUBLJANA - BEŽIGRAD,2022-09-27 11:00,12.6,93,0.7
_1828,LJUBLJANA - BEŽIGRAD,2022-09-27 11:10,12.6,94,
_1828,LJUBLJANA - BEŽIGRAD,2022-09-27 11:20,12.4,94,
_1828,LJUBLJANA - BEŽIGRAD,2022-09-27 11:30,12.2,94,1.2
_1828,LJUBLJANA - BEŽIGRAD,2022-09-27 11:40,12.1,95,
_1828,LJUBLJANA - BEŽIGRAD,2022-09-27 11:50,12.1,95,
_1828,LJUBLJANA - BEŽIGRAD,2022-09-27 12:00,12.3,95,1
_1828,LJUBLJANA - BEŽIGRAD,2022-09-27 12:10,12.5,95,
_1828,LJUBLJANA - BEŽIGRAD,2022-09-27 12:20,12.7,94,
_1828,LJUBLJANA - BEŽIGRAD,2022-09-27 12:30,12.7,92,0
_1828,LJUBLJANA - BEŽIGRAD,2022-09-27 12:40,12.8,92,
_1828,LJUBLJANA - BEŽIGRAD,2022-09-27 12:50,13.1,91,
_1828,LJUBLJANA - BEŽIGRAD,2022-09-27 13:00,13.3,89,0.2
_1828,LJUBLJANA - BEŽIGRAD,2022-09-27 13:10,13.3,88,
_1828,LJUBLJANA - BEŽIGRAD,2022-09-27 13:20,13.3,89,
_1828,LJUBLJANA - BEŽIGRAD,2022-09-27 13:30,13.3,91,0
_1828,LJUBLJANA - BEŽIGRAD,2022-09-27 13:40,13.3,90,
_1828,LJUBLJANA - BEŽIGRAD,2022-09-27 13:50,13.3,90,
_1828,LJUBLJANA - BEŽIGRAD,2022-09-27 14:00,13.1,92,0.7
_1828,LJUBLJANA - BEŽIGRAD,2022-09-27 14:10,13,92,
_1828,LJUBLJANA - BEŽIGRAD,2022-09-27 14:20,13,92,
_1828,LJUBLJANA - BEŽIGRAD,2022-09-27 14:30,12.8,87,0.1
_1828,LJUBLJANA - BEŽIGRAD,2022-09-27 14:40,12.7,86,
_1828,LJUBLJANA - BEŽIGRAD,2022-09-27 14:50,12.7,85,
_1828,LJUBLJANA - BEŽIGRAD,2022-09-27 15:00,12.7,84,0
_1828,LJUBLJANA - BEŽIGRAD,2022-09-27 15:10,12.6,83,
_1828,LJUBLJANA - BEŽIGRAD,2022-09-27 15:20,12.5,83,
_1828,LJUBLJANA - BEŽIGRAD,2022-09-27 15:30,12.4,84,0
_1828,LJUBLJANA - BEŽIGRAD,2022-09-27 15:40,12.3,83,
_1828,LJUBLJANA - BEŽIGRAD,2022-09-27 15:50,12.1,83,
_1828,LJUBLJANA - BEŽIGRAD,2022-09-27 16:00,12.1,84,0
_1828,LJUBLJANA - BEŽIGRAD,2022-09-27 16:10,12.1,84,
_1828,LJUBLJANA - BEŽIGRAD,2022-09-27 16:20,12.1,80,
_1828,LJUBLJANA - BEŽIGRAD,2022-09-27 16:30,11.9,81,0
_1828,LJUBLJANA - BEŽIGRAD,2022-09-27 16:40,11.6,85,
_1828,LJUBLJANA - BEŽIGRAD,2022-09-27 16:50,11.3,86,
_1828,LJUBLJANA - BEŽIGRAD,2022-09-27 17:00,11.2,87,0.1
_1828,LJUBLJANA - BEŽIGRAD,2022-09-27 17:10,10.9,89,
_1828,LJUBLJANA - BEŽIGRAD,2022-09-27 17:20,10.8,90,
_1828,LJUBLJANA - BEŽIGRAD,2022-09-27 17:30,10.7,91,1.5
_1828,LJUBLJANA - BEŽIGRAD,2022-09-27 17:40,10.6,91,
_1828,LJUBLJANA - BEŽIGRAD,2022-09-27 17:50,10.6,92,
_1828,LJUBLJANA - BEŽIGRAD,2022-09-27 18:00,10.4,93,0
_1828,LJUBLJANA - BEŽIGRAD,2022-09-27 18:10,10.3,94,
_1828,LJUBLJANA - BEŽIGRAD,2022-09-27 18:20,10.4,93,
_1828,LJUBLJANA - BEŽIGRAD,2022-09-27 18:30,10.4,92,0
_1828,LJUBLJANA - BEŽIGRAD,2022-09-27 18:40,10.4,93,
_1828,LJUBLJANA - BEŽIGRAD,2022-09-27 18:50,10.4,93,
_1828,LJUBLJANA - BEŽIGRAD,2022-09-27 19:00,10.5,94,0
_1828,LJUBLJANA - BEŽIGRAD,2022-09-27 19:10,10.5,94,
_1828,LJUBLJANA - BEŽIGRAD,2022-09-27 19:20,10.6,94,
_1828,LJUBLJANA - BEŽIGRAD,2022-09-27 19:30,10.6,93,0
_1828,LJUBLJANA - BEŽIGRAD,2022-09-27 19:40,10.5,95,
_1828,LJUBLJANA - BEŽIGRAD,2022-09-27 19:50,10.4,95,
_1828,LJUBLJANA - BEŽIGRAD,2022-09-27 20:00,10.4,95,0
_1828,LJUBLJANA - BEŽIGRAD,2022-09-27 20:10,10.4,94,
_1828,LJUBLJANA - BEŽIGRAD,2022-09-27 20:20,10.3,95,
_1828,LJUBLJANA - BEŽIGRAD,2022-09-27 20:30,10.3,95,0
_1828,LJUBLJANA - BEŽIGRAD,2022-09-27 20:40,10.2,95,
_1828,LJUBLJANA - BEŽIGRAD,2022-09-27 20:50,10.3,95,
_1828,LJUBLJANA - BEŽIGRAD,2022-09-27 21:00,10.3,95,0
_1828,LJUBLJANA - BEŽIGRAD,2022-09-27 21:10,10.3,96,
_1828,LJUBLJANA - BEŽIGRAD,2022-09-27 21:20,10.3,96,
_1828,LJUBLJANA - BEŽIGRAD,2022-09-27 21:30,10.2,96,0
_1828,LJUBLJANA - BEŽIGRAD,2022-09-27 21:40,10.2,96,
_1828,LJUBLJANA - BEŽIGRAD,2022-09-27 21:50,10.2,96,
_1828,LJUBLJANA - BEŽIGRAD,2022-09-27 22:00,10.2,96,0
_1828,LJUBLJANA - BEŽIGRAD,2022-09-27 22:10,10.2,96,
_1828,LJUBLJANA - BEŽIGRAD,2022-09-27 22:20,10.2,96,
_1828,LJUBLJANA - BEŽIGRAD,2022-09-27 22:30,10.2,96,0
_1828,LJUBLJANA - BEŽIGRAD,2022-09-27 22:40,10.2,97,
_1828,LJUBLJANA - BEŽIGRAD,2022-09-27 22:50,10.1,97,
_1828,LJUBLJANA - BEŽIGRAD,2022-09-27 23:00,10.1,97,0
_1828,LJUBLJANA - BEŽIGRAD,2022-09-27 23:10,10,97,
_1828,LJUBLJANA - BEŽIGRAD,2022-09-27 23:20,9.9,97,
_1828,LJUBLJANA - BEŽIGRAD,2022-09-27 23:30,9.8,97,0
_1828,LJUBLJANA - BEŽIGRAD,2022-09-27 23:40,9.8,96,
_1828,LJUBLJANA - BEŽIGRAD,2022-09-27 23:50,9.7,96,
_1828,LJUBLJANA - BEŽIGRAD,2022-09-28 00:00,9.7,96,0
_1828,LJUBLJANA - BEŽIGRAD,2022-09-28 00:10,9.7,96,
_1828,LJUBLJANA - BEŽIGRAD,2022-09-28 00:20,9.7,96,
_1828,LJUBLJANA - BEŽIGRAD,2022-09-28 00:30,9.6,96,0
_1828,LJUBLJANA - BEŽIGRAD,2022-09-28 00:40,9.6,96,
_1828,LJUBLJANA - BEŽIGRAD,2022-09-28 00:50,9.6,97,
_1828,LJUBLJANA - BEŽIGRAD,2022-09-28 01:00,9.6,97,0
_1828,LJUBLJANA - BEŽIGRAD,2022-09-28 01:10,9.7,97,
_1828,LJUBLJANA - BEŽIGRAD,2022-09-28 01:20,9.7,97,
_1828,LJUBLJANA - BEŽIGRAD,2022-09-28 01:30,9.8,96,0
_1828,LJUBLJANA - BEŽIGRAD,2022-09-28 01:40,9.7,96,
_1828,LJUBLJANA - BEŽIGRAD,2022-09-28 01:50,9.5,96,
_1828,LJUBLJANA - BEŽIGRAD,2022-09-28 02:00,9.4,96,0
_1828,LJUBLJANA - BEŽIGRAD,2022-09-28 02:10,9.3,96,
_1828,LJUBLJANA - BEŽIGRAD,2022-09-28 02:20,9.3,96,
_1828,LJUBLJANA - BEŽIGRAD,2022-09-28 02:30,9.2,96,0
_1828,LJUBLJANA - BEŽIGRAD,2022-09-28 02:40,9.2,96,
_1828,LJUBLJANA - BEŽIGRAD,2022-09-28 02:50,9.2,97,
_1828,LJUBLJANA - BEŽIGRAD,2022-09-28 03:00,9.2,96,0
_1828,LJUBLJANA - BEŽIGRAD,2022-09-28 03:10,9,94,
_1828,LJUBLJANA - BEŽIGRAD,2022-09-28 03:20,8.9,95,
_1828,LJUBLJANA - BEŽIGRAD,2022-09-28 03:30,8.8,95,0
_1828,LJUBLJANA - BEŽIGRAD,2022-09-28 03:40,8.9,95,
_1828,LJUBLJANA - BEŽIGRAD,2022-09-28 03:50,8.9,95,
_1828,LJUBLJANA - BEŽIGRAD,2022-09-28 04:00,9,96,0
_1828,LJUBLJANA - BEŽIGRAD,2022-09-28 04:10,9,95,
_1828,LJUBLJANA - BEŽIGRAD,2022-09-28 04:20,8.9,95,
_1828,LJUBLJANA - BEŽIGRAD,2022-09-28 04:30,8.8,95,0
_1828,LJUBLJANA - BEŽIGRAD,2022-09-28 04:40,8.8,95,
_1828,LJUBLJANA - BEŽIGRAD,2022-09-28 04:50,8.9,95,
_1828,LJUBLJANA - BEŽIGRAD,2022-09-28 05:00,8.9,96,0
_1828,LJUBLJANA - BEŽIGRAD,2022-09-28 05:10,8.8,97,
_1828,LJUBLJANA - BEŽIGRAD,2022-09-28 05:20,8.8,97,
_1828,LJUBLJANA - BEŽIGRAD,2022-09-28 05:30,8.7,98,0
_1828,LJUBLJANA - BEŽIGRAD,2022-09-28 05:40,8.5,98,
_1828,LJUBLJANA - BEŽIGRAD,2022-09-28 05:50,8.4,98,
_1828,LJUBLJANA - BEŽIGRAD,2022-09-28 06:00,8.3,98,0
_1828,LJUBLJANA - BEŽIGRAD,2022-09-28 06:10,8.2,98,
_1828,LJUBLJANA - BEŽIGRAD,2022-09-28 06:20,8.2,98,
_1828,LJUBLJANA - BEŽIGRAD,2022-09-28 06:30,8.3,98,0
_1828,LJUBLJANA - BEŽIGRAD,2022-09-28 06:40,8.3,97,
_1828,LJUBLJANA - BEŽIGRAD,2022-09-28 06:50,8.4,97,
_1828,LJUBLJANA - BEŽIGRAD,2022-09-28 07:00,8.4,97,0
_1828,LJUBLJANA - BEŽIGRAD,2022-09-28 07:10,8.5,97,
_1828,LJUBLJANA - BEŽIGRAD,2022-09-28 07:20,8.7,96,
_1828,LJUBLJANA - BEŽIGRAD,2022-09-28 07:30,8.9,95,0
_1828,LJUBLJANA - BEŽIGRAD,2022-09-28 07:40,9.1,94,
_1828,LJUBLJANA - BEŽIGRAD,2022-09-28 07:50,9.4,94,
_1828,LJUBLJANA - BEŽIGRAD,2022-09-28 08:00,9.7,93,0
_1828,LJUBLJANA - BEŽIGRAD,2022-09-28 08:10,9.7,92,
_1828,LJUBLJANA - BEŽIGRAD,2022-09-28 08:20,9.8,91,
_1828,LJUBLJANA - BEŽIGRAD,2022-09-28 08:30,9.8,91,0
_1828,LJUBLJANA - BEŽIGRAD,2022-09-28 08:40,10,90,
_1828,LJUBLJANA - BEŽIGRAD,2022-09-28 08:50,10,90,
_1828,LJUBLJANA - BEŽIGRAD,2022-09-28 09:00,10,90,0
_1828,LJUBLJANA - BEŽIGRAD,2022-09-28 09:10,10,91,
_1828,LJUBLJANA - BEŽIGRAD,2022-09-28 09:20,10.1,90,
_1828,LJUBLJANA - BEŽIGRAD,2022-09-28 09:30,10.1,91,0
_1828,LJUBLJANA - BEŽIGRAD,2022-09-28 09:40,10.2,90,
_1828,LJUBLJANA - BEŽIGRAD,2022-09-28 09:50,10.3,90,
_1828,LJUBLJANA - BEŽIGRAD,2022-09-28 10:00,10.4,89,0
_1828,LJUBLJANA - BEŽIGRAD,2022-09-28 10:10,10.7,88,
_1828,LJUBLJANA - BEŽIGRAD,2022-09-28 10:20,10.8,86,
_1828,LJUBLJANA - BEŽIGRAD,2022-09-28 10:30,10.8,87,0
_1828,LJUBLJANA - BEŽIGRAD,2022-09-28 10:40,10.8,87,
_1828,LJUBLJANA - BEŽIGRAD,2022-09-28 10:50,11.1,87,
_1828,LJUBLJANA - BEŽIGRAD,2022-09-28 11:00,11.2,86,0
_1828,LJUBLJANA - BEŽIGRAD,2022-09-28 11:10,11.5,85,
_1828,LJUBLJANA - BEŽIGRAD,2022-09-28 11:20,11.7,84,
_1828,LJUBLJANA - BEŽIGRAD,2022-09-28 11:30,11.5,83,0
_1828,LJUBLJANA - BEŽIGRAD,2022-09-28 11:40,11.6,83,
_1828,LJUBLJANA - BEŽIGRAD,2022-09-28 11:50,12,82,
_1828,LJUBLJANA - BEŽIGRAD,2022-09-28 12:00,12.5,79,0
_1828,LJUBLJANA - BEŽIGRAD,2022-09-28 12:10,12.9,78,
_1828,LJUBLJANA - BEŽIGRAD,2022-09-28 12:20,13.2,76,
_1828,LJUBLJANA - BEŽIGRAD,2022-09-28 12:30,13.7,74,0
_1828,LJUBLJANA - BEŽIGRAD,2022-09-28 12:40,14.3,72,
_1828,LJUBLJANA - BEŽIGRAD,2022-09-28 12:50,14.1,73,
_1828,LJUBLJANA - BEŽIGRAD,2022-09-28 13:00,14.2,74,0
_1828,LJUBLJANA - BEŽIGRAD,2022-09-28 13:10,14,75,
_1828,LJUBLJANA - BEŽIGRAD,2022-09-28 13:20,13.7,76,
_1828,LJUBLJANA - BEŽIGRAD,2022-09-28 13:30,13.6,78,0
_1828,LJUBLJANA - BEŽIGRAD,2022-09-28 13:40,13.3,79,
_1828,LJUBLJANA - BEŽIGRAD,2022-09-28 13:50,13.3,80,
_1828,LJUBLJANA - BEŽIGRAD,2022-09-28 14:00,13.4,80,0
_1828,LJUBLJANA - BEŽIGRAD,2022-09-28 14:10,13.3,81,
_1828,LJUBLJANA - BEŽIGRAD,2022-09-28 14:20,13.4,81,
_1828,LJUBLJANA - BEŽIGRAD,2022-09-28 14:30,13.5,81,0
_1828,LJUBLJANA - BEŽIGRAD,2022-09-28 14:40,13.4,84,
_1828,LJUBLJANA - BEŽIGRAD,2022-09-28 14:50,13.4,86,
_1828,LJUBLJANA - BEŽIGRAD,2022-09-28 15:00,13.4,85,0
_1828,LJUBLJANA - BEŽIGRAD,2022-09-28 15:10,13.5,84,
_1828,LJUBLJANA - BEŽIGRAD,2022-09-28 15:20,13.6,85,
_1828,LJUBLJANA - BEŽIGRAD,2022-09-28 15:30,14,84,0
_1828,LJUBLJANA - BEŽIGRAD,2022-09-28 15:40,13.9,84,
_1828,LJUBLJANA - BEŽIGRAD,2022-09-28 15:50,14,84,
_1828,LJUBLJANA - BEŽIGRAD,2022-09-28 16:00,14.1,82,0
_1828,LJUBLJANA - BEŽIGRAD,2022-09-28 16:10,14.2,82,
_1828,LJUBLJANA - BEŽIGRAD,2022-09-28 16:20,14.2,82,
_1828,LJUBLJANA - BEŽIGRAD,2022-09-28 16:30,14,82,0
_1828,LJUBLJANA - BEŽIGRAD,2022-09-28 16:40,13.9,82,
_1828,LJUBLJANA - BEŽIGRAD,2022-09-28 16:50,13.9,83,
_1828,LJUBLJANA - BEŽIGRAD,2022-09-28 17:00,13.8,84,0
_1828,LJUBLJANA - BEŽIGRAD,2022-09-28 17:10,13.8,84,
_1828,LJUBLJANA - BEŽIGRAD,2022-09-28 17:20,13.8,84,
_1828,LJUBLJANA - BEŽIGRAD,2022-09-28 17:30,13.7,85,0
_1828,LJUBLJANA - BEŽIGRAD,2022-09-28 17:40,13.6,86,
_1828,LJUBLJANA - BEŽIGRAD,2022-09-28 17:50,13.4,87,
_1828,LJUBLJANA - BEŽIGRAD,2022-09-28 18:00,13.2,87,0
_1828,LJUBLJANA - BEŽIGRAD,2022-09-28 18:10,13,89,
_1828,LJUBLJANA - BEŽIGRAD,2022-09-28 18:20,12.9,89,
_1828,LJUBLJANA - BEŽIGRAD,2022-09-28 18:30,12.8,90,0
_1828,LJUBLJANA - BEŽIGRAD,2022-09-28 18:40,12.8,90,
_1828,LJUBLJANA - BEŽIGRAD,2022-09-28 18:50,12.7,91,
_1828,LJUBLJANA - BEŽIGRAD,2022-09-28 19:00,12.7,91,0
_1828,LJUBLJANA - BEŽIGRAD,2022-09-28 19:10,12.8,92,
_1828,LJUBLJANA - BEŽIGRAD,2022-09-28 19:20,12.8,92,
_1828,LJUBLJANA - BEŽIGRAD,2022-09-28 19:30,12.8,93,0
_1828,LJUBLJANA - BEŽIGRAD,2022-09-28 19:40,12.7,93,
_1828,LJUBLJANA - BEŽIGRAD,2022-09-28 19:50,12.7,93,
_1828,LJUBLJANA - BEŽIGRAD,2022-09-28 20:00,12.7,93,0
_1828,LJUBLJANA - BEŽIGRAD,2022-09-28 20:10,12.6,94,
_1828,LJUBLJANA - BEŽIGRAD,2022-09-28 20:20,12.7,94,
_1828,LJUBLJANA - BEŽIGRAD,2022-09-28 20:30,12.6,95,1.1
_1828,LJUBLJANA - BEŽIGRAD,2022-09-28 20:40,12.6,95,
_1828,LJUBLJANA - BEŽIGRAD,2022-09-28 20:50,12.6,95,
_1828,LJUBLJANA - BEŽIGRAD,2022-09-28 21:00,12.6,96,1.8
_1828,LJUBLJANA - BEŽIGRAD,2022-09-28 21:10,12.6,95,
_1828,LJUBLJANA - BEŽIGRAD,2022-09-28 21:20,12.6,95,
_1828,LJUBLJANA - BEŽIGRAD,2022-09-28 21:30,12.5,96,1.9
_1828,LJUBLJANA - BEŽIGRAD,2022-09-28 21:40,12.5,96,
_1828,LJUBLJANA - BEŽIGRAD,2022-09-28 21:50,12.4,97,
_1828,LJUBLJANA - BEŽIGRAD,2022-09-28 22:00,12.4,97,1.4
_1828,LJUBLJANA - BEŽIGRAD,2022-09-28 22:10,12.4,97,
_1828,LJUBLJANA - BEŽIGRAD,2022-09-28 22:20,12.4,97,
_1828,LJUBLJANA - BEŽIGRAD,2022-09-28 22:30,12.4,97,0.4
_1828,LJUBLJANA - BEŽIGRAD,2022-09-28 22:40,12.4,97,
_1828,LJUBLJANA - BEŽIGRAD,2022-09-28 22:50,12.5,97,
_1828,LJUBLJANA - BEŽIGRAD,2022-09-28 23:00,12.5,97,0.1
_1828,LJUBLJANA - BEŽIGRAD,2022-09-28 23:10,12.5,97,
_1828,LJUBLJANA - BEŽIGRAD,2022-09-28 23:20,12.4,97,
_1828,LJUBLJANA - BEŽIGRAD,2022-09-28 23:30,12.4,97,0
_1828,LJUBLJANA - BEŽIGRAD,2022-09-28 23:40,12.5,97,
_1828,LJUBLJANA - BEŽIGRAD,2022-09-28 23:50,12.4,97,
_1828,LJUBLJANA - BEŽIGRAD,2022-09-29 00:00,12.3,97,0
_1828,LJUBLJANA - BEŽIGRAD,2022-09-29 00:10,12.3,97,
_1828,LJUBLJANA - BEŽIGRAD,2022-09-29 00:20,12.3,97,
_1828,LJUBLJANA - BEŽIGRAD,2022-09-29 00:30,12.4,97,0
_1828,LJUBLJANA - BEŽIGRAD,2022-09-29 00:40,12.4,97,
_1828,LJUBLJANA - BEŽIGRAD,2022-09-29 00:50,12.4,97,
_1828,LJUBLJANA - BEŽIGRAD,2022-09-29 01:00,12.4,97,0
_1828,LJUBLJANA - BEŽIGRAD,2022-09-29 01:10,12.4,97,
_1828,LJUBLJANA - BEŽIGRAD,2022-09-29 01:20,12.5,97,
_1828,LJUBLJANA - BEŽIGRAD,2022-09-29 01:30,12.6,97,0.3
_1828,LJUBLJANA - BEŽIGRAD,2022-09-29 01:40,12.6,98,
_1828,LJUBLJANA - BEŽIGRAD,2022-09-29 01:50,12.6,97,
_1828,LJUBLJANA - BEŽIGRAD,2022-09-29 02:00,12.5,97,1.9
_1828,LJUBLJANA - BEŽIGRAD,2022-09-29 02:10,12.5,98,
_1828,LJUBLJANA - BEŽIGRAD,2022-09-29 02:20,12.5,97,
_1828,LJUBLJANA - BEŽIGRAD,2022-09-29 02:30,12.4,97,1
_1828,LJUBLJANA - BEŽIGRAD,2022-09-29 02:40,12.4,98,
_1828,LJUBLJANA - BEŽIGRAD,2022-09-29 02:50,12.4,97,
_1828,LJUBLJANA - BEŽIGRAD,2022-09-29 03:00,12.4,98,0
_1828,LJUBLJANA - BEŽIGRAD,2022-09-29 03:10,12.5,98,
_1828,LJUBLJANA - BEŽIGRAD,2022-09-29 03:20,12.5,97,
_1828,LJUBLJANA - BEŽIGRAD,2022-09-29 03:30,12.5,98,0
_1828,LJUBLJANA - BEŽIGRAD,2022-09-29 03:40,12.5,98,
_1828,LJUBLJANA - BEŽIGRAD,2022-09-29 03:50,12.5,97,
_1828,LJUBLJANA - BEŽIGRAD,2022-09-29 04:00,12.6,97,0
_1828,LJUBLJANA - BEŽIGRAD,2022-09-29 04:10,12.6,97,
_1828,LJUBLJANA - BEŽIGRAD,2022-09-29 04:20,12.7,97,
_1828,LJUBLJANA - BEŽIGRAD,2022-09-29 04:30,12.7,97,0.6
_1828,LJUBLJANA - BEŽIGRAD,2022-09-29 04:40,12.6,97,
_1828,LJUBLJANA - BEŽIGRAD,2022-09-29 04:50,12.6,97,
_1828,LJUBLJANA - BEŽIGRAD,2022-09-29 05:00,12.6,98,0.7
_1828,LJUBLJANA - BEŽIGRAD,2022-09-29 05:10,12.5,97,
_1828,LJUBLJANA - BEŽIGRAD,2022-09-29 05:20,12.5,98,
_1828,LJUBLJANA - BEŽIGRAD,2022-09-29 05:30,12.5,97,1
_1828,LJUBLJANA - BEŽIGRAD,2022-09-29 05:40,12.5,98,
_1828,LJUBLJANA - BEŽIGRAD,2022-09-29 05:50,12.5,98,
_1828,LJUBLJANA - BEŽIGRAD,2022-09-29 06:00,12.5,97,2.3
_1828,LJUBLJANA - BEŽIGRAD,2022-09-29 06:10,12.5,97,
_1828,LJUBLJANA - BEŽIGRAD,2022-09-29 06:20,12.5,98,
_1828,LJUBLJANA - BEŽIGRAD,2022-09-29 06:30,12.6,98,0.5
_1828,LJUBLJANA - BEŽIGRAD,2022-09-29 06:40,12.7,97,
_1828,LJUBLJANA - BEŽIGRAD,2022-09-29 06:50,12.7,97,
_1828,LJUBLJANA - BEŽIGRAD,2022-09-29 07:00,12.6,97,3.1
_1828,LJUBLJANA - BEŽIGRAD,2022-09-29 07:10,12.7,97,
_1828,LJUBLJANA - BEŽIGRAD,2022-09-29 07:20,12.7,98,
_1828,LJUBLJANA - BEŽIGRAD,2022-09-29 07:30,12.7,97,0.2
_1828,LJUBLJANA - BEŽIGRAD,2022-09-29 07:40,12.6,97,
_1828,LJUBLJANA - BEŽIGRAD,2022-09-29 07:50,12.6,97,
_1828,LJUBLJANA - BEŽIGRAD,2022-09-29 08:00,12.6,97,10.2
_1828,LJUBLJANA - BEŽIGRAD,2022-09-29 08:10,12.5,97,
_1828,LJUBLJANA - BEŽIGRAD,2022-09-29 08:20,12.5,97,
_1828,LJUBLJANA - BEŽIGRAD,2022-09-29 08:30,12.5,98,8.6
_1828,LJUBLJANA - BEŽIGRAD,2022-09-29 08:40,12.5,97,
_1828,LJUBLJANA - BEŽIGRAD,2022-09-29 08:50,12.5,97,
_1828,LJUBLJANA - BEŽIGRAD,2022-09-29 09:00,12.6,97,0.8
_1828,LJUBLJANA - BEŽIGRAD,2022-09-29 09:10,12.6,97,
_1828,LJUBLJANA - BEŽIGRAD,2022-09-29 09:20,12.7,97,
_1828,LJUBLJANA - BEŽIGRAD,2022-09-29 09:30,12.7,97,0.5
_1828,LJUBLJANA - BEŽIGRAD,2022-09-29 09:40,12.8,97,
_1828,LJUBLJANA - BEŽIGRAD,2022-09-29 09:50,12.8,97,
_1828,LJUBLJANA - BEŽIGRAD,2022-09-29 10:00,12.8,97,2.2
_1828,LJUBLJANA - BEŽIGRAD,2022-09-29 10:10,12.9,97,
_1828,LJUBLJANA - BEŽIGRAD,2022-09-29 10:20,12.9,97,
_1828,LJUBLJANA - BEŽIGRAD,2022-09-29 10:30,12.9,97,2.4
_1828,LJUBLJANA - BEŽIGRAD,2022-09-29 10:40,12.9,97,
_1828,LJUBLJANA - BEŽIGRAD,2022-09-29 10:50,12.8,97,
_1828,LJUBLJANA - BEŽIGRAD,2022-09-29 11:00,12.7,97,5
_1828,LJUBLJANA - BEŽIGRAD,2022-09-29 11:10,12.6,96,
_1828,LJUBLJANA - BEŽIGRAD,2022-09-29 11:20,12.5,97,
_1828,LJUBLJANA - BEŽIGRAD,2022-09-29 11:30,12.3,97,4.4
_1828,LJUBLJANA - BEŽIGRAD,2022-09-29 11:40,12.4,96,
_1828,LJUBLJANA - BEŽIGRAD,2022-09-29 11:50,12.2,96,
_1828,LJUBLJANA - BEŽIGRAD,2022-09-29 12:00,12.2,95,1.4
_1828,LJUBLJANA - BEŽIGRAD,2022-09-29 12:10,12.2,95,
_1828,LJUBLJANA - BEŽIGRAD,2022-09-29 12:20,12.1,95,
_1828,LJUBLJANA - BEŽIGRAD,2022-09-29 12:30,11.9,95,0.7
_1828,LJUBLJANA - BEŽIGRAD,2022-09-29 12:40,11.8,95,
_1828,LJUBLJANA - BEŽIGRAD,2022-09-29 12:50,11.4,95,
_1828,LJUBLJANA - BEŽIGRAD,2022-09-29 13:00,11.2,95,5.9
_1828,LJUBLJANA - BEŽIGRAD,2022-09-29 13:10,11.1,95,
_1828,LJUBLJANA - BEŽIGRAD,2022-09-29 13:20,11.1,95,
_1828,LJUBLJANA - BEŽIGRAD,2022-09-29 13:30,11.1,94,3.2
_1828,LJUBLJANA - BEŽIGRAD,2022-09-29 13:40,11.1,94,
_1828,LJUBLJANA - BEŽIGRAD,2022-09-29 13:50,11.2,94,
_1828,LJUBLJANA - BEŽIGRAD,2022-09-29 14:00,11.2,94,0.1
_1828,LJUBLJANA - BEŽIGRAD,2022-09-29 14:10,11.2,94,
_1828,LJUBLJANA - BEŽIGRAD,2022-09-29 14:20,11.2,95,
_1828,LJUBLJANA - BEŽIGRAD,2022-09-29 14:30,11,95,1.5
_1828,LJUBLJANA - BEŽIGRAD,2022-09-29 14:40,10.9,95,
_1828,LJUBLJANA - BEŽIGRAD,2022-09-29 14:50,10.8,95,
_1828,LJUBLJANA - BEŽIGRAD,2022-09-29 15:00,10.9,96,2.5
_1828,LJUBLJANA - BEŽIGRAD,2022-09-29 15:10,10.9,96,
_1828,LJUBLJANA - BEŽIGRAD,2022-09-29 15:20,10.8,96,
_1828,LJUBLJANA - BEŽIGRAD,2022-09-29 15:30,10.8,96,0.5
_1828,LJUBLJANA - BEŽIGRAD,2022-09-29 15:40,10.8,96,
_1828,LJUBLJANA - BEŽIGRAD,2022-09-29 15:50,10.7,95,
_1828,LJUBLJANA - BEŽIGRAD,2022-09-29 16:00,10.9,95,2.3
_1828,LJUBLJANA - BEŽIGRAD,2022-09-29 16:10,10.8,95,
_1828,LJUBLJANA - BEŽIGRAD,2022-09-29 16:20,10.8,95,
_1828,LJUBLJANA - BEŽIGRAD,2022-09-29 16:30,10.8,95,0.1
_1828,LJUBLJANA - BEŽIGRAD,2022-09-29 16:40,10.8,96,
_1828,LJUBLJANA - BEŽIGRAD,2022-09-29 16:50,10.8,96,
_1828,LJUBLJANA - BEŽIGRAD,2022-09-29 17:00,10.8,96,2.4
_1828,LJUBLJANA - BEŽIGRAD,2022-09-29 17:10,10.7,96,
_1828,LJUBLJANA - BEŽIGRAD,2022-09-29 17:20,10.7,96,
_1828,LJUBLJANA - BEŽIGRAD,2022-09-29 17:30,10.6,96,1.6
_1828,LJUBLJANA - BEŽIGRAD,2022-09-29 17:40,10.6,96,
_1828,LJUBLJANA - BEŽIGRAD,2022-09-29 17:50,10.6,96,
_1828,LJUBLJANA - BEŽIGRAD,2022-09-29 18:00,10.7,96,0.1
_1828,LJUBLJANA - BEŽIGRAD,2022-09-29 18:10,10.7,97,
_1828,LJUBLJANA - BEŽIGRAD,2022-09-29 18:20,10.7,97,
_1828,LJUBLJANA - BEŽIGRAD,2022-09-29 18:30,10.8,97,1.6
_1828,LJUBLJANA - BEŽIGRAD,2022-09-29 18:40,10.8,97,
_1828,LJUBLJANA - BEŽIGRAD,2022-09-29 18:50,10.8,97,
_1828,LJUBLJANA - BEŽIGRAD,2022-09-29 19:00,10.8,97,0
_1828,LJUBLJANA - BEŽIGRAD,2022-09-29 19:10,10.8,97,
_1828,LJUBLJANA - BEŽIGRAD,2022-09-29 19:20,10.8,96,
_1828,LJUBLJANA - BEŽIGRAD,2022-09-29 19:30,10.9,97,0
_1828,LJUBLJANA - BEŽIGRAD,2022-09-29 19:40,10.9,97,
_1828,LJUBLJANA - BEŽIGRAD,2022-09-29 19:50,11,97,
_1828,LJUBLJANA - BEŽIGRAD,2022-09-29 20:00,11,97,0
_1828,LJUBLJANA - BEŽIGRAD,2022-09-29 20:10,11,97,
_1828,LJUBLJANA - BEŽIGRAD,2022-09-29 20:20,11,97,
_1828,LJUBLJANA - BEŽIGRAD,2022-09-29 20:30,11,96,0
_1828,LJUBLJANA - BEŽIGRAD,2022-09-29 20:40,10.9,95,
_1828,LJUBLJANA - BEŽIGRAD,2022-09-29 20:50,10.9,95,
_1828,LJUBLJANA - BEŽIGRAD,2022-09-29 21:00,10.9,95,0
_1828,LJUBLJANA - BEŽIGRAD,2022-09-29 21:10,10.9,95,
_1828,LJUBLJANA - BEŽIGRAD,2022-09-29 21:20,11,96,
_1828,LJUBLJANA - BEŽIGRAD,2022-09-29 21:30,11,96,0
_1828,LJUBLJANA - BEŽIGRAD,2022-09-29 21:40,11,96,
_1828,LJUBLJANA - BEŽIGRAD,2022-09-29 21:50,11,96,
_1828,LJUBLJANA - BEŽIGRAD,2022-09-29 22:00,11,95,0
_1828,LJUBLJANA - BEŽIGRAD,2022-09-29 22:10,11,95,
_1828,LJUBLJANA - BEŽIGRAD,2022-09-29 22:20,11,95,
_1828,LJUBLJANA - BEŽIGRAD,2022-09-29 22:30,11,95,0
_1828,LJUBLJANA - BEŽIGRAD,2022-09-29 22:40,11,95,
_1828,LJUBLJANA - BEŽIGRAD,2022-09-29 22:50,11,95,
_1828,LJUBLJANA - BEŽIGRAD,2022-09-29 23:00,11,96,0.4
_1828,LJUBLJANA - BEŽIGRAD,2022-09-29 23:10,11,96,
_1828,LJUBLJANA - BEŽIGRAD,2022-09-29 23:20,11,96,
_1828,LJUBLJANA - BEŽIGRAD,2022-09-29 23:30,11.1,96,0.2
_1828,LJUBLJANA - BEŽIGRAD,2022-09-29 23:40,11,96,
_1828,LJUBLJANA - BEŽIGRAD,2022-09-29 23:50,11.1,96,
_1828,LJUBLJANA - BEŽIGRAD,2022-09-30 00:00,11,96,0
_1828,LJUBLJANA - BEŽIGRAD,2022-09-30 00:10,11,96,
_1828,LJUBLJANA - BEŽIGRAD,2022-09-30 00:20,11,96,
_1828,LJUBLJANA - BEŽIGRAD,2022-09-30 00:30,11.1,96,0
_1828,LJUBLJANA - BEŽIGRAD,2022-09-30 00:40,11.1,96,
_1828,LJUBLJANA - BEŽIGRAD,2022-09-30 00:50,11.2,96,
_1828,LJUBLJANA - BEŽIGRAD,2022-09-30 01:00,11.2,96,0.8
_1828,LJUBLJANA - BEŽIGRAD,2022-09-30 01:10,11.2,96,
_1828,LJUBLJANA - BEŽIGRAD,2022-09-30 01:20,11.3,97,
_1828,LJUBLJANA - BEŽIGRAD,2022-09-30 01:30,11.3,97,1.3
_1828,LJUBLJANA - BEŽIGRAD,2022-09-30 01:40,11.3,97,
_1828,LJUBLJANA - BEŽIGRAD,2022-09-30 01:50,11.3,97,
_1828,LJUBLJANA - BEŽIGRAD,2022-09-30 02:00,11.2,97,0.6
_1828,LJUBLJANA - BEŽIGRAD,2022-09-30 02:10,11.2,97,
_1828,LJUBLJANA - BEŽIGRAD,2022-09-30 02:20,11.2,97,
_1828,LJUBLJANA - BEŽIGRAD,2022-09-30 02:30,11.3,97,0
_1828,LJUBLJANA - BEŽIGRAD,2022-09-30 02:40,11.3,97,
_1828,LJUBLJANA - BEŽIGRAD,2022-09-30 02:50,11.4,97,
_1828,LJUBLJANA - BEŽIGRAD,2022-09-30 03:00,11.3,97,0.8
_1828,LJUBLJANA - BEŽIGRAD,2022-09-30 03:10,11.3,97,
_1828,LJUBLJANA - BEŽIGRAD,2022-09-30 03:20,11.4,97,
_1828,LJUBLJANA - BEŽIGRAD,2022-09-30 03:30,11.4,97,0.7
_1828,LJUBLJANA - BEŽIGRAD,2022-09-30 03:40,11.4,97,
_1828,LJUBLJANA - BEŽIGRAD,2022-09-30 03:50,11.5,97,
_1828,LJUBLJANA - BEŽIGRAD,2022-09-30 04:00,11.4,97,1.1
_1828,LJUBLJANA - BEŽIGRAD,2022-09-30 04:10,11.4,97,
_1828,LJUBLJANA - BEŽIGRAD,2022-09-30 04:20,11.3,97,
_1828,LJUBLJANA - BEŽIGRAD,2022-09-30 04:30,11.2,97,0.6
_1828,LJUBLJANA - BEŽIGRAD,2022-09-30 04:40,11.2,97,
_1828,LJUBLJANA - BEŽIGRAD,2022-09-30 04:50,11.2,97,
_1828,LJUBLJANA - BEŽIGRAD,2022-09-30 05:00,11.2,97,0.1
_1828,LJUBLJANA - BEŽIGRAD,2022-09-30 05:10,11.2,97,
_1828,LJUBLJANA - BEŽIGRAD,2022-09-30 05:20,11.2,97,
_1828,LJUBLJANA - BEŽIGRAD,2022-09-30 05:30,11.3,97,0.2
_1828,LJUBLJANA - BEŽIGRAD,2022-09-30 05:40,11.3,97,
_1828,LJUBLJANA - BEŽIGRAD,2022-09-30 05:50,11.3,97,
_1828,LJUBLJANA - BEŽIGRAD,2022-09-30 06:00,11.3,97,0.1
_1828,LJUBLJANA - BEŽIGRAD,2022-09-30 06:10,11.3,97,
_1828,LJUBLJANA - BEŽIGRAD,2022-09-30 06:20,11.2,97,
_1828,LJUBLJANA - BEŽIGRAD,2022-09-30 06:30,11.3,97,0.2
_1828,LJUBLJANA - BEŽIGRAD,2022-09-30 06:40,11.3,97,
_1828,LJUBLJANA - BEŽIGRAD,2022-09-30 06:50,11.3,97,
_1828,LJUBLJANA - BEŽIGRAD,2022-09-30 07:00,11.4,97,0
_1828,LJUBLJANA - BEŽIGRAD,2022-09-30 07:10,11.4,97,
_1828,LJUBLJANA - BEŽIGRAD,2022-09-30 07:20,11.6,97,
_1828,LJUBLJANA - BEŽIGRAD,2022-09-30 07:30,11.7,96,0
_1828,LJUBLJANA - BEŽIGRAD,2022-09-30 07:40,11.8,96,
_1828,LJUBLJANA - BEŽIGRAD,2022-09-30 07:50,11.9,95,
_1828,LJUBLJANA - BEŽIGRAD,2022-09-30 08:00,12.1,94,0
_1828,LJUBLJANA - BEŽIGRAD,2022-09-30 08:10,12.3,93,
_1828,LJUBLJANA - BEŽIGRAD,2022-09-30 08:20,12.6,92,
_1828,LJUBLJANA - BEŽIGRAD,2022-09-30 08:30,12.8,92,0
_1828,LJUBLJANA - BEŽIGRAD,2022-09-30 08:40,12.8,90,
_1828,LJUBLJANA - BEŽIGRAD,2022-09-30 08:50,13,90,
_1828,LJUBLJANA - BEŽIGRAD,2022-09-30 09:00,13.1,87,0
_1828,LJUBLJANA - BEŽIGRAD,2022-09-30 09:10,13.3,87,
_1828,LJUBLJANA - BEŽIGRAD,2022-09-30 09:20,13.4,88,
_1828,LJUBLJANA - BEŽIGRAD,2022-09-30 09:30,13.7,88,0
_1828,LJUBLJANA - BEŽIGRAD,2022-09-30 09:40,13.9,86,
_1828,LJUBLJANA - BEŽIGRAD,2022-09-30 09:50,13.9,85,
_1828,LJUBLJANA - BEŽIGRAD,2022-09-30 10:00,14,84,0
_1828,LJUBLJANA - BEŽIGRAD,2022-09-30 10:10,14.3,82,
_1828,LJUBLJANA - BEŽIGRAD,2022-09-30 10:20,14.5,82,
_1828,LJUBLJANA - BEŽIGRAD,2022-09-30 10:30,15.3,80,0
_1828,LJUBLJANA - BEŽIGRAD,2022-09-30 10:40,15.2,79,
_1828,LJUBLJANA - BEŽIGRAD,2022-09-30 10:50,15.1,79,
_1828,LJUBLJANA - BEŽIGRAD,2022-09-30 11:00,15.3,79,0
_1828,LJUBLJANA - BEŽIGRAD,2022-09-30 11:10,15.3,78,
_1828,LJUBLJANA - BEŽIGRAD,2022-09-30 11:20,15.6,77,
_1828,LJUBLJANA - BEŽIGRAD,2022-09-30 11:30,16,76,0
_1828,LJUBLJANA - BEŽIGRAD,2022-09-30 11:40,15.9,75,
_1828,LJUBLJANA - BEŽIGRAD,2022-09-30 11:50,16.4,74,
_1828,LJUBLJANA - BEŽIGRAD,2022-09-30 12:00,16.6,72,0
_1828,LJUBLJANA - BEŽIGRAD,2022-09-30 12:10,16.9,72,
_1828,LJUBLJANA - BEŽIGRAD,2022-09-30 12:20,16.9,72,
_1828,LJUBLJANA - BEŽIGRAD,2022-09-30 12:30,16.9,71,0
_1828,LJUBLJANA - BEŽIGRAD,2022-09-30 12:40,17.2,70,
_1828,LJUBLJANA - BEŽIGRAD,2022-09-30 12:50,17.4,70,
_1828,LJUBLJANA - BEŽIGRAD,2022-09-30 13:00,17.3,71,0
_1828,LJUBLJANA - BEŽIGRAD,2022-09-30 13:10,17.1,73,
_1828,LJUBLJANA - BEŽIGRAD,2022-09-30 13:20,17,72,
_1828,LJUBLJANA - BEŽIGRAD,2022-09-30 13:30,16.9,73,0
_1828,LJUBLJANA - BEŽIGRAD,2022-09-30 13:40,16.8,72,
_1828,LJUBLJANA - BEŽIGRAD,2022-09-30 13:50,16.9,72,
_1828,LJUBLJANA - BEŽIGRAD,2022-09-30 14:00,16.9,72,0
_1828,LJUBLJANA - BEŽIGRAD,2022-09-30 14:10,16.9,72,
_1828,LJUBLJANA - BEŽIGRAD,2022-09-30 14:20,16.8,72,
_1828,LJUBLJANA - BEŽIGRAD,2022-09-30 14:30,16.8,72,0
_1828,LJUBLJANA - BEŽIGRAD,2022-09-30 14:40,16.8,72,
_1828,LJUBLJANA - BEŽIGRAD,2022-09-30 14:50,16.8,75,
_1828,LJUBLJANA - BEŽIGRAD,2022-09-30 15:00,16.5,78,0
_1828,LJUBLJANA - BEŽIGRAD,2022-09-30 15:10,16.4,79,
_1828,LJUBLJANA - BEŽIGRAD,2022-09-30 15:20,16.4,78,
_1828,LJUBLJANA - BEŽIGRAD,2022-09-30 15:30,16.3,79,0.2
_1828,LJUBLJANA - BEŽIGRAD,2022-09-30 15:40,16.1,83,
_1828,LJUBLJANA - BEŽIGRAD,2022-09-30 15:50,15.9,86,
_1828,LJUBLJANA - BEŽIGRAD,2022-09-30 16:00,15.9,87,0.6
_1828,LJUBLJANA - BEŽIGRAD,2022-09-30 16:10,15.8,89,
_1828,LJUBLJANA - BEŽIGRAD,2022-09-30 16:20,15.7,90,
_1828,LJUBLJANA - BEŽIGRAD,2022-09-30 16:30,15.5,91,0.2
_1828,LJUBLJANA - BEŽIGRAD,2022-09-30 16:40,15.3,91,
_1828,LJUBLJANA - BEŽIGRAD,2022-09-30 16:50,15.1,92,
_1828,LJUBLJANA - BEŽIGRAD,2022-09-30 17:00,15.1,93,0.2
_1828,LJUBLJANA - BEŽIGRAD,2022-09-30 17:10,15,93,
_1828,LJUBLJANA - BEŽIGRAD,2022-09-30 17:20,15,94,
_1828,LJUBLJANA - BEŽIGRAD,2022-09-30 17:30,14.9,94,0.2
_1828,LJUBLJANA - BEŽIGRAD,2022-09-30 17:40,14.9,94,
_1828,LJUBLJANA - BEŽIGRAD,2022-09-30 17:50,14.8,95,
_1828,LJUBLJANA - BEŽIGRAD,2022-09-30 18:00,14.7,95,1.8
_1828,LJUBLJANA - BEŽIGRAD,2022-09-30 18:10,14.6,95,
_1828,LJUBLJANA - BEŽIGRAD,2022-09-30 18:20,14.5,95,
_1828,LJUBLJANA - BEŽIGRAD,2022-09-30 18:30,14.5,96,0.9
_1828,LJUBLJANA - BEŽIGRAD,2022-09-30 18:40,14.4,96,
_1828,LJUBLJANA - BEŽIGRAD,2022-09-30 18:50,14.5,96,
_1828,LJUBLJANA - BEŽIGRAD,2022-09-30 19:00,14.4,96,1.1
_1828,LJUBLJANA - BEŽIGRAD,2022-09-30 19:10,14.4,97,
_1828,LJUBLJANA - BEŽIGRAD,2022-09-30 19:20,14.4,96,
_1828,LJUBLJANA - BEŽIGRAD,2022-09-30 19:30,14.4,97,1.9
_1828,LJUBLJANA - BEŽIGRAD,2022-09-30 19:40,14.3,97,
_1828,LJUBLJANA - BEŽIGRAD,2022-09-30 19:50,14.3,97,
_1828,LJUBLJANA - BEŽIGRAD,2022-09-30 20:00,14.3,97,1.1
_1828,LJUBLJANA - BEŽIGRAD,2022-09-30 20:10,14.2,97,
_1828,LJUBLJANA - BEŽIGRAD,2022-09-30 20:20,14.2,97,
_1828,LJUBLJANA - BEŽIGRAD,2022-09-30 20:30,14.2,97,2.4
_1828,LJUBLJANA - BEŽIGRAD,2022-09-30 20:40,14.2,97,
_1828,LJUBLJANA - BEŽIGRAD,2022-09-30 20:50,14.1,97,
_1828,LJUBLJANA - BEŽIGRAD,2022-09-30 21:00,14.1,97,0.9
_1828,LJUBLJANA - BEŽIGRAD,2022-09-30 21:10,14.1,97,
_1828,LJUBLJANA - BEŽIGRAD,2022-09-30 21:20,14.1,97,
_1828,LJUBLJANA - BEŽIGRAD,2022-09-30 21:30,14,97,1.9
_1828,LJUBLJANA - BEŽIGRAD,2022-09-30 21:40,14,97,
_1828,LJUBLJANA - BEŽIGRAD,2022-09-30 21:50,14,97,
_1828,LJUBLJANA - BEŽIGRAD,2022-09-30 22:00,13.9,97,1.6
_1828,LJUBLJANA - BEŽIGRAD,2022-09-30 22:10,13.8,97,
_1828,LJUBLJANA - BEŽIGRAD,2022-09-30 22:20,13.8,97,
_1828,LJUBLJANA - BEŽIGRAD,2022-09-30 22:30,13.8,97,0
_1828,LJUBLJANA - BEŽIGRAD,2022-09-30 22:40,13.8,97,
_1828,LJUBLJANA - BEŽIGRAD,2022-09-30 22:50,13.8,97,
_1828,LJUBLJANA - BEŽIGRAD,2022-09-30 23:00,13.8,97,0.4
_1828,LJUBLJANA - BEŽIGRAD,2022-09-30 23:10,13.8,97,
_1828,LJUBLJANA - BEŽIGRAD,2022-09-30 23:20,13.8,98,
_1828,LJUBLJANA - BEŽIGRAD,2022-09-30 23:30,13.8,97,0
_1828,LJUBLJANA - BEŽIGRAD,2022-09-30 23:40,13.8,97,
_1828,LJUBLJANA - BEŽIGRAD,2022-09-30 23:50,13.8,97,